city,area,road,dd_lat,dd_long,dms_lat,dms_long
New Taipei City,,,25.022574,121.479312,"25°01'21.27""N","121°28'45.52""E"
New Taipei City,,,25.022503,121.479337,"25°01'21.01""N","121°28'45.61""E"
New Taipei City,,,25.022169,121.479403,"25°01'19.81""N","121°28'45.85""E"
New Taipei City,,,25.059867,121.473031,"25°03'35.52""N","121°28'22.91""E"
New Taipei City,,,24.995594,121.507472,"24°59'44.14""N","121°30'26.90""E"
New Taipei City,,,24.975478,121.415417,"24°58'31.72""N","121°24'55.50""E"
New Taipei City,,,24.996045,121.506903,"24°59'45.76""N","121°30'24.85""E"
New Taipei City,,,24.996921,121.506331,"24°59'48.92""N","121°30'22.79""E"
New Taipei City,,,24.993677,121.511522,"24°59'37.24""N","121°30'41.48""E"
New Taipei City,,,24.998324,121.506039,"24°59'53.97""N","121°30'21.74""E"
New Taipei City,,,24.998373,121.506037,"24°59'54.14""N","121°30'21.73""E"
New Taipei City,,,24.998423,121.506036,"24°59'54.32""N","121°30'21.73""E"
New Taipei City,,,24.993523,121.511735,"24°59'36.68""N","121°30'42.25""E"
New Taipei City,,,24.993555,121.511694,"24°59'36.80""N","121°30'42.10""E"
New Taipei City,,,24.994521,121.510113,"24°59'40.28""N","121°30'36.41""E"
New Taipei City,,,24.999628,121.518981,"24°59'58.66""N","121°31'08.33""E"
New Taipei City,,,24.994658,121.509687,"24°59'40.77""N","121°30'34.87""E"
New Taipei City,,,24.994066,121.510955,"24°59'38.64""N","121°30'39.44""E"
New Taipei City,,,25.005875,121.50786,"25°00'21.15""N","121°30'28.30""E"
New Taipei City,,,24.994006,121.511042,"24°59'38.42""N","121°30'39.75""E"
New Taipei City,,,24.975484,121.415363,"24°58'31.74""N","121°24'55.31""E"
New Taipei City,,,24.993916,121.511172,"24°59'38.10""N","121°30'40.22""E"
New Taipei City,,,24.993946,121.511129,"24°59'38.21""N","121°30'40.06""E"
New Taipei City,,,24.994211,121.510733,"24°59'39.16""N","121°30'38.64""E"
New Taipei City,,,24.995354,121.507873,"24°59'43.27""N","121°30'28.34""E"
New Taipei City,,,24.994977,121.508698,"24°59'41.92""N","121°30'31.31""E"
New Taipei City,,,24.995144,121.508303,"24°59'42.52""N","121°30'29.89""E"
New Taipei City,,,24.995813,121.507174,"24°59'44.93""N","121°30'25.83""E"
New Taipei City,,,24.995845,121.507132,"24°59'45.04""N","121°30'25.68""E"
New Taipei City,,,24.99538,121.507826,"24°59'43.37""N","121°30'28.17""E"
New Taipei City,,,24.995017,121.508597,"24°59'42.06""N","121°30'30.95""E"
New Taipei City,,,24.995037,121.508548,"24°59'42.13""N","121°30'30.77""E"
New Taipei City,,,24.995328,121.507919,"24°59'43.18""N","121°30'28.51""E"
New Taipei City,,,24.957469,121.538085,"24°57'26.89""N","121°32'17.11""E"
New Taipei City,,,24.934563,121.367331,"24°56'04.43""N","121°22'02.39""E"
New Taipei City,,,25.053408,121.442101,"25°03'12.27""N","121°26'31.56""E"
New Taipei City,,,25.078996,121.461205,"25°04'44.39""N","121°27'40.34""E"
New Taipei City,,,25.078976,121.461254,"25°04'44.31""N","121°27'40.51""E"
New Taipei City,,,25.048578,121.442054,"25°02'54.88""N","121°26'31.39""E"
New Taipei City,,,25.048529,121.442053,"25°02'54.70""N","121°26'31.39""E"
New Taipei City,,,25.048479,121.442053,"25°02'54.52""N","121°26'31.39""E"
New Taipei City,,,24.948472,121.381454,"24°56'54.50""N","121°22'53.23""E"
New Taipei City,,,25.073162,121.659016,"25°04'23.38""N","121°39'32.46""E"
New Taipei City,,,25.030618,121.434377,"25°01'50.22""N","121°26'03.76""E"
New Taipei City,,,24.942302,121.374918,"24°56'32.29""N","121°22'29.70""E"
New Taipei City,,,24.942377,121.374989,"24°56'32.56""N","121°22'29.96""E"
New Taipei City,,,24.973448,121.332382,"24°58'24.41""N","121°19'56.58""E"
New Taipei City,,,24.973128,121.331965,"24°58'23.26""N","121°19'55.07""E"
New Taipei City,,,24.973064,121.331882,"24°58'23.03""N","121°19'54.78""E"
New Taipei City,,,24.97332,121.332215,"24°58'23.95""N","121°19'55.97""E"
New Taipei City,,,24.973192,121.332049,"24°58'23.49""N","121°19'55.38""E"
New Taipei City,,,24.973256,121.332132,"24°58'23.72""N","121°19'55.68""E"
New Taipei City,,,24.973574,121.33255,"24°58'24.87""N","121°19'57.18""E"
New Taipei City,,,24.973121,121.331784,"24°58'23.24""N","121°19'54.42""E"
New Taipei City,,,24.973152,121.331826,"24°58'23.35""N","121°19'54.57""E"
New Taipei City,,,24.973647,121.332494,"24°58'25.13""N","121°19'56.98""E"
New Taipei City,,,24.974362,121.333441,"24°58'27.70""N","121°20'00.39""E"
New Taipei City,,,24.973544,121.331177,"24°58'24.76""N","121°19'52.24""E"
New Taipei City,,,24.973662,121.331069,"24°58'25.18""N","121°19'51.85""E"
New Taipei City,,,24.973739,121.331,"24°58'25.46""N","121°19'51.60""E"
New Taipei City,,,25.001956,121.518501,"25°00'07.04""N","121°31'06.60""E"
New Taipei City,,,24.968014,121.54536,"24°58'04.85""N","121°32'43.30""E"
New Taipei City,,,25.052968,121.429514,"25°03'10.68""N","121°25'46.25""E"
New Taipei City,,,25.014323,121.474828,"25°00'51.56""N","121°28'29.38""E"
New Taipei City,,,25.077672,121.490871,"25°04'39.62""N","121°29'27.14""E"
New Taipei City,,,25.075927,121.377597,"25°04'33.34""N","121°22'39.35""E"
New Taipei City,,,25.0749,121.374778,"25°04'29.64""N","121°22'29.20""E"
New Taipei City,,,25.074935,121.37488,"25°04'29.77""N","121°22'29.57""E"
New Taipei City,,,24.995944,121.507012,"24°59'45.40""N","121°30'25.24""E"
New Taipei City,,,24.949544,121.349206,"24°56'58.36""N","121°20'57.14""E"
New Taipei City,,,24.985024,121.536879,"24°59'06.09""N","121°32'12.76""E"
New Taipei City,,,25.075361,121.36874,"25°04'31.30""N","121°22'07.46""E"
New Taipei City,,,25.005593,121.510935,"25°00'20.13""N","121°30'39.37""E"
New Taipei City,,,25.005548,121.510977,"25°00'19.97""N","121°30'39.52""E"
New Taipei City,,,25.006752,121.509833,"25°00'24.31""N","121°30'35.40""E"
New Taipei City,,,25.004373,121.516883,"25°00'15.74""N","121°31'00.78""E"
New Taipei City,,,25.004357,121.516738,"25°00'15.69""N","121°31'00.26""E"
New Taipei City,,,25.005352,121.511354,"25°00'19.27""N","121°30'40.87""E"
New Taipei City,,,25.005271,121.511237,"25°00'18.98""N","121°30'40.45""E"
New Taipei City,,,25.005182,121.511327,"25°00'18.66""N","121°30'40.78""E"
New Taipei City,,,25.006947,121.511216,"25°00'25.01""N","121°30'40.38""E"
New Taipei City,,,25.001599,121.503002,"25°00'05.76""N","121°30'10.81""E"
New Taipei City,,,24.984462,121.537118,"24°59'04.06""N","121°32'13.62""E"
New Taipei City,,,24.997558,121.496243,"24°59'51.21""N","121°29'46.47""E"
New Taipei City,,,25.074999,121.374585,"25°04'30.00""N","121°22'28.51""E"
New Taipei City,,,25.06739,121.358514,"25°04'02.60""N","121°21'30.65""E"
New Taipei City,,,25.067444,121.358517,"25°04'02.80""N","121°21'30.66""E"
New Taipei City,,,25.0684,121.358984,"25°04'06.24""N","121°21'32.34""E"
New Taipei City,,,25.018494,121.455729,"25°01'06.58""N","121°27'20.62""E"
New Taipei City,,,25.069527,121.374382,"25°04'10.30""N","121°22'27.78""E"
New Taipei City,,,24.942265,121.375838,"24°56'32.15""N","121°22'33.02""E"
New Taipei City,,,24.942967,121.375192,"24°56'34.68""N","121°22'30.69""E"
New Taipei City,,,24.943947,121.374437,"24°56'38.21""N","121°22'27.97""E"
New Taipei City,,,24.980305,121.412598,"24°58'49.10""N","121°24'45.35""E"
New Taipei City,,,24.980303,121.412652,"24°58'49.09""N","121°24'45.55""E"
New Taipei City,,,24.98029,121.412954,"24°58'49.04""N","121°24'46.63""E"
New Taipei City,,,24.980262,121.413353,"24°58'48.94""N","121°24'48.07""E"
New Taipei City,,,25.017953,121.459012,"25°01'04.63""N","121°27'32.44""E"
New Taipei City,,,24.980697,121.411197,"24°58'50.51""N","121°24'40.31""E"
New Taipei City,,,24.999744,121.513552,"24°59'59.08""N","121°30'48.79""E"
New Taipei City,,,24.999704,121.513519,"24°59'58.93""N","121°30'48.67""E"
New Taipei City,,,24.999665,121.513486,"24°59'58.79""N","121°30'48.55""E"
New Taipei City,,,25.058728,121.45611,"25°03'31.42""N","121°27'22.00""E"
New Taipei City,,,24.999583,121.513417,"24°59'58.50""N","121°30'48.30""E"
New Taipei City,,,25.044134,121.454656,"25°02'38.88""N","121°27'16.76""E"
New Taipei City,,,25.044122,121.454592,"25°02'38.84""N","121°27'16.53""E"
New Taipei City,,,24.982695,121.453273,"24°58'57.70""N","121°27'11.78""E"
New Taipei City,,,25.059674,121.490352,"25°03'34.83""N","121°29'25.27""E"
New Taipei City,,,24.969445,121.396967,"24°58'10.00""N","121°23'49.08""E"
New Taipei City,,,24.969483,121.397001,"24°58'10.14""N","121°23'49.20""E"
New Taipei City,,,24.969522,121.397035,"24°58'10.28""N","121°23'49.33""E"
New Taipei City,,,24.969561,121.397069,"24°58'10.42""N","121°23'49.45""E"
New Taipei City,,,24.969601,121.3971,"24°58'10.56""N","121°23'49.56""E"
New Taipei City,,,24.969643,121.397128,"24°58'10.71""N","121°23'49.66""E"
New Taipei City,,,24.969685,121.397157,"24°58'10.87""N","121°23'49.77""E"
New Taipei City,,,24.969772,121.397209,"24°58'11.18""N","121°23'49.95""E"
New Taipei City,,,24.969728,121.397184,"24°58'11.02""N","121°23'49.86""E"
New Taipei City,,,24.969816,121.397235,"24°58'11.34""N","121°23'50.05""E"
New Taipei City,,,24.969996,121.397324,"24°58'11.99""N","121°23'50.37""E"
New Taipei City,,,24.970134,121.397383,"24°58'12.48""N","121°23'50.58""E"
New Taipei City,,,24.970088,121.397364,"24°58'12.32""N","121°23'50.51""E"
New Taipei City,,,24.970194,121.400011,"24°58'12.70""N","121°24'00.04""E"
New Taipei City,,,24.970206,121.400174,"24°58'12.74""N","121°24'00.63""E"
New Taipei City,,,24.970202,121.40012,"24°58'12.73""N","121°24'00.43""E"
New Taipei City,,,24.970249,121.400859,"24°58'12.90""N","121°24'03.09""E"
New Taipei City,,,24.970246,121.400804,"24°58'12.89""N","121°24'02.89""E"
New Taipei City,,,25.079492,121.376914,"25°04'46.17""N","121°22'36.89""E"
New Taipei City,,,25.07945,121.376877,"25°04'46.02""N","121°22'36.76""E"
New Taipei City,,,24.978668,121.54002,"24°58'43.20""N","121°32'24.07""E"
New Taipei City,,,24.978823,121.540814,"24°58'43.76""N","121°32'26.93""E"
New Taipei City,,,25.00781,121.462094,"25°00'28.12""N","121°27'43.54""E"
New Taipei City,,,24.966493,121.440026,"24°57'59.37""N","121°26'24.09""E"
New Taipei City,,,24.966459,121.439987,"24°57'59.25""N","121°26'23.95""E"
New Taipei City,,,25.023634,121.458843,"25°01'25.08""N","121°27'31.83""E"
New Taipei City,,,25.013692,121.456416,"25°00'49.29""N","121°27'23.10""E"
New Taipei City,,,25.160403,121.425686,"25°09'37.45""N","121°25'32.47""E"
New Taipei City,,,25.01421,121.456488,"25°00'51.16""N","121°27'23.36""E"
New Taipei City,,,25.051082,121.492428,"25°03'03.90""N","121°29'32.74""E"
New Taipei City,,,24.998138,121.430959,"24°59'53.30""N","121°25'51.45""E"
New Taipei City,,,24.998189,121.430977,"24°59'53.48""N","121°25'51.52""E"
New Taipei City,,,24.998246,121.431001,"24°59'53.69""N","121°25'51.60""E"
New Taipei City,,,24.998296,121.431023,"24°59'53.87""N","121°25'51.68""E"
New Taipei City,,,24.998344,121.431048,"24°59'54.04""N","121°25'51.77""E"
New Taipei City,,,24.998752,121.431335,"24°59'55.51""N","121°25'52.81""E"
New Taipei City,,,24.955782,121.346227,"24°57'20.82""N","121°20'46.42""E"
New Taipei City,,,25.058791,121.498714,"25°03'31.65""N","121°29'55.37""E"
New Taipei City,,,25.058839,121.498703,"25°03'31.82""N","121°29'55.33""E"
New Taipei City,,,25.058888,121.498693,"25°03'32.00""N","121°29'55.29""E"
New Taipei City,,,25.086144,121.469226,"25°05'10.12""N","121°28'09.21""E"
New Taipei City,,,25.087735,121.474313,"25°05'15.85""N","121°28'27.53""E"
New Taipei City,,,25.087701,121.474354,"25°05'15.72""N","121°28'27.67""E"
New Taipei City,,,25.00511,121.415074,"25°00'18.40""N","121°24'54.27""E"
New Taipei City,,,25.005163,121.41506,"25°00'18.59""N","121°24'54.22""E"
New Taipei City,,,25.005216,121.415048,"25°00'18.78""N","121°24'54.17""E"
New Taipei City,,,25.005269,121.415037,"25°00'18.97""N","121°24'54.13""E"
New Taipei City,,,25.005323,121.415028,"25°00'19.16""N","121°24'54.10""E"
New Taipei City,,,24.977576,121.424696,"24°58'39.27""N","121°25'28.91""E"
New Taipei City,,,25.017891,121.458323,"25°01'04.41""N","121°27'29.96""E"
New Taipei City,,,25.028037,121.471478,"25°01'40.93""N","121°28'17.32""E"
New Taipei City,,,25.052809,121.45039,"25°03'10.11""N","121°27'01.40""E"
New Taipei City,,,24.995694,121.4593,"24°59'44.50""N","121°27'33.48""E"
New Taipei City,,,25.078427,121.393808,"25°04'42.34""N","121°23'37.71""E"
New Taipei City,,,24.992481,121.45203,"24°59'32.93""N","121°27'07.31""E"
New Taipei City,,,24.948128,121.38053,"24°56'53.26""N","121°22'49.91""E"
New Taipei City,,,25.060307,121.472018,"25°03'37.11""N","121°28'19.26""E"
New Taipei City,,,25.093808,121.444989,"25°05'37.71""N","121°26'41.96""E"
New Taipei City,,,24.996139,121.462388,"24°59'46.10""N","121°27'44.60""E"
New Taipei City,,,24.988936,121.429396,"24°59'20.17""N","121°25'45.83""E"
New Taipei City,,,25.085012,121.488371,"25°05'06.04""N","121°29'18.14""E"
New Taipei City,,,25.004629,121.430556,"25°00'16.66""N","121°25'50.00""E"
New Taipei City,,,25.005246,121.431675,"25°00'18.89""N","121°25'54.03""E"
New Taipei City,,,25.005391,121.431938,"25°00'19.41""N","121°25'54.98""E"
New Taipei City,,,25.05225,121.456283,"25°03'08.10""N","121°27'22.62""E"
New Taipei City,,,25.013767,121.424194,"25°00'49.56""N","121°25'27.10""E"
New Taipei City,,,25.013726,121.424205,"25°00'49.41""N","121°25'27.14""E"
New Taipei City,,,24.992794,121.459947,"24°59'34.06""N","121°27'35.81""E"
New Taipei City,,,25.011432,121.486647,"25°00'41.16""N","121°29'11.93""E"
New Taipei City,,,25.026041,121.462252,"25°01'33.75""N","121°27'44.11""E"
New Taipei City,,,25.026389,121.462041,"25°01'35.00""N","121°27'43.35""E"
New Taipei City,,,25.026084,121.462226,"25°01'33.90""N","121°27'44.01""E"
New Taipei City,,,25.026128,121.462199,"25°01'34.06""N","121°27'43.92""E"
New Taipei City,,,25.086348,121.495855,"25°05'10.85""N","121°29'45.08""E"
New Taipei City,,,25.086319,121.495899,"25°05'10.75""N","121°29'45.24""E"
New Taipei City,,,25.086378,121.495811,"25°05'10.96""N","121°29'44.92""E"
New Taipei City,,,25.086407,121.495767,"25°05'11.07""N","121°29'44.76""E"
New Taipei City,,,25.086436,121.495723,"25°05'11.17""N","121°29'44.60""E"
New Taipei City,,,25.086466,121.495679,"25°05'11.28""N","121°29'44.44""E"
New Taipei City,,,25.086495,121.495635,"25°05'11.38""N","121°29'44.29""E"
New Taipei City,,,25.086617,121.495749,"25°05'11.82""N","121°29'44.70""E"
New Taipei City,,,24.989318,121.415557,"24°59'21.54""N","121°24'56.01""E"
New Taipei City,,,24.989272,121.415535,"24°59'21.38""N","121°24'55.93""E"
New Taipei City,,,24.989183,121.415487,"24°59'21.06""N","121°24'55.75""E"
New Taipei City,,,24.989138,121.415463,"24°59'20.90""N","121°24'55.67""E"
New Taipei City,,,24.989094,121.41544,"24°59'20.74""N","121°24'55.58""E"
New Taipei City,,,24.98905,121.415416,"24°59'20.58""N","121°24'55.50""E"
New Taipei City,,,24.989005,121.415393,"24°59'20.42""N","121°24'55.41""E"
New Taipei City,,,24.988961,121.415369,"24°59'20.26""N","121°24'55.33""E"
New Taipei City,,,25.088215,121.459134,"25°05'17.57""N","121°27'32.88""E"
New Taipei City,,,25.088216,121.459188,"25°05'17.58""N","121°27'33.08""E"
New Taipei City,,,25.088218,121.459243,"25°05'17.58""N","121°27'33.27""E"
New Taipei City,,,24.988737,121.415252,"24°59'19.45""N","121°24'54.91""E"
New Taipei City,,,24.988692,121.415229,"24°59'19.29""N","121°24'54.82""E"
New Taipei City,,,24.972708,121.331382,"24°58'21.75""N","121°19'52.98""E"
New Taipei City,,,24.972616,121.331253,"24°58'21.42""N","121°19'52.51""E"
New Taipei City,,,24.988645,121.415205,"24°59'19.12""N","121°24'54.74""E"
New Taipei City,,,24.988599,121.41518,"24°59'18.96""N","121°24'54.65""E"
New Taipei City,,,24.988047,121.414884,"24°59'16.97""N","121°24'53.58""E"
New Taipei City,,,24.988002,121.414861,"24°59'16.81""N","121°24'53.50""E"
New Taipei City,,,24.987957,121.414838,"24°59'16.65""N","121°24'53.42""E"
New Taipei City,,,24.987912,121.414814,"24°59'16.48""N","121°24'53.33""E"
New Taipei City,,,24.987868,121.414791,"24°59'16.32""N","121°24'53.25""E"
New Taipei City,,,24.987823,121.414767,"24°59'16.16""N","121°24'53.16""E"
New Taipei City,,,24.987687,121.414697,"24°59'15.67""N","121°24'52.91""E"
New Taipei City,,,24.987642,121.414674,"24°59'15.51""N","121°24'52.83""E"
New Taipei City,,,24.987597,121.41465,"24°59'15.35""N","121°24'52.74""E"
New Taipei City,,,24.987551,121.414626,"24°59'15.18""N","121°24'52.65""E"
New Taipei City,,,25.070622,121.357497,"25°04'14.24""N","121°21'26.99""E"
New Taipei City,,,25.072418,121.495999,"25°04'20.70""N","121°29'45.60""E"
New Taipei City,,,24.98746,121.414579,"24°59'14.86""N","121°24'52.48""E"
New Taipei City,,,24.987416,121.414555,"24°59'14.70""N","121°24'52.40""E"
New Taipei City,,,24.987372,121.414532,"24°59'14.54""N","121°24'52.32""E"
New Taipei City,,,24.987327,121.414508,"24°59'14.38""N","121°24'52.23""E"
New Taipei City,,,25.072183,121.495583,"25°04'19.86""N","121°29'44.10""E"
New Taipei City,,,25.006566,121.482384,"25°00'23.64""N","121°28'56.58""E"
New Taipei City,,,25.006371,121.482451,"25°00'22.94""N","121°28'56.82""E"
New Taipei City,,,25.006661,121.482346,"25°00'23.98""N","121°28'56.45""E"
New Taipei City,,,25.025271,121.435047,"25°01'30.98""N","121°26'06.17""E"
New Taipei City,,,25.025317,121.435047,"25°01'31.14""N","121°26'06.17""E"
New Taipei City,,,25.02538,121.435045,"25°01'31.37""N","121°26'06.16""E"
New Taipei City,,,25.025426,121.435045,"25°01'31.53""N","121°26'06.16""E"
New Taipei City,,,25.02549,121.435042,"25°01'31.76""N","121°26'06.15""E"
New Taipei City,,,25.025536,121.435041,"25°01'31.93""N","121°26'06.15""E"
New Taipei City,,,25.025644,121.435037,"25°01'32.32""N","121°26'06.13""E"
New Taipei City,,,25.025707,121.435035,"25°01'32.55""N","121°26'06.13""E"
New Taipei City,,,25.025817,121.435031,"25°01'32.94""N","121°26'06.11""E"
New Taipei City,,,25.068596,121.482852,"25°04'06.95""N","121°28'58.27""E"
New Taipei City,,,25.006708,121.482322,"25°00'24.15""N","121°28'56.36""E"
New Taipei City,,,25.020849,121.429615,"25°01'15.06""N","121°25'46.61""E"
New Taipei City,,,25.02076,121.430523,"25°01'14.74""N","121°25'49.88""E"
New Taipei City,,,25.020477,121.433185,"25°01'13.72""N","121°25'59.47""E"
New Taipei City,,,25.02047,121.433249,"25°01'13.69""N","121°25'59.70""E"
New Taipei City,,,25.076242,121.370779,"25°04'34.47""N","121°22'14.80""E"
New Taipei City,,,25.020588,121.43226,"25°01'14.12""N","121°25'56.14""E"
New Taipei City,,,25.017662,121.427507,"25°01'03.58""N","121°25'39.03""E"
New Taipei City,,,24.99565,121.459077,"24°59'44.34""N","121°27'32.68""E"
New Taipei City,,,24.995511,121.458442,"24°59'43.84""N","121°27'30.39""E"
New Taipei City,,,24.995441,121.458067,"24°59'43.59""N","121°27'29.04""E"
New Taipei City,,,24.995417,121.457935,"24°59'43.50""N","121°27'28.57""E"
New Taipei City,,,25.047157,121.45242,"25°02'49.77""N","121°27'08.71""E"
New Taipei City,,,25.047112,121.452443,"25°02'49.60""N","121°27'08.79""E"
New Taipei City,,,25.00697,121.482168,"25°00'25.09""N","121°28'55.80""E"
New Taipei City,,,25.006882,121.482223,"25°00'24.78""N","121°28'56.00""E"
New Taipei City,,,25.006926,121.482196,"25°00'24.93""N","121°28'55.91""E"
New Taipei City,,,25.007059,121.482111,"25°00'25.41""N","121°28'55.60""E"
New Taipei City,,,24.995233,121.508108,"24°59'42.84""N","121°30'29.19""E"
New Taipei City,,,24.994959,121.508748,"24°59'41.85""N","121°30'31.49""E"
New Taipei City,,,24.994997,121.508647,"24°59'41.99""N","121°30'31.13""E"
New Taipei City,,,24.975007,121.413241,"24°58'30.03""N","121°24'47.67""E"
New Taipei City,,,24.995877,121.507092,"24°59'45.16""N","121°30'25.53""E"
New Taipei City,,,24.996581,121.506514,"24°59'47.69""N","121°30'23.45""E"
New Taipei City,,,24.996832,121.506379,"24°59'48.60""N","121°30'22.96""E"
New Taipei City,,,24.996624,121.506489,"24°59'47.85""N","121°30'23.36""E"
New Taipei City,,,24.995256,121.50806,"24°59'42.92""N","121°30'29.02""E"
New Taipei City,,,24.995748,121.507257,"24°59'44.69""N","121°30'26.13""E"
New Taipei City,,,24.995716,121.507299,"24°59'44.58""N","121°30'26.28""E"
New Taipei City,,,24.995781,121.507216,"24°59'44.81""N","121°30'25.98""E"
New Taipei City,,,24.996083,121.506868,"24°59'45.90""N","121°30'24.72""E"
New Taipei City,,,24.996121,121.506833,"24°59'46.04""N","121°30'24.60""E"
New Taipei City,,,24.996159,121.506798,"24°59'46.17""N","121°30'24.47""E"
New Taipei City,,,24.996197,121.506763,"24°59'46.31""N","121°30'24.35""E"
New Taipei City,,,24.996537,121.506539,"24°59'47.53""N","121°30'23.54""E"
New Taipei City,,,24.996449,121.506591,"24°59'47.22""N","121°30'23.73""E"
New Taipei City,,,24.996407,121.506617,"24°59'47.07""N","121°30'23.82""E"
New Taipei City,,,24.996364,121.506646,"24°59'46.91""N","121°30'23.93""E"
New Taipei City,,,24.998921,121.50603,"24°59'56.12""N","121°30'21.71""E"
New Taipei City,,,24.998971,121.50603,"24°59'56.30""N","121°30'21.71""E"
New Taipei City,,,24.974504,121.413084,"24°58'28.21""N","121°24'47.10""E"
New Taipei City,,,24.99902,121.506029,"24°59'56.47""N","121°30'21.70""E"
New Taipei City,,,24.999525,121.506027,"24°59'58.29""N","121°30'21.70""E"
New Taipei City,,,24.999277,121.506033,"24°59'57.40""N","121°30'21.72""E"
New Taipei City,,,24.999326,121.506032,"24°59'57.57""N","121°30'21.72""E"
New Taipei City,,,24.999376,121.506031,"24°59'57.75""N","121°30'21.71""E"
New Taipei City,,,25.017582,121.482838,"25°01'03.30""N","121°28'58.22""E"
New Taipei City,,,25.017551,121.482795,"25°01'03.18""N","121°28'58.06""E"
New Taipei City,,,24.974457,121.413067,"24°58'28.05""N","121°24'47.04""E"
New Taipei City,,,24.974038,121.412829,"24°58'26.54""N","121°24'46.18""E"
New Taipei City,,,24.973864,121.412633,"24°58'25.91""N","121°24'45.48""E"
New Taipei City,,,24.986458,121.451206,"24°59'11.25""N","121°27'04.34""E"
New Taipei City,,,25.060766,121.502524,"25°03'38.76""N","121°30'09.09""E"
New Taipei City,,,25.05333,121.492396,"25°03'11.99""N","121°29'32.63""E"
New Taipei City,,,25.078814,121.500994,"25°04'43.73""N","121°30'03.58""E"
New Taipei City,,,24.936459,121.360554,"24°56'11.25""N","121°21'37.99""E"
New Taipei City,,,24.996528,121.519985,"24°59'47.50""N","121°31'11.95""E"
New Taipei City,,,24.9344,121.36926,"24°56'03.84""N","121°22'09.34""E"
New Taipei City,,,24.93002,121.374725,"24°55'48.07""N","121°22'29.01""E"
New Taipei City,,,25.004829,121.520012,"25°00'17.38""N","121°31'12.04""E"
New Taipei City,,,24.934563,121.367305,"24°56'04.43""N","121°22'02.30""E"
New Taipei City,,,25.060618,121.656999,"25°03'38.22""N","121°39'25.20""E"
New Taipei City,,,25.070332,121.488033,"25°04'13.20""N","121°29'16.92""E"
New Taipei City,,,24.985332,121.537061,"24°59'07.20""N","121°32'13.42""E"
New Taipei City,,,24.998978,121.431355,"24°59'56.32""N","121°25'52.88""E"
New Taipei City,,,25.001137,121.501234,"25°00'04.09""N","121°30'04.44""E"
New Taipei City,,,24.948478,121.382631,"24°56'54.52""N","121°22'57.47""E"
New Taipei City,,,24.994358,121.468398,"24°59'39.69""N","121°28'06.23""E"
New Taipei City,,,24.970996,121.538802,"24°58'15.59""N","121°32'19.69""E"
New Taipei City,,,24.971037,121.538832,"24°58'15.73""N","121°32'19.80""E"
New Taipei City,,,24.971078,121.538862,"24°58'15.88""N","121°32'19.90""E"
New Taipei City,,,25.004111,121.515551,"25°00'14.80""N","121°30'55.98""E"
New Taipei City,,,25.004017,121.515793,"25°00'14.46""N","121°30'56.85""E"
New Taipei City,,,25.003783,121.513553,"25°00'13.62""N","121°30'48.79""E"
New Taipei City,,,25.003813,121.513477,"25°00'13.73""N","121°30'48.52""E"
New Taipei City,,,25.003749,121.472308,"25°00'13.50""N","121°28'20.31""E"
New Taipei City,,,24.998472,121.506036,"24°59'54.50""N","121°30'21.73""E"
New Taipei City,,,24.996767,121.488172,"24°59'48.36""N","121°29'17.42""E"
New Taipei City,,,24.996856,121.488174,"24°59'48.68""N","121°29'17.43""E"
New Taipei City,,,24.998571,121.506036,"24°59'54.86""N","121°30'21.73""E"
New Taipei City,,,25.005515,121.520659,"25°00'19.85""N","121°31'14.37""E"
New Taipei City,,,24.970239,121.400696,"24°58'12.86""N","121°24'02.51""E"
New Taipei City,,,24.970243,121.40075,"24°58'12.87""N","121°24'02.70""E"
New Taipei City,,,24.970252,121.400913,"24°58'12.91""N","121°24'03.29""E"
New Taipei City,,,24.970349,121.40094,"24°58'13.26""N","121°24'03.38""E"
New Taipei City,,,24.970359,121.402517,"24°58'13.29""N","121°24'09.06""E"
New Taipei City,,,24.970334,121.402119,"24°58'13.20""N","121°24'07.63""E"
New Taipei City,,,24.970338,121.402174,"24°58'13.22""N","121°24'07.83""E"
New Taipei City,,,24.970317,121.401884,"24°58'13.14""N","121°24'06.78""E"
New Taipei City,,,24.970303,121.401676,"24°58'13.09""N","121°24'06.03""E"
New Taipei City,,,24.970321,121.401938,"24°58'13.16""N","121°24'06.98""E"
New Taipei City,,,24.970351,121.402408,"24°58'13.26""N","121°24'08.67""E"
New Taipei City,,,24.970355,121.402462,"24°58'13.28""N","121°24'08.86""E"
New Taipei City,,,24.97033,121.403932,"24°58'13.19""N","121°24'14.16""E"
New Taipei City,,,24.970374,121.403664,"24°58'13.35""N","121°24'13.19""E"
New Taipei City,,,24.970356,121.403771,"24°58'13.28""N","121°24'13.58""E"
New Taipei City,,,24.970321,121.403985,"24°58'13.16""N","121°24'14.35""E"
New Taipei City,,,24.970339,121.403878,"24°58'13.22""N","121°24'13.96""E"
New Taipei City,,,24.970312,121.404039,"24°58'13.12""N","121°24'14.54""E"
New Taipei City,,,24.970366,121.403717,"24°58'13.32""N","121°24'13.38""E"
New Taipei City,,,24.970348,121.403824,"24°58'13.25""N","121°24'13.77""E"
New Taipei City,,,24.970403,121.403288,"24°58'13.45""N","121°24'11.84""E"
New Taipei City,,,24.970404,121.403342,"24°58'13.45""N","121°24'12.03""E"
New Taipei City,,,24.970399,121.403179,"24°58'13.44""N","121°24'11.44""E"
New Taipei City,,,24.974043,121.330507,"24°58'26.55""N","121°19'49.83""E"
New Taipei City,,,24.970396,121.403124,"24°58'13.43""N","121°24'11.25""E"
New Taipei City,,,24.970402,121.403233,"24°58'13.45""N","121°24'11.64""E"
New Taipei City,,,24.970374,121.40278,"24°58'13.35""N","121°24'10.01""E"
New Taipei City,,,24.970458,121.403727,"24°58'13.65""N","121°24'13.42""E"
New Taipei City,,,24.970467,121.403673,"24°58'13.68""N","121°24'13.22""E"
New Taipei City,,,24.970492,121.403512,"24°58'13.77""N","121°24'12.64""E"
New Taipei City,,,24.970449,121.403781,"24°58'13.62""N","121°24'13.61""E"
New Taipei City,,,24.970476,121.403619,"24°58'13.71""N","121°24'13.03""E"
New Taipei City,,,24.970484,121.403566,"24°58'13.74""N","121°24'12.84""E"
New Taipei City,,,24.991204,121.506234,"24°59'28.33""N","121°30'22.44""E"
New Taipei City,,,24.991247,121.506136,"24°59'28.49""N","121°30'22.09""E"
New Taipei City,,,24.991182,121.506283,"24°59'28.26""N","121°30'22.62""E"
New Taipei City,,,24.991225,121.506185,"24°59'28.41""N","121°30'22.27""E"
New Taipei City,,,24.991311,121.505989,"24°59'28.72""N","121°30'21.56""E"
New Taipei City,,,24.991268,121.506087,"24°59'28.56""N","121°30'21.91""E"
New Taipei City,,,24.99129,121.506038,"24°59'28.64""N","121°30'21.74""E"
New Taipei City,,,25.054451,121.455827,"25°03'16.02""N","121°27'20.98""E"
New Taipei City,,,25.05445,121.455767,"25°03'16.02""N","121°27'20.76""E"
New Taipei City,,,25.054453,121.455946,"25°03'16.03""N","121°27'21.41""E"
New Taipei City,,,25.054452,121.455886,"25°03'16.03""N","121°27'21.19""E"
New Taipei City,,,25.054457,121.456184,"25°03'16.05""N","121°27'22.26""E"
New Taipei City,,,24.982742,121.449867,"24°58'57.87""N","121°26'59.52""E"
New Taipei City,,,25.08109,121.457791,"25°04'51.92""N","121°27'28.05""E"
New Taipei City,,,25.081124,121.45775,"25°04'52.05""N","121°27'27.90""E"
New Taipei City,,,25.074153,121.502432,"25°04'26.95""N","121°30'08.76""E"
New Taipei City,,,25.069803,121.502467,"25°04'11.29""N","121°30'08.88""E"
New Taipei City,,,25.066031,121.484454,"25°03'57.71""N","121°29'04.03""E"
New Taipei City,,,25.055574,121.6569,"25°03'20.07""N","121°39'24.84""E"
New Taipei City,,,25.059019,121.488716,"25°03'32.47""N","121°29'19.38""E"
New Taipei City,,,24.983945,121.516309,"24°59'02.20""N","121°30'58.71""E"
New Taipei City,,,24.98399,121.516284,"24°59'02.36""N","121°30'58.62""E"
New Taipei City,,,24.999543,121.446634,"24°59'58.35""N","121°26'47.88""E"
New Taipei City,,,24.99959,121.446654,"24°59'58.52""N","121°26'47.95""E"
New Taipei City,,,24.999636,121.446674,"24°59'58.69""N","121°26'48.03""E"
New Taipei City,,,24.999682,121.446694,"24°59'58.86""N","121°26'48.10""E"
New Taipei City,,,24.999845,121.446763,"24°59'59.44""N","121°26'48.35""E"
New Taipei City,,,25.088514,121.488709,"25°05'18.65""N","121°29'19.35""E"
New Taipei City,,,25.047368,121.618866,"25°02'50.52""N","121°37'07.92""E"
New Taipei City,,,25.064454,121.626041,"25°03'52.03""N","121°37'33.75""E"
New Taipei City,,,25.064446,121.625987,"25°03'52.01""N","121°37'33.55""E"
New Taipei City,,,25.064462,121.626095,"25°03'52.06""N","121°37'33.94""E"
New Taipei City,,,25.088308,121.443432,"25°05'17.91""N","121°26'36.36""E"
New Taipei City,,,25.079408,121.376839,"25°04'45.87""N","121°22'36.62""E"
New Taipei City,,,25.077988,121.463617,"25°04'40.76""N","121°27'49.02""E"
New Taipei City,,,25.039717,121.450166,"25°02'22.98""N","121°27'00.60""E"
New Taipei City,,,25.039626,121.44984,"25°02'22.65""N","121°26'59.42""E"
New Taipei City,,,24.997853,121.461731,"24°59'52.27""N","121°27'42.23""E"
New Taipei City,,,24.969146,121.332347,"24°58'08.93""N","121°19'56.45""E"
New Taipei City,,,25.093833,121.445042,"25°05'37.80""N","121°26'42.15""E"
New Taipei City,,,25.072743,121.373378,"25°04'21.87""N","121°22'24.16""E"
New Taipei City,,,25.072593,121.373522,"25°04'21.33""N","121°22'24.68""E"
New Taipei City,,,25.072668,121.37345,"25°04'21.60""N","121°22'24.42""E"
New Taipei City,,,25.07278,121.373342,"25°04'22.01""N","121°22'24.03""E"
New Taipei City,,,25.072705,121.373414,"25°04'21.74""N","121°22'24.29""E"
New Taipei City,,,25.016109,121.423768,"25°00'57.99""N","121°25'25.56""E"
New Taipei City,,,25.072265,121.373867,"25°04'20.15""N","121°22'25.92""E"
New Taipei City,,,25.007639,121.509182,"25°00'27.50""N","121°30'33.06""E"
New Taipei City,,,24.981418,121.465382,"24°58'53.10""N","121°27'55.38""E"
New Taipei City,,,24.981471,121.465394,"24°58'53.30""N","121°27'55.42""E"
New Taipei City,,,25.000503,121.468671,"25°00'01.81""N","121°28'07.22""E"
New Taipei City,,,24.99857,121.468232,"24°59'54.85""N","121°28'05.64""E"
New Taipei City,,,25.001767,121.468775,"25°00'06.36""N","121°28'07.59""E"
New Taipei City,,,24.998089,121.468243,"24°59'53.12""N","121°28'05.67""E"
New Taipei City,,,24.998195,121.468268,"24°59'53.50""N","121°28'05.76""E"
New Taipei City,,,24.996152,121.467796,"24°59'46.15""N","121°28'04.07""E"
New Taipei City,,,24.995898,121.46771,"24°59'45.23""N","121°28'03.76""E"
New Taipei City,,,24.995796,121.467674,"24°59'44.87""N","121°28'03.63""E"
New Taipei City,,,24.99595,121.467728,"24°59'45.42""N","121°28'03.82""E"
New Taipei City,,,24.996002,121.467746,"24°59'45.61""N","121°28'03.89""E"
New Taipei City,,,24.996204,121.467811,"24°59'46.33""N","121°28'04.12""E"
New Taipei City,,,24.996103,121.46778,"24°59'45.97""N","121°28'04.01""E"
New Taipei City,,,24.998494,121.46834,"24°59'54.58""N","121°28'06.02""E"
New Taipei City,,,24.997742,121.465311,"24°59'51.87""N","121°27'55.12""E"
New Taipei City,,,24.997558,121.465387,"24°59'51.21""N","121°27'55.39""E"
New Taipei City,,,24.982978,121.536655,"24°58'58.72""N","121°32'11.96""E"
New Taipei City,,,25.062548,121.466417,"25°03'45.17""N","121°27'59.10""E"
New Taipei City,,,25.087595,121.486862,"25°05'15.34""N","121°29'12.70""E"
New Taipei City,,,25.087811,121.489304,"25°05'16.12""N","121°29'21.49""E"
New Taipei City,,,25.081408,121.477784,"25°04'53.07""N","121°28'40.02""E"
New Taipei City,,,25.083176,121.498387,"25°04'59.43""N","121°29'54.19""E"
New Taipei City,,,25.083126,121.498417,"25°04'59.25""N","121°29'54.30""E"
New Taipei City,,,25.073393,121.36172,"25°04'24.21""N","121°21'42.19""E"
New Taipei City,,,25.073287,121.361659,"25°04'23.83""N","121°21'41.97""E"
New Taipei City,,,25.073299,121.361711,"25°04'23.88""N","121°21'42.16""E"
New Taipei City,,,25.085277,121.48864,"25°05'07.00""N","121°29'19.10""E"
New Taipei City,,,25.078435,121.462583,"25°04'42.37""N","121°27'45.30""E"
New Taipei City,,,24.999671,121.42729,"24°59'58.82""N","121°25'38.24""E"
New Taipei City,,,25.078351,121.462718,"25°04'42.06""N","121°27'45.78""E"
New Taipei City,,,25.075509,121.471929,"25°04'31.83""N","121°28'18.94""E"
New Taipei City,,,25.075497,121.471977,"25°04'31.79""N","121°28'19.12""E"
New Taipei City,,,25.079133,121.371206,"25°04'44.88""N","121°22'16.34""E"
New Taipei City,,,25.077742,121.465602,"25°04'39.87""N","121°27'56.17""E"
New Taipei City,,,25.075468,121.472086,"25°04'31.68""N","121°28'19.51""E"
New Taipei City,,,25.075441,121.472179,"25°04'31.59""N","121°28'19.84""E"
New Taipei City,,,24.93596,121.360562,"24°56'09.46""N","121°21'38.02""E"
New Taipei City,,,24.945844,121.37805,"24°56'45.04""N","121°22'40.98""E"
New Taipei City,,,25.096253,121.460291,"25°05'46.51""N","121°27'37.05""E"
New Taipei City,,,25.091828,121.469574,"25°05'30.58""N","121°28'10.47""E"
New Taipei City,,,25.091779,121.469584,"25°05'30.40""N","121°28'10.50""E"
New Taipei City,,,25.091681,121.469604,"25°05'30.05""N","121°28'10.57""E"
New Taipei City,,,25.09173,121.469594,"25°05'30.23""N","121°28'10.54""E"
New Taipei City,,,25.091915,121.469559,"25°05'30.89""N","121°28'10.41""E"
New Taipei City,,,25.092613,121.469537,"25°05'33.41""N","121°28'10.33""E"
New Taipei City,,,25.092663,121.469538,"25°05'33.59""N","121°28'10.34""E"
New Taipei City,,,24.932257,121.374855,"24°55'56.13""N","121°22'29.48""E"
New Taipei City,,,24.931378,121.375087,"24°55'52.96""N","121°22'30.31""E"
New Taipei City,,,24.931428,121.375085,"24°55'53.14""N","121°22'30.31""E"
New Taipei City,,,24.945754,121.378097,"24°56'44.71""N","121°22'41.15""E"
New Taipei City,,,25.072127,121.495756,"25°04'19.66""N","121°29'44.72""E"
New Taipei City,,,25.052975,121.490329,"25°03'10.71""N","121°29'25.18""E"
New Taipei City,,,25.052946,121.490259,"25°03'10.61""N","121°29'24.93""E"
New Taipei City,,,25.052929,121.490208,"25°03'10.54""N","121°29'24.75""E"
New Taipei City,,,25.05304,121.490243,"25°03'10.94""N","121°29'24.87""E"
New Taipei City,,,25.053062,121.490293,"25°03'11.02""N","121°29'25.05""E"
New Taipei City,,,24.987237,121.414462,"24°59'14.05""N","121°24'52.06""E"
New Taipei City,,,24.987192,121.414439,"24°59'13.89""N","121°24'51.98""E"
New Taipei City,,,25.078973,121.389467,"25°04'44.30""N","121°23'22.08""E"
New Taipei City,,,25.078979,121.389413,"25°04'44.32""N","121°23'21.89""E"
New Taipei City,,,25.059429,121.472014,"25°03'33.94""N","121°28'19.25""E"
New Taipei City,,,25.059479,121.472014,"25°03'34.12""N","121°28'19.25""E"
New Taipei City,,,25.066955,121.49747,"25°04'01.04""N","121°29'50.89""E"
New Taipei City,,,25.000167,121.490369,"25°00'00.60""N","121°29'25.33""E"
New Taipei City,,,25.074302,121.502343,"25°04'27.49""N","121°30'08.43""E"
New Taipei City,,,25.073693,121.500498,"25°04'25.29""N","121°30'01.79""E"
New Taipei City,,,25.073303,121.500998,"25°04'23.89""N","121°30'03.59""E"
New Taipei City,,,25.079296,121.388426,"25°04'45.47""N","121°23'18.33""E"
New Taipei City,,,25.093562,121.444565,"25°05'36.82""N","121°26'40.43""E"
New Taipei City,,,25.07685,121.38632,"25°04'36.66""N","121°23'10.75""E"
New Taipei City,,,25.076772,121.386256,"25°04'36.38""N","121°23'10.52""E"
New Taipei City,,,25.076612,121.386125,"25°04'35.80""N","121°23'10.05""E"
New Taipei City,,,25.078803,121.390941,"25°04'43.69""N","121°23'27.39""E"
New Taipei City,,,25.078544,121.391502,"25°04'42.76""N","121°23'29.41""E"
New Taipei City,,,25.078529,121.391662,"25°04'42.70""N","121°23'29.98""E"
New Taipei City,,,24.994948,121.420068,"24°59'41.81""N","121°25'12.24""E"
New Taipei City,,,24.994987,121.420101,"24°59'41.95""N","121°25'12.36""E"
New Taipei City,,,24.932951,121.371905,"24°55'58.62""N","121°22'18.86""E"
New Taipei City,,,24.995026,121.420135,"24°59'42.09""N","121°25'12.49""E"
New Taipei City,,,24.98461,121.417178,"24°59'04.60""N","121°25'01.84""E"
New Taipei City,,,24.984303,121.416561,"24°59'03.49""N","121°24'59.62""E"
New Taipei City,,,24.984328,121.416614,"24°59'03.58""N","121°24'59.81""E"
New Taipei City,,,24.984277,121.416509,"24°59'03.40""N","121°24'59.43""E"
New Taipei City,,,24.984354,121.416666,"24°59'03.67""N","121°24'60.00""E"
New Taipei City,,,25.007145,121.482052,"25°00'25.72""N","121°28'55.39""E"
New Taipei City,,,25.007103,121.482081,"25°00'25.57""N","121°28'55.49""E"
New Taipei City,,,25.002325,121.45536,"25°00'08.37""N","121°27'19.30""E"
New Taipei City,,,25.022152,121.418032,"25°01'19.75""N","121°25'04.92""E"
New Taipei City,,,25.022344,121.418091,"25°01'20.44""N","121°25'05.13""E"
New Taipei City,,,25.022391,121.418106,"25°01'20.61""N","121°25'05.18""E"
New Taipei City,,,25.022457,121.418024,"25°01'20.85""N","121°25'04.89""E"
New Taipei City,,,25.022361,121.417995,"25°01'20.50""N","121°25'04.78""E"
New Taipei City,,,25.022313,121.417981,"25°01'20.33""N","121°25'04.73""E"
New Taipei City,,,25.02147,121.417722,"25°01'17.29""N","121°25'03.80""E"
New Taipei City,,,25.021422,121.417707,"25°01'17.12""N","121°25'03.75""E"
New Taipei City,,,25.021143,121.417623,"25°01'16.11""N","121°25'03.44""E"
New Taipei City,,,25.021095,121.417609,"25°01'15.94""N","121°25'03.39""E"
New Taipei City,,,25.002236,121.455268,"25°00'08.05""N","121°27'18.96""E"
New Taipei City,,,25.002191,121.455222,"25°00'07.89""N","121°27'18.80""E"
New Taipei City,,,25.002159,121.455188,"25°00'07.77""N","121°27'18.68""E"
New Taipei City,,,25.001953,121.454972,"25°00'07.03""N","121°27'17.90""E"
New Taipei City,,,25.00192,121.454936,"25°00'06.91""N","121°27'17.77""E"
New Taipei City,,,25.00182,121.454829,"25°00'06.55""N","121°27'17.38""E"
New Taipei City,,,25.001786,121.454793,"25°00'06.43""N","121°27'17.25""E"
New Taipei City,,,25.058453,121.488536,"25°03'30.43""N","121°29'18.73""E"
New Taipei City,,,25.001543,121.454251,"25°00'05.55""N","121°27'15.30""E"
New Taipei City,,,25.001575,121.454347,"25°00'05.67""N","121°27'15.65""E"
New Taipei City,,,25.001559,121.454299,"25°00'05.61""N","121°27'15.48""E"
New Taipei City,,,25.001591,121.454395,"25°00'05.73""N","121°27'15.82""E"
New Taipei City,,,25.001484,121.454368,"25°00'05.34""N","121°27'15.72""E"
New Taipei City,,,25.018816,121.485392,"25°01'07.74""N","121°29'07.41""E"
New Taipei City,,,25.018785,121.485285,"25°01'07.63""N","121°29'07.03""E"
New Taipei City,,,25.018739,121.48513,"25°01'07.46""N","121°29'06.47""E"
New Taipei City,,,25.018632,121.484761,"25°01'07.08""N","121°29'05.14""E"
New Taipei City,,,25.018677,121.484916,"25°01'07.24""N","121°29'05.70""E"
New Taipei City,,,25.018708,121.48502,"25°01'07.35""N","121°29'06.07""E"
New Taipei City,,,25.018647,121.484813,"25°01'07.13""N","121°29'05.33""E"
New Taipei City,,,25.018616,121.484709,"25°01'07.02""N","121°29'04.95""E"
New Taipei City,,,25.005519,121.52018,"25°00'19.87""N","121°31'12.65""E"
New Taipei City,,,25.005486,121.520221,"25°00'19.75""N","121°31'12.80""E"
New Taipei City,,,25.154898,121.40479,"25°09'17.63""N","121°24'17.24""E"
New Taipei City,,,25.155086,121.404576,"25°09'18.31""N","121°24'16.47""E"
New Taipei City,,,25.155049,121.404619,"25°09'18.18""N","121°24'16.63""E"
New Taipei City,,,25.155011,121.404662,"25°09'18.04""N","121°24'16.78""E"
New Taipei City,,,25.154974,121.404704,"25°09'17.91""N","121°24'16.93""E"
New Taipei City,,,25.154861,121.404833,"25°09'17.50""N","121°24'17.40""E"
New Taipei City,,,25.154823,121.404876,"25°09'17.36""N","121°24'17.55""E"
New Taipei City,,,25.154936,121.404747,"25°09'17.77""N","121°24'17.09""E"
New Taipei City,,,25.05892,121.482831,"25°03'32.11""N","121°28'58.19""E"
New Taipei City,,,24.97423,121.445614,"24°58'27.23""N","121°26'44.21""E"
New Taipei City,,,25.006679,121.510777,"25°00'24.04""N","121°30'38.80""E"
New Taipei City,,,24.941661,121.376086,"24°56'29.98""N","121°22'33.91""E"
New Taipei City,,,24.94162,121.376116,"24°56'29.83""N","121°22'34.02""E"
New Taipei City,,,24.941539,121.376178,"24°56'29.54""N","121°22'34.24""E"
New Taipei City,,,24.94158,121.376147,"24°56'29.69""N","121°22'34.13""E"
New Taipei City,,,25.197866,121.436827,"25°11'52.32""N","121°26'12.58""E"
New Taipei City,,,25.197873,121.436773,"25°11'52.34""N","121°26'12.38""E"
New Taipei City,,,25.196127,121.438835,"25°11'46.06""N","121°26'19.81""E"
New Taipei City,,,25.196177,121.438843,"25°11'46.24""N","121°26'19.83""E"
New Taipei City,,,25.197719,121.43807,"25°11'51.79""N","121°26'17.05""E"
New Taipei City,,,25.197726,121.438016,"25°11'51.81""N","121°26'16.86""E"
New Taipei City,,,24.959335,121.532192,"24°57'33.61""N","121°31'55.89""E"
New Taipei City,,,24.959342,121.532174,"24°57'33.63""N","121°31'55.83""E"
New Taipei City,,,24.959349,121.532156,"24°57'33.66""N","121°31'55.76""E"
New Taipei City,,,24.959357,121.532138,"24°57'33.69""N","121°31'55.70""E"
New Taipei City,,,24.959364,121.532119,"24°57'33.71""N","121°31'55.63""E"
New Taipei City,,,24.959371,121.532101,"24°57'33.74""N","121°31'55.56""E"
New Taipei City,,,24.970396,121.404104,"24°58'13.43""N","121°24'14.77""E"
New Taipei City,,,24.970413,121.403997,"24°58'13.49""N","121°24'14.39""E"
New Taipei City,,,24.970404,121.40405,"24°58'13.45""N","121°24'14.58""E"
New Taipei City,,,24.970378,121.404211,"24°58'13.36""N","121°24'15.16""E"
New Taipei City,,,24.970343,121.404426,"24°58'13.23""N","121°24'15.93""E"
New Taipei City,,,24.970361,121.404319,"24°58'13.30""N","121°24'15.55""E"
New Taipei City,,,24.97044,121.403834,"24°58'13.58""N","121°24'13.80""E"
New Taipei City,,,24.970352,121.404372,"24°58'13.27""N","121°24'15.74""E"
New Taipei City,,,24.97037,121.404265,"24°58'13.33""N","121°24'15.35""E"
New Taipei City,,,24.970386,121.404158,"24°58'13.39""N","121°24'14.97""E"
New Taipei City,,,24.9705,121.403402,"24°58'13.80""N","121°24'12.25""E"
New Taipei City,,,24.970502,121.403348,"24°58'13.81""N","121°24'12.05""E"
New Taipei City,,,24.970498,121.403458,"24°58'13.79""N","121°24'12.45""E"
New Taipei City,,,24.970334,121.404482,"24°58'13.20""N","121°24'16.14""E"
New Taipei City,,,24.969736,121.407809,"24°58'11.05""N","121°24'28.11""E"
New Taipei City,,,24.969733,121.407356,"24°58'11.04""N","121°24'26.48""E"
New Taipei City,,,24.96975,121.407305,"24°58'11.10""N","121°24'26.30""E"
New Taipei City,,,24.969767,121.407254,"24°58'11.16""N","121°24'26.11""E"
New Taipei City,,,24.969785,121.407203,"24°58'11.23""N","121°24'25.93""E"
New Taipei City,,,24.969802,121.407152,"24°58'11.29""N","121°24'25.75""E"
New Taipei City,,,24.969819,121.4071,"24°58'11.35""N","121°24'25.56""E"
New Taipei City,,,24.969836,121.407049,"24°58'11.41""N","121°24'25.38""E"
New Taipei City,,,24.969854,121.406998,"24°58'11.47""N","121°24'25.19""E"
New Taipei City,,,24.969871,121.406947,"24°58'11.54""N","121°24'25.01""E"
New Taipei City,,,24.969888,121.406896,"24°58'11.60""N","121°24'24.83""E"
New Taipei City,,,24.969923,121.406794,"24°58'11.72""N","121°24'24.46""E"
New Taipei City,,,24.96994,121.406743,"24°58'11.78""N","121°24'24.27""E"
New Taipei City,,,24.969956,121.406691,"24°58'11.84""N","121°24'24.09""E"
New Taipei City,,,24.96997,121.406638,"24°58'11.89""N","121°24'23.90""E"
New Taipei City,,,24.969982,121.406585,"24°58'11.94""N","121°24'23.71""E"
New Taipei City,,,24.969994,121.406532,"24°58'11.98""N","121°24'23.52""E"
New Taipei City,,,24.970003,121.406477,"24°58'12.01""N","121°24'23.32""E"
New Taipei City,,,24.970012,121.406424,"24°58'12.04""N","121°24'23.13""E"
New Taipei City,,,24.97411,121.409267,"24°58'26.80""N","121°24'33.36""E"
New Taipei City,,,25.018374,121.461016,"25°01'06.15""N","121°27'39.66""E"
New Taipei City,,,24.974581,121.407808,"24°58'28.49""N","121°24'28.11""E"
New Taipei City,,,24.974576,121.407754,"24°58'28.47""N","121°24'27.91""E"
New Taipei City,,,24.974563,121.407701,"24°58'28.43""N","121°24'27.72""E"
New Taipei City,,,24.974542,121.407537,"24°58'28.35""N","121°24'27.13""E"
New Taipei City,,,24.974522,121.407371,"24°58'28.28""N","121°24'26.54""E"
New Taipei City,,,24.974514,121.407317,"24°58'28.25""N","121°24'26.34""E"
New Taipei City,,,24.9925,121.502897,"24°59'33.00""N","121°30'10.43""E"
New Taipei City,,,24.992493,121.502951,"24°59'32.97""N","121°30'10.62""E"
New Taipei City,,,25.028616,121.425365,"25°01'43.02""N","121°25'31.31""E"
New Taipei City,,,24.95308,121.543911,"24°57'11.09""N","121°32'38.08""E"
New Taipei City,,,24.953059,121.543804,"24°57'11.01""N","121°32'37.69""E"
New Taipei City,,,24.953071,121.543857,"24°57'11.06""N","121°32'37.89""E"
New Taipei City,,,25.05861,121.452117,"25°03'31.00""N","121°27'07.62""E"
New Taipei City,,,25.058392,121.452116,"25°03'30.21""N","121°27'07.62""E"
New Taipei City,,,25.058338,121.452116,"25°03'30.02""N","121°27'07.62""E"
New Taipei City,,,25.058284,121.452116,"25°03'29.82""N","121°27'07.62""E"
New Taipei City,,,25.05823,121.452115,"25°03'29.63""N","121°27'07.61""E"
New Taipei City,,,25.058175,121.452115,"25°03'29.43""N","121°27'07.61""E"
New Taipei City,,,25.058121,121.452114,"25°03'29.24""N","121°27'07.61""E"
New Taipei City,,,25.058067,121.452114,"25°03'29.04""N","121°27'07.61""E"
New Taipei City,,,25.058013,121.452113,"25°03'28.85""N","121°27'07.61""E"
New Taipei City,,,25.057959,121.452113,"25°03'28.65""N","121°27'07.61""E"
New Taipei City,,,25.05785,121.452112,"25°03'28.26""N","121°27'07.60""E"
New Taipei City,,,25.057796,121.452112,"25°03'28.07""N","121°27'07.60""E"
New Taipei City,,,25.057742,121.452111,"25°03'27.87""N","121°27'07.60""E"
New Taipei City,,,25.057688,121.452111,"25°03'27.68""N","121°27'07.60""E"
New Taipei City,,,25.057634,121.45211,"25°03'27.48""N","121°27'07.60""E"
New Taipei City,,,25.05758,121.45211,"25°03'27.29""N","121°27'07.60""E"
New Taipei City,,,25.057905,121.452112,"25°03'28.46""N","121°27'07.60""E"
New Taipei City,,,25.005555,121.52069,"25°00'20.00""N","121°31'14.48""E"
New Taipei City,,,25.002672,121.487933,"25°00'09.62""N","121°29'16.56""E"
New Taipei City,,,25.003752,121.487434,"25°00'13.51""N","121°29'14.76""E"
New Taipei City,,,25.003754,121.487363,"25°00'13.51""N","121°29'14.51""E"
New Taipei City,,,24.9943,121.468541,"24°59'39.48""N","121°28'06.75""E"
New Taipei City,,,24.994332,121.468582,"24°59'39.60""N","121°28'06.90""E"
New Taipei City,,,24.994535,121.468845,"24°59'40.33""N","121°28'07.84""E"
New Taipei City,,,24.97893,121.538991,"24°58'44.15""N","121°32'20.37""E"
New Taipei City,,,24.986507,121.537328,"24°59'11.43""N","121°32'14.38""E"
New Taipei City,,,25.005876,121.520742,"25°00'21.15""N","121°31'14.67""E"
New Taipei City,,,24.976711,121.441018,"24°58'36.16""N","121°26'27.66""E"
New Taipei City,,,24.998968,121.511928,"24°59'56.28""N","121°30'42.94""E"
New Taipei City,,,24.999,121.511886,"24°59'56.40""N","121°30'42.79""E"
New Taipei City,,,24.993458,121.511818,"24°59'36.45""N","121°30'42.54""E"
New Taipei City,,,25.004552,121.519287,"25°00'16.39""N","121°31'09.43""E"
New Taipei City,,,25.01081,121.511076,"25°00'38.92""N","121°30'39.87""E"
New Taipei City,,,25.010771,121.511111,"25°00'38.78""N","121°30'40.00""E"
New Taipei City,,,25.004354,121.518484,"25°00'15.67""N","121°31'06.54""E"
New Taipei City,,,25.00439,121.518911,"25°00'15.80""N","121°31'08.08""E"
New Taipei City,,,25.004349,121.518421,"25°00'15.66""N","121°31'06.32""E"
New Taipei City,,,25.004401,121.519046,"25°00'15.84""N","121°31'08.57""E"
New Taipei City,,,24.983381,121.414299,"24°59'00.17""N","121°24'51.48""E"
New Taipei City,,,25.089,121.375424,"25°05'20.40""N","121°22'31.53""E"
New Taipei City,,,24.984292,121.416139,"24°59'03.45""N","121°24'58.10""E"
New Taipei City,,,25.012896,121.511126,"25°00'46.43""N","121°30'40.05""E"
New Taipei City,,,25.00088,121.488135,"25°00'03.17""N","121°29'17.29""E"
New Taipei City,,,25.00093,121.488133,"25°00'03.35""N","121°29'17.28""E"
New Taipei City,,,25.005174,121.49887,"25°00'18.63""N","121°29'55.93""E"
New Taipei City,,,25.005186,121.498949,"25°00'18.67""N","121°29'56.22""E"
New Taipei City,,,25.005199,121.499031,"25°00'18.72""N","121°29'56.51""E"
New Taipei City,,,25.005246,121.498708,"25°00'18.89""N","121°29'55.35""E"
New Taipei City,,,25.006188,121.510113,"25°00'22.28""N","121°30'36.41""E"
New Taipei City,,,24.98343,121.450294,"24°59'00.35""N","121°27'01.06""E"
New Taipei City,,,24.984268,121.451187,"24°59'03.36""N","121°27'04.27""E"
New Taipei City,,,24.9899,121.467234,"24°59'23.64""N","121°28'02.04""E"
New Taipei City,,,24.989844,121.467131,"24°59'23.44""N","121°28'01.67""E"
New Taipei City,,,24.989734,121.466925,"24°59'23.04""N","121°28'00.93""E"
New Taipei City,,,24.990218,121.469202,"24°59'24.78""N","121°28'09.13""E"
New Taipei City,,,24.950899,121.38082,"24°57'03.24""N","121°22'50.95""E"
New Taipei City,,,24.953229,121.346186,"24°57'11.62""N","121°20'46.27""E"
New Taipei City,,,24.953209,121.346136,"24°57'11.55""N","121°20'46.09""E"
New Taipei City,,,24.95316,121.346019,"24°57'11.38""N","121°20'45.67""E"
New Taipei City,,,24.952403,121.344373,"24°57'08.65""N","121°20'39.74""E"
New Taipei City,,,24.952305,121.344123,"24°57'08.30""N","121°20'38.84""E"
New Taipei City,,,24.952384,121.344323,"24°57'08.58""N","121°20'39.56""E"
New Taipei City,,,24.952483,121.344573,"24°57'08.94""N","121°20'40.46""E"
New Taipei City,,,24.953423,121.345315,"24°57'12.32""N","121°20'43.13""E"
New Taipei City,,,24.953609,121.345238,"24°57'12.99""N","121°20'42.86""E"
New Taipei City,,,24.950841,121.342882,"24°57'03.03""N","121°20'34.38""E"
New Taipei City,,,25.001301,121.608064,"25°00'04.68""N","121°36'29.03""E"
New Taipei City,,,24.971762,121.443358,"24°58'18.34""N","121°26'36.09""E"
New Taipei City,,,25.073043,121.362772,"25°04'22.95""N","121°21'45.98""E"
New Taipei City,,,25.014535,121.449625,"25°00'52.33""N","121°26'58.65""E"
New Taipei City,,,24.950739,121.379964,"24°57'02.66""N","121°22'47.87""E"
New Taipei City,,,24.976705,121.544875,"24°58'36.14""N","121°32'41.55""E"
New Taipei City,,,24.999261,121.446916,"24°59'57.34""N","121°26'48.90""E"
New Taipei City,,,25.063264,121.654735,"25°03'47.75""N","121°39'17.05""E"
New Taipei City,,,25.063285,121.65479,"25°03'47.83""N","121°39'17.24""E"
New Taipei City,,,24.926277,121.36996,"24°55'34.60""N","121°22'11.86""E"
New Taipei City,,,25.157836,121.45928,"25°09'28.21""N","121°27'33.41""E"
New Taipei City,,,24.949537,121.381527,"24°56'58.33""N","121°22'53.50""E"
New Taipei City,,,24.949489,121.381539,"24°56'58.16""N","121°22'53.54""E"
New Taipei City,,,24.977158,121.410929,"24°58'37.77""N","121°24'39.34""E"
New Taipei City,,,25.149356,121.399194,"25°08'57.68""N","121°23'57.10""E"
New Taipei City,,,24.962147,121.534176,"24°57'43.73""N","121°32'03.03""E"
New Taipei City,,,25.091133,121.469684,"25°05'28.08""N","121°28'10.86""E"
New Taipei City,,,25.149255,121.399054,"25°08'57.32""N","121°23'56.59""E"
New Taipei City,,,24.955073,121.354048,"24°57'18.26""N","121°21'14.57""E"
New Taipei City,,,24.955128,121.354049,"24°57'18.46""N","121°21'14.58""E"
New Taipei City,,,24.954964,121.354057,"24°57'17.87""N","121°21'14.61""E"
New Taipei City,,,25.075405,121.396557,"25°04'31.46""N","121°23'47.61""E"
New Taipei City,,,25.075307,121.396541,"25°04'31.11""N","121°23'47.55""E"
New Taipei City,,,25.075552,121.396582,"25°04'31.99""N","121°23'47.70""E"
New Taipei City,,,24.962449,121.534061,"24°57'44.82""N","121°32'02.62""E"
New Taipei City,,,25.093316,121.469694,"25°05'35.94""N","121°28'10.90""E"
New Taipei City,,,25.091087,121.469701,"25°05'27.91""N","121°28'10.92""E"
New Taipei City,,,25.088921,121.466146,"25°05'20.12""N","121°27'58.13""E"
New Taipei City,,,25.075025,121.396804,"25°04'30.09""N","121°23'48.49""E"
New Taipei City,,,25.074975,121.396796,"25°04'29.91""N","121°23'48.47""E"
New Taipei City,,,24.999172,121.446817,"24°59'57.02""N","121°26'48.54""E"
New Taipei City,,,24.999155,121.446873,"24°59'56.96""N","121°26'48.74""E"
New Taipei City,,,24.999139,121.44693,"24°59'56.90""N","121°26'48.95""E"
New Taipei City,,,25.075454,121.396565,"25°04'31.63""N","121°23'47.63""E"
New Taipei City,,,25.075503,121.396573,"25°04'31.81""N","121°23'47.66""E"
New Taipei City,,,25.075356,121.396549,"25°04'31.28""N","121°23'47.58""E"
New Taipei City,,,25.075159,121.396517,"25°04'30.57""N","121°23'47.46""E"
New Taipei City,,,25.075208,121.396525,"25°04'30.75""N","121°23'47.49""E"
New Taipei City,,,25.075061,121.396501,"25°04'30.22""N","121°23'47.40""E"
New Taipei City,,,25.07511,121.396509,"25°04'30.40""N","121°23'47.43""E"
New Taipei City,,,25.075012,121.396492,"25°04'30.04""N","121°23'47.37""E"
New Taipei City,,,25.075258,121.396533,"25°04'30.93""N","121°23'47.52""E"
New Taipei City,,,25.075172,121.396827,"25°04'30.62""N","121°23'48.58""E"
New Taipei City,,,25.075221,121.396835,"25°04'30.80""N","121°23'48.61""E"
New Taipei City,,,25.075074,121.396812,"25°04'30.27""N","121°23'48.52""E"
New Taipei City,,,25.07527,121.396842,"25°04'30.97""N","121°23'48.63""E"
New Taipei City,,,25.075123,121.396819,"25°04'30.44""N","121°23'48.55""E"
New Taipei City,,,25.075319,121.39685,"25°04'31.15""N","121°23'48.66""E"
New Taipei City,,,24.984251,121.416456,"24°59'03.30""N","121°24'59.24""E"
New Taipei City,,,24.98438,121.416718,"24°59'03.77""N","121°25'00.18""E"
New Taipei City,,,24.992268,121.417882,"24°59'32.16""N","121°25'04.38""E"
New Taipei City,,,24.992402,121.417986,"24°59'32.65""N","121°25'04.75""E"
New Taipei City,,,24.992442,121.418019,"24°59'32.79""N","121°25'04.87""E"
New Taipei City,,,24.992482,121.418052,"24°59'32.94""N","121°25'04.99""E"
New Taipei City,,,24.993461,121.418841,"24°59'36.46""N","121°25'07.83""E"
New Taipei City,,,24.9935,121.418875,"24°59'36.60""N","121°25'07.95""E"
New Taipei City,,,24.993739,121.419071,"24°59'37.46""N","121°25'08.66""E"
New Taipei City,,,24.993962,121.419003,"24°59'38.26""N","121°25'08.41""E"
New Taipei City,,,24.948721,121.38337,"24°56'55.40""N","121°23'00.13""E"
New Taipei City,,,24.947312,121.381922,"24°56'50.32""N","121°22'54.92""E"
New Taipei City,,,24.993923,121.41897,"24°59'38.12""N","121°25'08.29""E"
New Taipei City,,,24.993883,121.418937,"24°59'37.98""N","121°25'08.17""E"
New Taipei City,,,24.972402,121.330953,"24°58'20.65""N","121°19'51.43""E"
New Taipei City,,,24.993101,121.418282,"24°59'35.16""N","121°25'05.82""E"
New Taipei City,,,24.993061,121.418249,"24°59'35.02""N","121°25'05.70""E"
New Taipei City,,,24.993021,121.418216,"24°59'34.88""N","121°25'05.58""E"
New Taipei City,,,24.947871,121.378886,"24°56'52.34""N","121°22'43.99""E"
New Taipei City,,,24.992981,121.418183,"24°59'34.73""N","121°25'05.46""E"
New Taipei City,,,24.992942,121.418151,"24°59'34.59""N","121°25'05.34""E"
New Taipei City,,,24.992901,121.418119,"24°59'34.44""N","121°25'05.23""E"
New Taipei City,,,24.992821,121.418055,"24°59'34.16""N","121°25'05.00""E"
New Taipei City,,,24.992741,121.417989,"24°59'33.87""N","121°25'04.76""E"
New Taipei City,,,24.992702,121.417955,"24°59'33.73""N","121°25'04.64""E"
New Taipei City,,,24.992664,121.417922,"24°59'33.59""N","121°25'04.52""E"
New Taipei City,,,24.992624,121.417888,"24°59'33.45""N","121°25'04.40""E"
New Taipei City,,,24.992585,121.417855,"24°59'33.31""N","121°25'04.28""E"
New Taipei City,,,24.992545,121.417822,"24°59'33.16""N","121°25'04.16""E"
New Taipei City,,,24.992505,121.41779,"24°59'33.02""N","121°25'04.04""E"
New Taipei City,,,24.992425,121.417725,"24°59'32.73""N","121°25'03.81""E"
New Taipei City,,,25.081926,121.380683,"25°04'54.93""N","121°22'50.46""E"
New Taipei City,,,24.993366,121.418508,"24°59'36.12""N","121°25'06.63""E"
New Taipei City,,,24.97231,121.330824,"24°58'20.32""N","121°19'50.97""E"
New Taipei City,,,25.057048,121.452089,"25°03'25.37""N","121°27'07.52""E"
New Taipei City,,,25.056993,121.452089,"25°03'25.17""N","121°27'07.52""E"
New Taipei City,,,25.056939,121.452088,"25°03'24.98""N","121°27'07.52""E"
New Taipei City,,,25.056885,121.452088,"25°03'24.79""N","121°27'07.52""E"
New Taipei City,,,25.056655,121.452086,"25°03'23.96""N","121°27'07.51""E"
New Taipei City,,,25.0566,121.452086,"25°03'23.76""N","121°27'07.51""E"
New Taipei City,,,25.056546,121.452085,"25°03'23.57""N","121°27'07.51""E"
New Taipei City,,,25.056492,121.452085,"25°03'23.37""N","121°27'07.51""E"
New Taipei City,,,25.056024,121.452071,"25°03'21.69""N","121°27'07.46""E"
New Taipei City,,,25.056186,121.452076,"25°03'22.27""N","121°27'07.47""E"
New Taipei City,,,25.056132,121.452074,"25°03'22.08""N","121°27'07.47""E"
New Taipei City,,,25.061316,121.487504,"25°03'40.74""N","121°29'15.01""E"
New Taipei City,,,25.056078,121.452073,"25°03'21.88""N","121°27'07.46""E"
New Taipei City,,,25.055861,121.452066,"25°03'21.10""N","121°27'07.44""E"
New Taipei City,,,25.05597,121.452069,"25°03'21.49""N","121°27'07.45""E"
New Taipei City,,,25.055915,121.452067,"25°03'21.29""N","121°27'07.44""E"
New Taipei City,,,25.055278,121.452065,"25°03'19.00""N","121°27'07.43""E"
New Taipei City,,,25.055441,121.452068,"25°03'19.59""N","121°27'07.44""E"
New Taipei City,,,25.055387,121.452067,"25°03'19.39""N","121°27'07.44""E"
New Taipei City,,,25.055333,121.452066,"25°03'19.20""N","121°27'07.44""E"
New Taipei City,,,25.055224,121.452065,"25°03'18.81""N","121°27'07.43""E"
New Taipei City,,,25.05517,121.452064,"25°03'18.61""N","121°27'07.43""E"
New Taipei City,,,25.004028,121.449538,"25°00'14.50""N","121°26'58.34""E"
New Taipei City,,,25.00403,121.449484,"25°00'14.51""N","121°26'58.14""E"
New Taipei City,,,25.005006,121.415107,"25°00'18.02""N","121°24'54.39""E"
New Taipei City,,,25.005058,121.415091,"25°00'18.21""N","121°24'54.33""E"
New Taipei City,,,24.952794,121.541378,"24°57'10.06""N","121°32'28.96""E"
New Taipei City,,,24.952796,121.541433,"24°57'10.07""N","121°32'29.16""E"
New Taipei City,,,25.006972,121.414904,"25°00'25.10""N","121°24'53.65""E"
New Taipei City,,,24.952797,121.541487,"24°57'10.07""N","121°32'29.35""E"
New Taipei City,,,24.93678,121.360441,"24°56'12.41""N","121°21'37.59""E"
New Taipei City,,,24.933631,121.368399,"24°56'01.07""N","121°22'06.24""E"
New Taipei City,,,25.018692,121.484968,"25°01'07.29""N","121°29'05.88""E"
New Taipei City,,,25.018601,121.484657,"25°01'06.96""N","121°29'04.77""E"
New Taipei City,,,25.018571,121.484553,"25°01'06.86""N","121°29'04.39""E"
New Taipei City,,,25.018586,121.484605,"25°01'06.91""N","121°29'04.58""E"
New Taipei City,,,25.018555,121.484501,"25°01'06.80""N","121°29'04.20""E"
New Taipei City,,,25.01854,121.48445,"25°01'06.74""N","121°29'04.02""E"
New Taipei City,,,25.018525,121.484398,"25°01'06.69""N","121°29'03.83""E"
New Taipei City,,,25.018509,121.484346,"25°01'06.63""N","121°29'03.65""E"
New Taipei City,,,24.985888,121.460086,"24°59'09.20""N","121°27'36.31""E"
New Taipei City,,,24.985597,121.460041,"24°59'08.15""N","121°27'36.15""E"
New Taipei City,,,25.018479,121.484242,"25°01'06.52""N","121°29'03.27""E"
New Taipei City,,,25.018494,121.484294,"25°01'06.58""N","121°29'03.46""E"
New Taipei City,,,25.018335,121.483897,"25°01'06.01""N","121°29'02.03""E"
New Taipei City,,,25.018396,121.483985,"25°01'06.23""N","121°29'02.35""E"
New Taipei City,,,25.018365,121.48394,"25°01'06.11""N","121°29'02.18""E"
New Taipei City,,,25.018418,121.484035,"25°01'06.30""N","121°29'02.53""E"
New Taipei City,,,25.018433,121.484087,"25°01'06.36""N","121°29'02.71""E"
New Taipei City,,,25.018464,121.484191,"25°01'06.47""N","121°29'03.09""E"
New Taipei City,,,25.01822,121.483728,"25°01'05.59""N","121°29'01.42""E"
New Taipei City,,,25.01819,121.483685,"25°01'05.48""N","121°29'01.27""E"
New Taipei City,,,25.01806,121.483726,"25°01'05.02""N","121°29'01.41""E"
New Taipei City,,,25.018091,121.48377,"25°01'05.13""N","121°29'01.57""E"
New Taipei City,,,25.018121,121.483815,"25°01'05.24""N","121°29'01.73""E"
New Taipei City,,,25.022075,121.461677,"25°01'19.47""N","121°27'42.04""E"
New Taipei City,,,25.022404,121.461467,"25°01'20.65""N","121°27'41.28""E"
New Taipei City,,,25.022037,121.461576,"25°01'19.33""N","121°27'41.67""E"
New Taipei City,,,25.022132,121.461518,"25°01'19.68""N","121°27'41.46""E"
New Taipei City,,,25.022077,121.461553,"25°01'19.48""N","121°27'41.59""E"
New Taipei City,,,25.021964,121.461621,"25°01'19.07""N","121°27'41.84""E"
New Taipei City,,,25.025166,121.413383,"25°01'30.60""N","121°24'48.18""E"
New Taipei City,,,25.025187,121.413427,"25°01'30.67""N","121°24'48.34""E"
New Taipei City,,,25.02521,121.413475,"25°01'30.76""N","121°24'48.51""E"
New Taipei City,,,25.025231,121.413519,"25°01'30.83""N","121°24'48.67""E"
New Taipei City,,,24.970047,121.406209,"24°58'12.17""N","121°24'22.35""E"
New Taipei City,,,24.970039,121.406262,"24°58'12.14""N","121°24'22.54""E"
New Taipei City,,,24.97003,121.406316,"24°58'12.11""N","121°24'22.74""E"
New Taipei City,,,24.969905,121.406845,"24°58'11.66""N","121°24'24.64""E"
New Taipei City,,,24.970062,121.409755,"24°58'12.22""N","121°24'35.12""E"
New Taipei City,,,24.968141,121.516575,"24°58'05.31""N","121°30'59.67""E"
New Taipei City,,,24.971226,121.51704,"24°58'16.41""N","121°31'01.34""E"
New Taipei City,,,24.971183,121.517028,"24°58'16.26""N","121°31'01.30""E"
New Taipei City,,,24.970029,121.409596,"24°58'12.10""N","121°24'34.55""E"
New Taipei City,,,24.970051,121.409702,"24°58'12.18""N","121°24'34.93""E"
New Taipei City,,,24.970017,121.409543,"24°58'12.06""N","121°24'34.35""E"
New Taipei City,,,24.97009,121.409893,"24°58'12.32""N","121°24'35.61""E"
New Taipei City,,,24.9701,121.409946,"24°58'12.36""N","121°24'35.81""E"
New Taipei City,,,24.97011,121.409999,"24°58'12.40""N","121°24'36.00""E"
New Taipei City,,,24.970121,121.410053,"24°58'12.44""N","121°24'36.19""E"
New Taipei City,,,24.969795,121.408267,"24°58'11.26""N","121°24'29.76""E"
New Taipei City,,,24.97004,121.409649,"24°58'12.14""N","121°24'34.74""E"
New Taipei City,,,24.970695,121.412768,"24°58'14.50""N","121°24'45.96""E"
New Taipei City,,,24.970684,121.412715,"24°58'14.46""N","121°24'45.77""E"
New Taipei City,,,24.970586,121.412248,"24°58'14.11""N","121°24'44.09""E"
New Taipei City,,,24.970575,121.412195,"24°58'14.07""N","121°24'43.90""E"
New Taipei City,,,24.970564,121.412142,"24°58'14.03""N","121°24'43.71""E"
New Taipei City,,,24.970554,121.412089,"24°58'13.99""N","121°24'43.52""E"
New Taipei City,,,24.970543,121.412036,"24°58'13.95""N","121°24'43.33""E"
New Taipei City,,,24.970481,121.411785,"24°58'13.73""N","121°24'42.43""E"
New Taipei City,,,24.97047,121.411732,"24°58'13.69""N","121°24'42.24""E"
New Taipei City,,,24.970455,121.411624,"24°58'13.64""N","121°24'41.85""E"
New Taipei City,,,24.970444,121.411571,"24°58'13.60""N","121°24'41.66""E"
New Taipei City,,,24.970311,121.411031,"24°58'13.12""N","121°24'39.71""E"
New Taipei City,,,24.970289,121.410925,"24°58'13.04""N","121°24'39.33""E"
New Taipei City,,,24.9703,121.410978,"24°58'13.08""N","121°24'39.52""E"
New Taipei City,,,24.970321,121.411084,"24°58'13.16""N","121°24'39.90""E"
New Taipei City,,,24.970388,121.411353,"24°58'13.40""N","121°24'40.87""E"
New Taipei City,,,25.006144,121.510058,"25°00'22.12""N","121°30'36.21""E"
New Taipei City,,,25.005898,121.509939,"25°00'21.23""N","121°30'35.78""E"
New Taipei City,,,25.005987,121.510055,"25°00'21.55""N","121°30'36.20""E"
New Taipei City,,,25.007037,121.520877,"25°00'25.33""N","121°31'15.16""E"
New Taipei City,,,25.007087,121.521027,"25°00'25.51""N","121°31'15.70""E"
New Taipei City,,,25.007165,121.521019,"25°00'25.79""N","121°31'15.67""E"
New Taipei City,,,25.005828,121.509702,"25°00'20.98""N","121°30'34.93""E"
New Taipei City,,,25.005508,121.509469,"25°00'19.83""N","121°30'34.09""E"
New Taipei City,,,25.007563,121.49792,"25°00'27.23""N","121°29'52.51""E"
New Taipei City,,,25.017997,121.483638,"25°01'04.79""N","121°29'01.10""E"
New Taipei City,,,25.003584,121.513954,"25°00'12.90""N","121°30'50.23""E"
New Taipei City,,,25.02685,121.427765,"25°01'36.66""N","121°25'39.95""E"
New Taipei City,,,25.026889,121.427891,"25°01'36.80""N","121°25'40.41""E"
New Taipei City,,,25.026965,121.428145,"25°01'37.07""N","121°25'41.32""E"
New Taipei City,,,25.064631,121.627957,"25°03'52.67""N","121°37'40.65""E"
New Taipei City,,,25.064732,121.628691,"25°03'53.04""N","121°37'43.29""E"
New Taipei City,,,25.077273,121.48345,"25°04'38.18""N","121°29'00.42""E"
New Taipei City,,,25.053144,121.493276,"25°03'11.32""N","121°29'35.79""E"
New Taipei City,,,25.08135,121.383132,"25°04'52.86""N","121°22'59.28""E"
New Taipei City,,,25.012198,121.518747,"25°00'43.91""N","121°31'07.49""E"
New Taipei City,,,25.073397,121.500851,"25°04'24.23""N","121°30'03.06""E"
New Taipei City,,,24.995051,121.520203,"24°59'42.18""N","121°31'12.73""E"
New Taipei City,,,25.012638,121.512945,"25°00'45.50""N","121°30'46.60""E"
New Taipei City,,,25.079711,121.434216,"25°04'46.96""N","121°26'03.18""E"
New Taipei City,,,24.999826,121.427233,"24°59'59.37""N","121°25'38.04""E"
New Taipei City,,,25.000372,121.426489,"25°00'01.34""N","121°25'35.36""E"
New Taipei City,,,25.00059,121.426183,"25°00'02.12""N","121°25'34.26""E"
New Taipei City,,,25.071336,121.361052,"25°04'16.81""N","121°21'39.79""E"
New Taipei City,,,24.985599,121.416869,"24°59'08.16""N","121°25'00.73""E"
New Taipei City,,,25.024838,121.462161,"25°01'29.42""N","121°27'43.78""E"
New Taipei City,,,24.973131,121.437809,"24°58'23.27""N","121°26'16.11""E"
New Taipei City,,,24.969315,121.437788,"24°58'09.53""N","121°26'16.04""E"
New Taipei City,,,24.959378,121.532083,"24°57'33.76""N","121°31'55.50""E"
New Taipei City,,,24.959386,121.532065,"24°57'33.79""N","121°31'55.43""E"
New Taipei City,,,24.959393,121.532047,"24°57'33.81""N","121°31'55.37""E"
New Taipei City,,,24.9594,121.532029,"24°57'33.84""N","121°31'55.30""E"
New Taipei City,,,24.959407,121.532011,"24°57'33.87""N","121°31'55.24""E"
New Taipei City,,,24.959415,121.531992,"24°57'33.89""N","121°31'55.17""E"
New Taipei City,,,24.959422,121.531974,"24°57'33.92""N","121°31'55.11""E"
New Taipei City,,,24.959477,121.532241,"24°57'34.12""N","121°31'56.07""E"
New Taipei City,,,24.959485,121.532223,"24°57'34.15""N","121°31'56.00""E"
New Taipei City,,,24.959493,121.532206,"24°57'34.17""N","121°31'55.94""E"
New Taipei City,,,24.959501,121.532188,"24°57'34.20""N","121°31'55.88""E"
New Taipei City,,,24.959509,121.53217,"24°57'34.23""N","121°31'55.81""E"
New Taipei City,,,24.959516,121.532152,"24°57'34.26""N","121°31'55.75""E"
New Taipei City,,,24.959524,121.532134,"24°57'34.29""N","121°31'55.68""E"
New Taipei City,,,24.959532,121.532116,"24°57'34.32""N","121°31'55.62""E"
New Taipei City,,,24.95954,121.532099,"24°57'34.34""N","121°31'55.56""E"
New Taipei City,,,24.959548,121.532081,"24°57'34.37""N","121°31'55.49""E"
New Taipei City,,,24.959556,121.532063,"24°57'34.40""N","121°31'55.43""E"
New Taipei City,,,24.959563,121.532045,"24°57'34.43""N","121°31'55.36""E"
New Taipei City,,,24.95938,121.532214,"24°57'33.77""N","121°31'55.97""E"
New Taipei City,,,24.959387,121.532196,"24°57'33.79""N","121°31'55.91""E"
New Taipei City,,,24.959395,121.532178,"24°57'33.82""N","121°31'55.84""E"
New Taipei City,,,24.959402,121.53216,"24°57'33.85""N","121°31'55.78""E"
New Taipei City,,,24.959409,121.532141,"24°57'33.87""N","121°31'55.71""E"
New Taipei City,,,24.959416,121.532123,"24°57'33.90""N","121°31'55.64""E"
New Taipei City,,,24.959424,121.532105,"24°57'33.93""N","121°31'55.58""E"
New Taipei City,,,24.959431,121.532087,"24°57'33.95""N","121°31'55.51""E"
New Taipei City,,,24.959438,121.532069,"24°57'33.98""N","121°31'55.45""E"
New Taipei City,,,24.959446,121.532051,"24°57'34.01""N","121°31'55.38""E"
New Taipei City,,,24.959453,121.532033,"24°57'34.03""N","121°31'55.32""E"
New Taipei City,,,24.95946,121.532015,"24°57'34.06""N","121°31'55.25""E"
New Taipei City,,,24.959467,121.531996,"24°57'34.08""N","121°31'55.19""E"
New Taipei City,,,24.958729,121.531559,"24°57'31.42""N","121°31'53.61""E"
New Taipei City,,,24.958772,121.531563,"24°57'31.58""N","121°31'53.63""E"
New Taipei City,,,24.945219,121.384447,"24°56'42.79""N","121°23'04.01""E"
New Taipei City,,,25.034436,121.480094,"25°02'03.97""N","121°28'48.34""E"
New Taipei City,,,25.072904,121.36564,"25°04'22.45""N","121°21'56.30""E"
New Taipei City,,,24.974378,121.556665,"24°58'27.76""N","121°33'23.99""E"
New Taipei City,,,25.091074,121.441767,"25°05'27.87""N","121°26'30.36""E"
New Taipei City,,,24.97409,121.556375,"24°58'26.72""N","121°33'22.95""E"
New Taipei City,,,24.974045,121.556531,"24°58'26.56""N","121°33'23.51""E"
New Taipei City,,,24.99648,121.510939,"24°59'47.33""N","121°30'39.38""E"
New Taipei City,,,24.985253,121.417108,"24°59'06.91""N","121°25'01.59""E"
New Taipei City,,,25.069894,121.362157,"25°04'11.62""N","121°21'43.77""E"
New Taipei City,,,25.0901,121.44033,"25°05'24.36""N","121°26'25.19""E"
New Taipei City,,,25.078023,121.463243,"25°04'40.88""N","121°27'47.67""E"
New Taipei City,,,25.003897,121.525157,"25°00'14.03""N","121°31'30.57""E"
New Taipei City,,,24.930944,121.374779,"24°55'51.40""N","121°22'29.20""E"
New Taipei City,,,24.978407,121.445564,"24°58'42.27""N","121°26'44.03""E"
New Taipei City,,,25.084194,121.455508,"25°05'03.10""N","121°27'19.83""E"
New Taipei City,,,24.954356,121.342913,"24°57'15.68""N","121°20'34.49""E"
New Taipei City,,,25.011179,121.487173,"25°00'40.24""N","121°29'13.82""E"
New Taipei City,,,25.011214,121.487134,"25°00'40.37""N","121°29'13.68""E"
New Taipei City,,,25.086982,121.47527,"25°05'13.14""N","121°28'30.97""E"
New Taipei City,,,24.985253,121.461548,"24°59'06.91""N","121°27'41.57""E"
New Taipei City,,,24.985053,121.460864,"24°59'06.19""N","121°27'39.11""E"
New Taipei City,,,25.064969,121.629506,"25°03'53.89""N","121°37'46.22""E"
New Taipei City,,,25.076612,121.387292,"25°04'35.80""N","121°23'14.25""E"
New Taipei City,,,24.926555,121.37007,"24°55'35.60""N","121°22'12.25""E"
New Taipei City,,,25.077297,121.387829,"25°04'38.27""N","121°23'16.18""E"
New Taipei City,,,25.052054,121.493594,"25°03'07.39""N","121°29'36.94""E"
New Taipei City,,,25.050763,121.492003,"25°03'02.75""N","121°29'31.21""E"
New Taipei City,,,25.077169,121.387563,"25°04'37.81""N","121°23'15.23""E"
New Taipei City,,,25.003318,121.514598,"25°00'11.94""N","121°30'52.55""E"
New Taipei City,,,24.934566,121.367488,"24°56'04.44""N","121°22'02.96""E"
New Taipei City,,,24.95056,121.379119,"24°57'02.02""N","121°22'44.83""E"
New Taipei City,,,25.075369,121.396857,"25°04'31.33""N","121°23'48.69""E"
New Taipei City,,,25.075418,121.396865,"25°04'31.50""N","121°23'48.71""E"
New Taipei City,,,25.075467,121.396873,"25°04'31.68""N","121°23'48.74""E"
New Taipei City,,,25.075516,121.39688,"25°04'31.86""N","121°23'48.77""E"
New Taipei City,,,25.066674,121.438406,"25°04'00.03""N","121°26'18.26""E"
New Taipei City,,,25.066698,121.438442,"25°04'00.11""N","121°26'18.39""E"
New Taipei City,,,25.075613,121.639311,"25°04'32.21""N","121°38'21.52""E"
New Taipei City,,,25.075628,121.6393,"25°04'32.26""N","121°38'21.48""E"
New Taipei City,,,25.066722,121.438472,"25°04'00.20""N","121°26'18.50""E"
New Taipei City,,,25.06671,121.438457,"25°04'00.16""N","121°26'18.45""E"
New Taipei City,,,25.066685,121.438422,"25°04'00.07""N","121°26'18.32""E"
New Taipei City,,,25.075598,121.639322,"25°04'32.15""N","121°38'21.56""E"
New Taipei City,,,25.066746,121.438502,"25°04'00.29""N","121°26'18.61""E"
New Taipei City,,,25.06677,121.438532,"25°04'00.37""N","121°26'18.72""E"
New Taipei City,,,25.066758,121.438517,"25°04'00.33""N","121°26'18.66""E"
New Taipei City,,,25.066734,121.438487,"25°04'00.24""N","121°26'18.55""E"
New Taipei City,,,25.066782,121.438547,"25°04'00.42""N","121°26'18.77""E"
New Taipei City,,,25.066806,121.438578,"25°04'00.50""N","121°26'18.88""E"
New Taipei City,,,25.002315,121.61578,"25°00'08.33""N","121°36'56.81""E"
New Taipei City,,,25.002335,121.615825,"25°00'08.41""N","121°36'56.97""E"
New Taipei City,,,25.066794,121.438563,"25°04'00.46""N","121°26'18.83""E"
New Taipei City,,,25.06683,121.438607,"25°04'00.59""N","121°26'18.99""E"
New Taipei City,,,25.066853,121.438638,"25°04'00.67""N","121°26'19.10""E"
New Taipei City,,,25.066841,121.438623,"25°04'00.63""N","121°26'19.04""E"
New Taipei City,,,25.066818,121.438593,"25°04'00.54""N","121°26'18.93""E"
New Taipei City,,,25.06687,121.438656,"25°04'00.73""N","121°26'19.16""E"
New Taipei City,,,25.066885,121.438668,"25°04'00.79""N","121°26'19.20""E"
New Taipei City,,,25.079366,121.376801,"25°04'45.72""N","121°22'36.48""E"
New Taipei City,,,25.07924,121.376688,"25°04'45.26""N","121°22'36.08""E"
New Taipei City,,,25.02117,121.48093,"25°01'16.21""N","121°28'51.35""E"
New Taipei City,,,24.955776,121.346009,"24°57'20.79""N","121°20'45.63""E"
New Taipei City,,,24.955778,121.346063,"24°57'20.80""N","121°20'45.83""E"
New Taipei City,,,24.933577,121.368401,"24°56'00.88""N","121°22'06.24""E"
New Taipei City,,,25.088303,121.460676,"25°05'17.89""N","121°27'38.43""E"
New Taipei City,,,24.960095,121.539707,"24°57'36.34""N","121°32'22.95""E"
New Taipei City,,,24.999322,121.416764,"24°59'57.56""N","121°25'00.35""E"
New Taipei City,,,24.992759,121.424136,"24°59'33.93""N","121°25'26.89""E"
New Taipei City,,,25.041425,121.446127,"25°02'29.13""N","121°26'46.06""E"
New Taipei City,,,25.011787,121.459918,"25°00'42.43""N","121°27'35.70""E"
New Taipei City,,,25.011819,121.459876,"25°00'42.55""N","121°27'35.55""E"
New Taipei City,,,25.011755,121.45996,"25°00'42.32""N","121°27'35.86""E"
New Taipei City,,,25.011479,121.460241,"25°00'41.32""N","121°27'36.87""E"
New Taipei City,,,25.011327,121.460546,"25°00'40.78""N","121°27'37.97""E"
New Taipei City,,,25.011295,121.460587,"25°00'40.66""N","121°27'38.11""E"
New Taipei City,,,25.178412,121.446408,"25°10'42.28""N","121°26'47.07""E"
New Taipei City,,,25.011263,121.460629,"25°00'40.55""N","121°27'38.26""E"
New Taipei City,,,25.011182,121.460735,"25°00'40.26""N","121°27'38.65""E"
New Taipei City,,,25.01115,121.460777,"25°00'40.14""N","121°27'38.80""E"
New Taipei City,,,25.011118,121.460819,"25°00'40.02""N","121°27'38.95""E"
New Taipei City,,,25.01105,121.460914,"25°00'39.78""N","121°27'39.29""E"
New Taipei City,,,25.010995,121.460986,"25°00'39.58""N","121°27'39.55""E"
New Taipei City,,,25.010911,121.461099,"25°00'39.28""N","121°27'39.96""E"
New Taipei City,,,25.020369,121.433213,"25°01'13.33""N","121°25'59.57""E"
New Taipei City,,,24.952798,121.541542,"24°57'10.07""N","121°32'29.55""E"
New Taipei City,,,24.952805,121.541814,"24°57'10.10""N","121°32'30.53""E"
New Taipei City,,,24.952802,121.541705,"24°57'10.09""N","121°32'30.14""E"
New Taipei City,,,24.952806,121.541868,"24°57'10.10""N","121°32'30.72""E"
New Taipei City,,,24.95281,121.542032,"24°57'10.12""N","121°32'31.32""E"
New Taipei City,,,24.952812,121.542086,"24°57'10.12""N","121°32'31.51""E"
New Taipei City,,,24.952813,121.542141,"24°57'10.13""N","121°32'31.71""E"
New Taipei City,,,24.953097,121.544074,"24°57'11.15""N","121°32'38.67""E"
New Taipei City,,,24.953091,121.54402,"24°57'11.13""N","121°32'38.47""E"
New Taipei City,,,24.952734,121.546684,"24°57'09.84""N","121°32'48.06""E"
New Taipei City,,,24.952791,121.54642,"24°57'10.05""N","121°32'47.11""E"
New Taipei City,,,24.984126,121.416206,"24°59'02.85""N","121°24'58.34""E"
New Taipei City,,,24.984152,121.416258,"24°59'02.95""N","121°24'58.53""E"
New Taipei City,,,24.9841,121.416153,"24°59'02.76""N","121°24'58.15""E"
New Taipei City,,,24.983676,121.415297,"24°59'01.23""N","121°24'55.07""E"
New Taipei City,,,24.983728,121.4154,"24°59'01.42""N","121°24'55.44""E"
New Taipei City,,,24.983779,121.415504,"24°59'01.60""N","121°24'55.81""E"
New Taipei City,,,24.983702,121.415349,"24°59'01.33""N","121°24'55.26""E"
New Taipei City,,,24.983754,121.415453,"24°59'01.51""N","121°24'55.63""E"
New Taipei City,,,24.98365,121.415244,"24°59'01.14""N","121°24'54.88""E"
New Taipei City,,,24.983934,121.415818,"24°59'02.16""N","121°24'56.94""E"
New Taipei City,,,24.983908,121.415766,"24°59'02.07""N","121°24'56.76""E"
New Taipei City,,,24.983805,121.415557,"24°59'01.70""N","121°24'56.01""E"
New Taipei City,,,24.94668,121.37233,"24°56'48.05""N","121°22'20.39""E"
New Taipei City,,,24.983831,121.415609,"24°59'01.79""N","121°24'56.19""E"
New Taipei City,,,25.064611,121.431605,"25°03'52.60""N","121°25'53.78""E"
New Taipei City,,,24.972555,121.331167,"24°58'21.20""N","121°19'52.20""E"
New Taipei City,,,24.983857,121.415662,"24°59'01.89""N","121°24'56.38""E"
New Taipei City,,,24.983572,121.415087,"24°59'00.86""N","121°24'54.31""E"
New Taipei City,,,24.983055,121.414053,"24°58'59.00""N","121°24'50.59""E"
New Taipei City,,,24.983004,121.413949,"24°58'58.81""N","121°24'50.22""E"
New Taipei City,,,24.982978,121.413896,"24°58'58.72""N","121°24'50.03""E"
New Taipei City,,,24.983029,121.414001,"24°58'58.90""N","121°24'50.40""E"
New Taipei City,,,24.982848,121.413632,"24°58'58.25""N","121°24'49.08""E"
New Taipei City,,,24.982796,121.413527,"24°58'58.07""N","121°24'48.70""E"
New Taipei City,,,24.982822,121.41358,"24°58'58.16""N","121°24'48.89""E"
New Taipei City,,,25.07673,121.387422,"25°04'36.23""N","121°23'14.72""E"
New Taipei City,,,25.076603,121.387549,"25°04'35.77""N","121°23'15.18""E"
New Taipei City,,,25.076605,121.387494,"25°04'35.78""N","121°23'14.98""E"
New Taipei City,,,24.93298,121.371938,"24°55'58.73""N","121°22'18.98""E"
New Taipei City,,,24.971585,121.415051,"24°58'17.71""N","121°24'54.18""E"
New Taipei City,,,24.971479,121.414885,"24°58'17.32""N","121°24'53.59""E"
New Taipei City,,,24.971536,121.414975,"24°58'17.53""N","121°24'53.91""E"
New Taipei City,,,25.057143,121.499568,"25°03'25.71""N","121°29'58.44""E"
New Taipei City,,,24.970796,121.413191,"24°58'14.87""N","121°24'47.49""E"
New Taipei City,,,24.970731,121.41293,"24°58'14.63""N","121°24'46.55""E"
New Taipei City,,,24.972872,121.417098,"24°58'22.34""N","121°25'01.55""E"
New Taipei City,,,24.972816,121.417008,"24°58'22.14""N","121°25'01.23""E"
New Taipei City,,,24.972844,121.417053,"24°58'22.24""N","121°25'01.39""E"
New Taipei City,,,24.972646,121.416724,"24°58'21.53""N","121°25'00.21""E"
New Taipei City,,,24.97262,121.416678,"24°58'21.43""N","121°25'00.04""E"
New Taipei City,,,24.972673,121.41677,"24°58'21.62""N","121°25'00.37""E"
New Taipei City,,,24.970021,121.40637,"24°58'12.08""N","121°24'22.93""E"
New Taipei City,,,24.972447,121.416412,"24°58'20.81""N","121°24'59.08""E"
New Taipei City,,,24.972699,121.416816,"24°58'21.72""N","121°25'00.54""E"
New Taipei City,,,24.972726,121.416862,"24°58'21.81""N","121°25'00.70""E"
New Taipei City,,,24.972356,121.416266,"24°58'20.48""N","121°24'58.56""E"
New Taipei City,,,24.972222,121.416055,"24°58'20.00""N","121°24'57.80""E"
New Taipei City,,,24.972087,121.415812,"24°58'19.51""N","121°24'56.92""E"
New Taipei City,,,24.97185,121.415443,"24°58'18.66""N","121°24'55.59""E"
New Taipei City,,,24.973293,121.417774,"24°58'23.85""N","121°25'03.99""E"
New Taipei City,,,24.973265,121.417729,"24°58'23.75""N","121°25'03.82""E"
New Taipei City,,,24.975665,121.420711,"24°58'32.39""N","121°25'14.56""E"
New Taipei City,,,24.975623,121.420682,"24°58'32.24""N","121°25'14.46""E"
New Taipei City,,,24.975056,121.420228,"24°58'30.20""N","121°25'12.82""E"
New Taipei City,,,24.975019,121.420193,"24°58'30.07""N","121°25'12.69""E"
New Taipei City,,,24.974923,121.420097,"24°58'29.72""N","121°25'12.35""E"
New Taipei City,,,24.974958,121.420135,"24°58'29.85""N","121°25'12.49""E"
New Taipei City,,,24.97433,121.419373,"24°58'27.59""N","121°25'09.74""E"
New Taipei City,,,24.97446,121.419548,"24°58'28.06""N","121°25'10.37""E"
New Taipei City,,,24.974555,121.419676,"24°58'28.40""N","121°25'10.83""E"
New Taipei City,,,24.974523,121.419634,"24°58'28.28""N","121°25'10.68""E"
New Taipei City,,,24.974397,121.419461,"24°58'27.83""N","121°25'10.06""E"
New Taipei City,,,25.025256,121.413568,"25°01'30.92""N","121°24'48.84""E"
New Taipei City,,,25.025278,121.413611,"25°01'31.00""N","121°24'49.00""E"
New Taipei City,,,25.025304,121.413659,"25°01'31.09""N","121°24'49.17""E"
New Taipei City,,,25.067231,121.481484,"25°04'02.03""N","121°28'53.34""E"
New Taipei City,,,24.996929,121.463378,"24°59'48.94""N","121°27'48.16""E"
New Taipei City,,,24.996883,121.463356,"24°59'48.78""N","121°27'48.08""E"
New Taipei City,,,24.996975,121.463399,"24°59'49.11""N","121°27'48.24""E"
New Taipei City,,,24.996681,121.463219,"24°59'48.05""N","121°27'47.59""E"
New Taipei City,,,24.996642,121.463185,"24°59'47.91""N","121°27'47.47""E"
New Taipei City,,,24.996604,121.463149,"24°59'47.77""N","121°27'47.34""E"
New Taipei City,,,24.996568,121.463112,"24°59'47.64""N","121°27'47.20""E"
New Taipei City,,,24.996532,121.463073,"24°59'47.52""N","121°27'47.06""E"
New Taipei City,,,24.996704,121.463391,"24°59'48.13""N","121°27'48.21""E"
New Taipei City,,,24.996759,121.463427,"24°59'48.33""N","121°27'48.34""E"
New Taipei City,,,24.997041,121.463564,"24°59'49.35""N","121°27'48.83""E"
New Taipei City,,,24.997137,121.463592,"24°59'49.69""N","121°27'48.93""E"
New Taipei City,,,25.019119,121.422811,"25°01'08.83""N","121°25'22.12""E"
New Taipei City,,,25.019168,121.422661,"25°01'09.00""N","121°25'21.58""E"
New Taipei City,,,25.050912,121.455529,"25°03'03.28""N","121°27'19.90""E"
New Taipei City,,,25.050911,121.455583,"25°03'03.28""N","121°27'20.10""E"
New Taipei City,,,25.052745,121.449774,"25°03'09.88""N","121°26'59.19""E"
New Taipei City,,,25.052745,121.449857,"25°03'09.88""N","121°26'59.49""E"
New Taipei City,,,25.053404,121.490782,"25°03'12.25""N","121°29'26.82""E"
New Taipei City,,,25.053444,121.490815,"25°03'12.40""N","121°29'26.93""E"
New Taipei City,,,25.053499,121.490862,"25°03'12.60""N","121°29'27.10""E"
New Taipei City,,,25.052802,121.449646,"25°03'10.09""N","121°26'58.73""E"
New Taipei City,,,24.974399,121.330184,"24°58'27.84""N","121°19'48.66""E"
New Taipei City,,,24.974475,121.330115,"24°58'28.11""N","121°19'48.41""E"
New Taipei City,,,24.974322,121.330254,"24°58'27.56""N","121°19'48.91""E"
New Taipei City,,,24.97436,121.330219,"24°58'27.70""N","121°19'48.79""E"
New Taipei City,,,24.987245,121.46032,"24°59'14.08""N","121°27'37.15""E"
New Taipei City,,,24.988002,121.460474,"24°59'16.81""N","121°27'37.71""E"
New Taipei City,,,24.988051,121.460482,"24°59'16.98""N","121°27'37.74""E"
New Taipei City,,,24.969365,121.437785,"24°58'09.71""N","121°26'16.03""E"
New Taipei City,,,24.969414,121.437783,"24°58'09.89""N","121°26'16.02""E"
New Taipei City,,,24.970591,121.43772,"24°58'14.13""N","121°26'15.79""E"
New Taipei City,,,25.008644,121.46269,"25°00'31.12""N","121°27'45.68""E"
New Taipei City,,,25.008984,121.462931,"25°00'32.34""N","121°27'46.55""E"
New Taipei City,,,25.008942,121.462901,"25°00'32.19""N","121°27'46.44""E"
New Taipei City,,,25.00869,121.471353,"25°00'31.28""N","121°28'16.87""E"
New Taipei City,,,25.018332,121.460281,"25°01'06.00""N","121°27'37.01""E"
New Taipei City,,,25.018349,121.460357,"25°01'06.06""N","121°27'37.29""E"
New Taipei City,,,24.992876,121.50011,"24°59'34.35""N","121°30'00.40""E"
New Taipei City,,,24.992869,121.500164,"24°59'34.33""N","121°30'00.59""E"
New Taipei City,,,24.992862,121.500218,"24°59'34.30""N","121°30'00.78""E"
New Taipei City,,,24.992752,121.501065,"24°59'33.91""N","121°30'03.83""E"
New Taipei City,,,24.992759,121.501011,"24°59'33.93""N","121°30'03.64""E"
New Taipei City,,,24.992766,121.500957,"24°59'33.96""N","121°30'03.45""E"
New Taipei City,,,25.027029,121.461938,"25°01'37.30""N","121°27'42.98""E"
New Taipei City,,,24.992826,121.500497,"24°59'34.17""N","121°30'01.79""E"
New Taipei City,,,24.992818,121.500561,"24°59'34.14""N","121°30'02.02""E"
New Taipei City,,,24.992741,121.501145,"24°59'33.87""N","121°30'04.12""E"
New Taipei City,,,25.045546,121.457486,"25°02'43.97""N","121°27'26.95""E"
New Taipei City,,,25.045544,121.457431,"25°02'43.96""N","121°27'26.75""E"
New Taipei City,,,25.045542,121.457377,"25°02'43.95""N","121°27'26.56""E"
New Taipei City,,,25.024612,121.477451,"25°01'28.60""N","121°28'38.82""E"
New Taipei City,,,25.024189,121.477831,"25°01'27.08""N","121°28'40.19""E"
New Taipei City,,,25.024156,121.477872,"25°01'26.96""N","121°28'40.34""E"
New Taipei City,,,25.019351,121.479317,"25°01'09.66""N","121°28'45.54""E"
New Taipei City,,,25.019401,121.479316,"25°01'09.84""N","121°28'45.54""E"
New Taipei City,,,25.01945,121.479315,"25°01'10.02""N","121°28'45.53""E"
New Taipei City,,,25.020362,121.479309,"25°01'13.30""N","121°28'45.51""E"
New Taipei City,,,25.020313,121.479307,"25°01'13.13""N","121°28'45.51""E"
New Taipei City,,,25.020412,121.47931,"25°01'13.48""N","121°28'45.52""E"
New Taipei City,,,24.958789,121.531572,"24°57'31.64""N","121°31'53.66""E"
New Taipei City,,,24.958805,121.531581,"24°57'31.70""N","121°31'53.69""E"
New Taipei City,,,24.958821,121.53159,"24°57'31.76""N","121°31'53.72""E"
New Taipei City,,,24.958837,121.531599,"24°57'31.81""N","121°31'53.76""E"
New Taipei City,,,24.958853,121.531608,"24°57'31.87""N","121°31'53.79""E"
New Taipei City,,,24.958869,121.531617,"24°57'31.93""N","121°31'53.82""E"
New Taipei City,,,24.958885,121.531626,"24°57'31.99""N","121°31'53.85""E"
New Taipei City,,,24.958978,121.531687,"24°57'32.32""N","121°31'54.07""E"
New Taipei City,,,24.958995,121.531696,"24°57'32.38""N","121°31'54.11""E"
New Taipei City,,,24.959011,121.531704,"24°57'32.44""N","121°31'54.13""E"
New Taipei City,,,24.959027,121.531712,"24°57'32.50""N","121°31'54.16""E"
New Taipei City,,,24.959044,121.531721,"24°57'32.56""N","121°31'54.20""E"
New Taipei City,,,24.95906,121.531729,"24°57'32.62""N","121°31'54.22""E"
New Taipei City,,,24.959076,121.531738,"24°57'32.67""N","121°31'54.26""E"
New Taipei City,,,24.959093,121.531746,"24°57'32.73""N","121°31'54.29""E"
New Taipei City,,,24.959109,121.531755,"24°57'32.79""N","121°31'54.32""E"
New Taipei City,,,24.97726,121.538012,"24°58'38.14""N","121°32'16.84""E"
New Taipei City,,,24.977228,121.537977,"24°58'38.02""N","121°32'16.72""E"
New Taipei City,,,25.003485,121.472185,"25°00'12.55""N","121°28'19.87""E"
New Taipei City,,,25.081297,121.388701,"25°04'52.67""N","121°23'19.32""E"
New Taipei City,,,24.998078,121.506079,"24°59'53.08""N","121°30'21.88""E"
New Taipei City,,,24.998176,121.506061,"24°59'53.43""N","121°30'21.82""E"
New Taipei City,,,25.005814,121.520715,"25°00'20.93""N","121°31'14.57""E"
New Taipei City,,,25.00576,121.520681,"25°00'20.74""N","121°31'14.45""E"
New Taipei City,,,25.007274,121.502746,"25°00'26.19""N","121°30'09.89""E"
New Taipei City,,,25.005654,121.520608,"25°00'20.35""N","121°31'14.19""E"
New Taipei City,,,25.005602,121.520566,"25°00'20.17""N","121°31'14.04""E"
New Taipei City,,,25.005563,121.520532,"25°00'20.03""N","121°31'13.92""E"
New Taipei City,,,24.959125,121.531763,"24°57'32.85""N","121°31'54.35""E"
New Taipei City,,,24.959142,121.531772,"24°57'32.91""N","121°31'54.38""E"
New Taipei City,,,24.959158,121.53178,"24°57'32.97""N","121°31'54.41""E"
New Taipei City,,,24.959174,121.531788,"24°57'33.03""N","121°31'54.44""E"
New Taipei City,,,24.975538,121.420625,"24°58'31.94""N","121°25'14.25""E"
New Taipei City,,,24.974852,121.42002,"24°58'29.47""N","121°25'12.07""E"
New Taipei City,,,24.974817,121.419982,"24°58'29.34""N","121°25'11.94""E"
New Taipei City,,,24.974888,121.420059,"24°58'29.60""N","121°25'12.21""E"
New Taipei City,,,24.975581,121.420653,"24°58'32.09""N","121°25'14.35""E"
New Taipei City,,,24.975164,121.420456,"24°58'30.59""N","121°25'13.64""E"
New Taipei City,,,24.975087,121.420387,"24°58'30.31""N","121°25'13.39""E"
New Taipei City,,,24.975487,121.420708,"24°58'31.75""N","121°25'14.55""E"
New Taipei City,,,24.975203,121.420489,"24°58'30.73""N","121°25'13.76""E"
New Taipei City,,,24.975243,121.420522,"24°58'30.87""N","121°25'13.88""E"
New Taipei City,,,24.975011,121.420318,"24°58'30.04""N","121°25'13.14""E"
New Taipei City,,,24.975283,121.420554,"24°58'31.02""N","121°25'13.99""E"
New Taipei City,,,24.981941,121.452482,"24°58'54.99""N","121°27'08.94""E"
New Taipei City,,,24.974889,121.420202,"24°58'29.60""N","121°25'12.73""E"
New Taipei City,,,24.974927,121.420237,"24°58'29.74""N","121°25'12.85""E"
New Taipei City,,,24.975627,121.420804,"24°58'32.26""N","121°25'14.89""E"
New Taipei City,,,24.975756,121.420886,"24°58'32.72""N","121°25'15.19""E"
New Taipei City,,,24.97567,121.420831,"24°58'32.41""N","121°25'14.99""E"
New Taipei City,,,24.975713,121.420859,"24°58'32.57""N","121°25'15.09""E"
New Taipei City,,,24.974796,121.420104,"24°58'29.27""N","121°25'12.37""E"
New Taipei City,,,24.975446,121.420677,"24°58'31.61""N","121°25'14.44""E"
New Taipei City,,,24.975126,121.420422,"24°58'30.45""N","121°25'13.52""E"
New Taipei City,,,24.976043,121.420939,"24°58'33.75""N","121°25'15.38""E"
New Taipei City,,,24.975999,121.420915,"24°58'33.60""N","121°25'15.29""E"
New Taipei City,,,24.975954,121.420891,"24°58'33.43""N","121°25'15.21""E"
New Taipei City,,,24.975909,121.420867,"24°58'33.27""N","121°25'15.12""E"
New Taipei City,,,24.975865,121.420843,"24°58'33.11""N","121°25'15.03""E"
New Taipei City,,,24.975998,121.421021,"24°58'33.59""N","121°25'15.68""E"
New Taipei City,,,24.975909,121.420974,"24°58'33.27""N","121°25'15.51""E"
New Taipei City,,,24.976088,121.421067,"24°58'33.92""N","121°25'15.84""E"
New Taipei City,,,24.975953,121.420998,"24°58'33.43""N","121°25'15.59""E"
New Taipei City,,,24.976043,121.421044,"24°58'33.75""N","121°25'15.76""E"
New Taipei City,,,24.976472,121.421239,"24°58'35.30""N","121°25'16.46""E"
New Taipei City,,,24.951203,121.383054,"24°57'04.33""N","121°22'58.99""E"
New Taipei City,,,24.984004,121.54302,"24°59'02.41""N","121°32'34.87""E"
New Taipei City,,,25.076561,121.48208,"25°04'35.62""N","121°28'55.49""E"
New Taipei City,,,25.076536,121.481911,"25°04'35.53""N","121°28'54.88""E"
New Taipei City,,,24.997966,121.463364,"24°59'52.68""N","121°27'48.11""E"
New Taipei City,,,25.093592,121.458407,"25°05'36.93""N","121°27'30.27""E"
New Taipei City,,,25.067695,121.365005,"25°04'03.70""N","121°21'54.02""E"
New Taipei City,,,25.020519,121.470835,"25°01'13.87""N","121°28'15.01""E"
New Taipei City,,,24.982728,121.412038,"24°58'57.82""N","121°24'43.34""E"
New Taipei City,,,25.015887,121.423993,"25°00'57.19""N","121°25'26.37""E"
New Taipei City,,,25.013841,121.424058,"25°00'49.83""N","121°25'26.61""E"
New Taipei City,,,25.081564,121.375516,"25°04'53.63""N","121°22'31.86""E"
New Taipei City,,,24.964687,121.515508,"24°57'52.87""N","121°30'55.83""E"
New Taipei City,,,25.069686,121.375646,"25°04'10.87""N","121°22'32.33""E"
New Taipei City,,,25.012203,121.486205,"25°00'43.93""N","121°29'10.34""E"
New Taipei City,,,25.035866,121.443189,"25°02'09.12""N","121°26'35.48""E"
New Taipei City,,,25.035987,121.443159,"25°02'09.55""N","121°26'35.37""E"
New Taipei City,,,24.997902,121.461721,"24°59'52.45""N","121°27'42.20""E"
New Taipei City,,,25.078017,121.464888,"25°04'40.86""N","121°27'53.60""E"
New Taipei City,,,25.161745,121.412296,"25°09'42.28""N","121°24'44.27""E"
New Taipei City,,,25.161717,121.428477,"25°09'42.18""N","121°25'42.52""E"
New Taipei City,,,24.98656,121.464413,"24°59'11.62""N","121°27'51.89""E"
New Taipei City,,,25.071039,121.48533,"25°04'15.74""N","121°29'07.19""E"
New Taipei City,,,25.161789,121.427796,"25°09'42.44""N","121°25'40.07""E"
New Taipei City,,,25.162204,121.423914,"25°09'43.93""N","121°25'26.09""E"
New Taipei City,,,25.002361,121.525786,"25°00'08.50""N","121°31'32.83""E"
New Taipei City,,,25.062765,121.493326,"25°03'45.95""N","121°29'35.97""E"
New Taipei City,,,25.063174,121.493742,"25°03'47.43""N","121°29'37.47""E"
New Taipei City,,,24.952978,121.54209,"24°57'10.72""N","121°32'31.52""E"
New Taipei City,,,24.952979,121.542145,"24°57'10.72""N","121°32'31.72""E"
New Taipei City,,,24.978185,121.406958,"24°58'41.47""N","121°24'25.05""E"
New Taipei City,,,25.00429,121.619647,"25°00'15.44""N","121°37'10.73""E"
New Taipei City,,,24.978912,121.453662,"24°58'44.08""N","121°27'13.18""E"
New Taipei City,,,24.998621,121.506036,"24°59'55.04""N","121°30'21.73""E"
New Taipei City,,,24.981323,121.465362,"24°58'52.76""N","121°27'55.30""E"
New Taipei City,,,24.980805,121.465256,"24°58'50.90""N","121°27'54.92""E"
New Taipei City,,,24.981713,121.46544,"24°58'54.17""N","121°27'55.58""E"
New Taipei City,,,25.005061,121.48905,"25°00'18.22""N","121°29'20.58""E"
New Taipei City,,,25.005072,121.489102,"25°00'18.26""N","121°29'20.77""E"
New Taipei City,,,25.079158,121.37661,"25°04'44.97""N","121°22'35.80""E"
New Taipei City,,,25.079117,121.37657,"25°04'44.82""N","121°22'35.65""E"
New Taipei City,,,24.981218,121.543876,"24°58'52.38""N","121°32'37.95""E"
New Taipei City,,,25.010079,121.418835,"25°00'36.28""N","121°25'07.81""E"
New Taipei City,,,25.00256,121.488089,"25°00'09.22""N","121°29'17.12""E"
New Taipei City,,,25.149323,121.399147,"25°08'57.56""N","121°23'56.93""E"
New Taipei City,,,25.195471,121.437214,"25°11'43.70""N","121°26'13.97""E"
New Taipei City,,,24.990603,121.535368,"24°59'26.17""N","121°32'07.32""E"
New Taipei City,,,24.990378,121.535361,"24°59'25.36""N","121°32'07.30""E"
New Taipei City,,,24.990423,121.535362,"24°59'25.52""N","121°32'07.30""E"
New Taipei City,,,24.990468,121.535363,"24°59'25.68""N","121°32'07.31""E"
New Taipei City,,,24.990513,121.535364,"24°59'25.85""N","121°32'07.31""E"
New Taipei City,,,24.990558,121.535366,"24°59'26.01""N","121°32'07.32""E"
New Taipei City,,,24.989977,121.535407,"24°59'23.92""N","121°32'07.47""E"
New Taipei City,,,24.990021,121.535396,"24°59'24.08""N","121°32'07.43""E"
New Taipei City,,,24.990065,121.535386,"24°59'24.23""N","121°32'07.39""E"
New Taipei City,,,24.990109,121.535376,"24°59'24.39""N","121°32'07.35""E"
New Taipei City,,,24.990154,121.535368,"24°59'24.55""N","121°32'07.32""E"
New Taipei City,,,24.990648,121.535371,"24°59'26.33""N","121°32'07.34""E"
New Taipei City,,,25.011276,121.420395,"25°00'40.59""N","121°25'13.42""E"
New Taipei City,,,25.011256,121.420346,"25°00'40.52""N","121°25'13.25""E"
New Taipei City,,,25.087142,121.379552,"25°05'13.71""N","121°22'46.39""E"
New Taipei City,,,25.0871,121.379525,"25°05'13.56""N","121°22'46.29""E"
New Taipei City,,,25.087371,121.379694,"25°05'14.54""N","121°22'46.90""E"
New Taipei City,,,25.087324,121.379665,"25°05'14.37""N","121°22'46.79""E"
New Taipei City,,,25.087186,121.379579,"25°05'13.87""N","121°22'46.48""E"
New Taipei City,,,24.95284,121.546153,"24°57'10.22""N","121°32'46.15""E"
New Taipei City,,,24.952879,121.54594,"24°57'10.36""N","121°32'45.38""E"
New Taipei City,,,24.952899,121.545833,"24°57'10.44""N","121°32'45.00""E"
New Taipei City,,,24.95281,121.546314,"24°57'10.12""N","121°32'46.73""E"
New Taipei City,,,24.952869,121.545993,"24°57'10.33""N","121°32'45.57""E"
New Taipei City,,,24.952973,121.545516,"24°57'10.70""N","121°32'43.86""E"
New Taipei City,,,24.953086,121.545098,"24°57'11.11""N","121°32'42.35""E"
New Taipei City,,,24.958721,121.51229,"24°57'31.40""N","121°30'44.24""E"
New Taipei City,,,24.953072,121.54515,"24°57'11.06""N","121°32'42.54""E"
New Taipei City,,,25.062761,121.48921,"25°03'45.94""N","121°29'21.16""E"
New Taipei City,,,25.062804,121.489226,"25°03'46.09""N","121°29'21.21""E"
New Taipei City,,,25.094576,121.462578,"25°05'40.47""N","121°27'45.28""E"
New Taipei City,,,25.09463,121.462555,"25°05'40.67""N","121°27'45.20""E"
New Taipei City,,,25.095577,121.462164,"25°05'44.08""N","121°27'43.79""E"
New Taipei City,,,25.095415,121.462232,"25°05'43.49""N","121°27'44.04""E"
New Taipei City,,,25.095369,121.462251,"25°05'43.33""N","121°27'44.10""E"
New Taipei City,,,25.000189,121.472653,"25°00'00.68""N","121°28'21.55""E"
New Taipei City,,,24.952959,121.545568,"24°57'10.65""N","121°32'44.04""E"
New Taipei City,,,24.952945,121.54562,"24°57'10.60""N","121°32'44.23""E"
New Taipei City,,,24.953029,121.545307,"24°57'10.90""N","121°32'43.11""E"
New Taipei City,,,24.953015,121.545359,"24°57'10.85""N","121°32'43.29""E"
New Taipei City,,,24.952751,121.546634,"24°57'09.90""N","121°32'47.88""E"
New Taipei City,,,24.953158,121.543468,"24°57'11.37""N","121°32'36.48""E"
New Taipei City,,,24.953257,121.544217,"24°57'11.73""N","121°32'39.18""E"
New Taipei City,,,24.953256,121.544272,"24°57'11.72""N","121°32'39.38""E"
New Taipei City,,,24.953258,121.544163,"24°57'11.73""N","121°32'38.99""E"
New Taipei City,,,24.953254,121.544001,"24°57'11.71""N","121°32'38.40""E"
New Taipei City,,,24.95326,121.544054,"24°57'11.74""N","121°32'38.59""E"
New Taipei City,,,25.095323,121.462271,"25°05'43.16""N","121°27'44.18""E"
New Taipei City,,,25.157648,121.409708,"25°09'27.53""N","121°24'34.95""E"
New Taipei City,,,25.157814,121.409553,"25°09'28.13""N","121°24'34.39""E"
New Taipei City,,,25.059911,121.502085,"25°03'35.68""N","121°30'07.51""E"
New Taipei City,,,25.05987,121.502055,"25°03'35.53""N","121°30'07.40""E"
New Taipei City,,,25.059829,121.502024,"25°03'35.38""N","121°30'07.29""E"
New Taipei City,,,25.005625,121.62385,"25°00'20.25""N","121°37'25.86""E"
New Taipei City,,,25.056044,121.473465,"25°03'21.76""N","121°28'24.47""E"
New Taipei City,,,25.056045,121.473519,"25°03'21.76""N","121°28'24.67""E"
New Taipei City,,,25.004087,121.463461,"25°00'14.71""N","121°27'48.46""E"
New Taipei City,,,25.004121,121.463668,"25°00'14.84""N","121°27'49.20""E"
New Taipei City,,,25.090099,121.440196,"25°05'24.36""N","121°26'24.71""E"
New Taipei City,,,25.064179,121.657523,"25°03'51.04""N","121°39'27.08""E"
New Taipei City,,,24.987976,121.422937,"24°59'16.71""N","121°25'22.57""E"
New Taipei City,,,25.088793,121.489481,"25°05'19.65""N","121°29'22.13""E"
New Taipei City,,,25.091964,121.469552,"25°05'31.07""N","121°28'10.39""E"
New Taipei City,,,24.98765,121.455629,"24°59'15.54""N","121°27'20.26""E"
New Taipei City,,,24.979662,121.447459,"24°58'46.78""N","121°26'50.85""E"
New Taipei City,,,24.983576,121.450611,"24°59'00.87""N","121°27'02.20""E"
New Taipei City,,,24.952423,121.344423,"24°57'08.72""N","121°20'39.92""E"
New Taipei City,,,24.952463,121.344523,"24°57'08.87""N","121°20'40.28""E"
New Taipei City,,,24.974156,121.445541,"24°58'26.96""N","121°26'43.95""E"
New Taipei City,,,24.974046,121.445431,"24°58'26.57""N","121°26'43.55""E"
New Taipei City,,,24.981235,121.454141,"24°58'52.45""N","121°27'14.91""E"
New Taipei City,,,24.981045,121.453889,"24°58'51.76""N","121°27'14.00""E"
New Taipei City,,,24.984902,121.460345,"24°59'05.65""N","121°27'37.24""E"
New Taipei City,,,24.987771,121.460359,"24°59'15.98""N","121°27'37.29""E"
New Taipei City,,,25.068516,121.491074,"25°04'06.66""N","121°29'27.87""E"
New Taipei City,,,25.161922,121.424329,"25°09'42.92""N","121°25'27.58""E"
New Taipei City,,,25.050895,121.492165,"25°03'03.22""N","121°29'31.79""E"
New Taipei City,,,24.94235,121.375783,"24°56'32.46""N","121°22'32.82""E"
New Taipei City,,,24.93552,121.365154,"24°56'07.87""N","121°21'54.55""E"
New Taipei City,,,24.935501,121.364937,"24°56'07.80""N","121°21'53.77""E"
New Taipei City,,,24.935823,121.362802,"24°56'08.96""N","121°21'46.09""E"
New Taipei City,,,25.073913,121.478117,"25°04'26.09""N","121°28'41.22""E"
New Taipei City,,,24.950718,121.379858,"24°57'02.58""N","121°22'47.49""E"
New Taipei City,,,24.950729,121.379911,"24°57'02.62""N","121°22'47.68""E"
New Taipei City,,,24.983569,121.543249,"24°59'00.85""N","121°32'35.70""E"
New Taipei City,,,24.995812,121.460629,"24°59'44.92""N","121°27'38.26""E"
New Taipei City,,,24.995112,121.462248,"24°59'42.40""N","121°27'44.09""E"
New Taipei City,,,24.9952,121.462229,"24°59'42.72""N","121°27'44.02""E"
New Taipei City,,,25.086074,121.461384,"25°05'09.87""N","121°27'40.98""E"
New Taipei City,,,25.046476,121.45973,"25°02'47.31""N","121°27'35.03""E"
New Taipei City,,,25.046344,121.45973,"25°02'46.84""N","121°27'35.03""E"
New Taipei City,,,25.046756,121.459729,"25°02'48.32""N","121°27'35.02""E"
New Taipei City,,,24.995289,121.462209,"24°59'43.04""N","121°27'43.95""E"
New Taipei City,,,25.047849,121.459724,"25°02'52.26""N","121°27'35.01""E"
New Taipei City,,,25.046639,121.45973,"25°02'47.90""N","121°27'35.03""E"
New Taipei City,,,25.047117,121.459729,"25°02'49.62""N","121°27'35.02""E"
New Taipei City,,,25.049151,121.459707,"25°02'56.94""N","121°27'34.95""E"
New Taipei City,,,25.048842,121.459709,"25°02'55.83""N","121°27'34.95""E"
New Taipei City,,,25.079077,121.376531,"25°04'44.68""N","121°22'35.51""E"
New Taipei City,,,25.072963,121.369938,"25°04'22.67""N","121°22'11.78""E"
New Taipei City,,,25.048774,121.459708,"25°02'55.59""N","121°27'34.95""E"
New Taipei City,,,25.048688,121.459708,"25°02'55.28""N","121°27'34.95""E"
New Taipei City,,,25.048583,121.459706,"25°02'54.90""N","121°27'34.94""E"
New Taipei City,,,25.049313,121.459711,"25°02'57.53""N","121°27'34.96""E"
New Taipei City,,,25.049242,121.459711,"25°02'57.27""N","121°27'34.96""E"
New Taipei City,,,25.048263,121.459722,"25°02'53.75""N","121°27'35.00""E"
New Taipei City,,,25.050681,121.459705,"25°03'02.45""N","121°27'34.94""E"
New Taipei City,,,25.050759,121.459705,"25°03'02.73""N","121°27'34.94""E"
New Taipei City,,,25.050842,121.459703,"25°03'03.03""N","121°27'34.93""E"
New Taipei City,,,25.050996,121.459704,"25°03'03.59""N","121°27'34.93""E"
New Taipei City,,,25.051239,121.459702,"25°03'04.46""N","121°27'34.93""E"
New Taipei City,,,25.01133,121.41983,"25°00'40.79""N","121°25'11.39""E"
New Taipei City,,,24.994127,121.521251,"24°59'38.86""N","121°31'16.50""E"
New Taipei City,,,25.073074,121.370069,"25°04'23.07""N","121°22'12.25""E"
New Taipei City,,,25.073,121.369982,"25°04'22.80""N","121°22'11.94""E"
New Taipei City,,,25.06225,121.466419,"25°03'44.10""N","121°27'59.11""E"
New Taipei City,,,25.0623,121.466418,"25°03'44.28""N","121°27'59.10""E"
New Taipei City,,,25.062349,121.466418,"25°03'44.46""N","121°27'59.10""E"
New Taipei City,,,25.062399,121.466418,"25°03'44.64""N","121°27'59.10""E"
New Taipei City,,,25.062746,121.466417,"25°03'45.89""N","121°27'59.10""E"
New Taipei City,,,25.062796,121.466417,"25°03'46.07""N","121°27'59.10""E"
New Taipei City,,,25.062846,121.466417,"25°03'46.25""N","121°27'59.10""E"
New Taipei City,,,25.062998,121.466314,"25°03'46.79""N","121°27'58.73""E"
New Taipei City,,,24.981492,121.506797,"24°58'53.37""N","121°30'24.47""E"
New Taipei City,,,24.98145,121.506825,"24°58'53.22""N","121°30'24.57""E"
New Taipei City,,,24.981407,121.506853,"24°58'53.07""N","121°30'24.67""E"
New Taipei City,,,24.981535,121.506769,"24°58'53.53""N","121°30'24.37""E"
New Taipei City,,,25.01479,121.50842,"25°00'53.24""N","121°30'30.31""E"
New Taipei City,,,25.014769,121.50853,"25°00'53.17""N","121°30'30.71""E"
New Taipei City,,,25.014924,121.508675,"25°00'53.73""N","121°30'31.23""E"
New Taipei City,,,25.014876,121.508501,"25°00'53.55""N","121°30'30.60""E"
New Taipei City,,,25.014833,121.508461,"25°00'53.40""N","121°30'30.46""E"
New Taipei City,,,24.994024,121.521329,"24°59'38.49""N","121°31'16.78""E"
New Taipei City,,,24.994004,121.521461,"24°59'38.41""N","121°31'17.26""E"
New Taipei City,,,24.993963,121.521744,"24°59'38.27""N","121°31'18.28""E"
New Taipei City,,,24.994064,121.521681,"24°59'38.63""N","121°31'18.05""E"
New Taipei City,,,24.994072,121.521627,"24°59'38.66""N","121°31'17.86""E"
New Taipei City,,,24.99408,121.521574,"24°59'38.69""N","121°31'17.67""E"
New Taipei City,,,24.994088,121.52152,"24°59'38.72""N","121°31'17.47""E"
New Taipei City,,,25.069438,121.48956,"25°04'09.98""N","121°29'22.42""E"
New Taipei City,,,24.984214,121.41266,"24°59'03.17""N","121°24'45.58""E"
New Taipei City,,,24.984268,121.41271,"24°59'03.36""N","121°24'45.76""E"
New Taipei City,,,24.98431,121.412749,"24°59'03.52""N","121°24'45.90""E"
New Taipei City,,,24.984787,121.413175,"24°59'05.23""N","121°24'47.43""E"
New Taipei City,,,24.985072,121.413414,"24°59'06.26""N","121°24'48.29""E"
New Taipei City,,,24.985193,121.413509,"24°59'06.69""N","121°24'48.63""E"
New Taipei City,,,24.972494,121.331082,"24°58'20.98""N","121°19'51.90""E"
New Taipei City,,,25.000167,121.490424,"25°00'00.60""N","121°29'25.53""E"
New Taipei City,,,25.000167,121.490478,"25°00'00.60""N","121°29'25.72""E"
New Taipei City,,,24.988134,121.460498,"24°59'17.28""N","121°27'37.79""E"
New Taipei City,,,24.988183,121.460507,"24°59'17.46""N","121°27'37.83""E"
New Taipei City,,,25.052736,121.448537,"25°03'09.85""N","121°26'54.73""E"
New Taipei City,,,25.004135,121.457611,"25°00'14.89""N","121°27'27.40""E"
New Taipei City,,,25.026251,121.426126,"25°01'34.50""N","121°25'34.05""E"
New Taipei City,,,24.987196,121.460311,"24°59'13.91""N","121°27'37.12""E"
New Taipei City,,,24.987022,121.460281,"24°59'13.28""N","121°27'37.01""E"
New Taipei City,,,25.025911,121.428991,"25°01'33.28""N","121°25'44.37""E"
New Taipei City,,,25.026153,121.428906,"25°01'34.15""N","121°25'44.06""E"
New Taipei City,,,25.080724,121.482587,"25°04'50.61""N","121°28'57.31""E"
New Taipei City,,,25.08074,121.482638,"25°04'50.66""N","121°28'57.50""E"
New Taipei City,,,25.026642,121.428732,"25°01'35.91""N","121°25'43.44""E"
New Taipei City,,,25.026689,121.428715,"25°01'36.08""N","121°25'43.37""E"
New Taipei City,,,25.026743,121.428695,"25°01'36.27""N","121°25'43.30""E"
New Taipei City,,,25.026808,121.428672,"25°01'36.51""N","121°25'43.22""E"
New Taipei City,,,25.02687,121.428649,"25°01'36.73""N","121°25'43.14""E"
New Taipei City,,,25.02692,121.42863,"25°01'36.91""N","121°25'43.07""E"
New Taipei City,,,25.026607,121.428639,"25°01'35.79""N","121°25'43.10""E"
New Taipei City,,,25.026827,121.42856,"25°01'36.58""N","121°25'42.82""E"
New Taipei City,,,25.025605,121.428752,"25°01'32.18""N","121°25'43.51""E"
New Taipei City,,,24.986965,121.460271,"24°59'13.07""N","121°27'36.98""E"
New Taipei City,,,25.025083,121.42788,"25°01'30.30""N","121°25'40.37""E"
New Taipei City,,,25.027383,121.429528,"25°01'38.58""N","121°25'46.30""E"
New Taipei City,,,25.02736,121.429452,"25°01'38.50""N","121°25'46.03""E"
New Taipei City,,,25.012451,121.456143,"25°00'44.82""N","121°27'22.11""E"
New Taipei City,,,25.012474,121.456251,"25°00'44.91""N","121°27'22.50""E"
New Taipei City,,,25.012821,121.456297,"25°00'46.16""N","121°27'22.67""E"
New Taipei City,,,25.073453,121.494355,"25°04'24.43""N","121°29'39.68""E"
New Taipei City,,,24.987071,121.46029,"24°59'13.46""N","121°27'37.04""E"
New Taipei City,,,25.073401,121.494336,"25°04'24.24""N","121°29'39.61""E"
New Taipei City,,,25.052736,121.44587,"25°03'09.85""N","121°26'45.13""E"
New Taipei City,,,25.05274,121.446359,"25°03'09.86""N","121°26'46.89""E"
New Taipei City,,,24.98712,121.460299,"24°59'13.63""N","121°27'37.08""E"
New Taipei City,,,25.052739,121.44625,"25°03'09.86""N","121°26'46.50""E"
New Taipei City,,,24.941743,121.376181,"24°56'30.27""N","121°22'34.25""E"
New Taipei City,,,25.020379,121.471672,"25°01'13.36""N","121°28'18.02""E"
New Taipei City,,,25.020453,121.47162,"25°01'13.63""N","121°28'17.83""E"
New Taipei City,,,25.020572,121.471535,"25°01'14.06""N","121°28'17.53""E"
New Taipei City,,,24.999415,121.468576,"24°59'57.89""N","121°28'06.87""E"
New Taipei City,,,24.944611,121.374084,"24°56'40.60""N","121°22'26.70""E"
New Taipei City,,,25.017946,121.42415,"25°01'04.61""N","121°25'26.94""E"
New Taipei City,,,25.011927,121.45567,"25°00'42.94""N","121°27'20.41""E"
New Taipei City,,,25.0119,121.455613,"25°00'42.84""N","121°27'20.21""E"
New Taipei City,,,25.011872,121.455556,"25°00'42.74""N","121°27'20.00""E"
New Taipei City,,,25.011841,121.455505,"25°00'42.63""N","121°27'19.82""E"
New Taipei City,,,25.01181,121.455463,"25°00'42.52""N","121°27'19.67""E"
New Taipei City,,,25.011728,121.455351,"25°00'42.22""N","121°27'19.26""E"
New Taipei City,,,24.94751,121.376894,"24°56'51.04""N","121°22'36.82""E"
New Taipei City,,,25.058732,121.484892,"25°03'31.44""N","121°29'05.61""E"
New Taipei City,,,25.052211,121.45515,"25°03'07.96""N","121°27'18.54""E"
New Taipei City,,,24.985291,121.452907,"24°59'07.05""N","121°27'10.47""E"
New Taipei City,,,25.149235,121.401255,"25°08'57.25""N","121°24'04.52""E"
New Taipei City,,,25.074085,121.477268,"25°04'26.71""N","121°28'38.16""E"
New Taipei City,,,25.045665,121.455869,"25°02'44.39""N","121°27'21.13""E"
New Taipei City,,,25.059958,121.48859,"25°03'35.85""N","121°29'18.92""E"
New Taipei City,,,25.059883,121.488467,"25°03'35.58""N","121°29'18.48""E"
New Taipei City,,,25.045715,121.455869,"25°02'44.57""N","121°27'21.13""E"
New Taipei City,,,24.98306,121.454591,"24°58'59.02""N","121°27'16.53""E"
New Taipei City,,,24.982521,121.454901,"24°58'57.08""N","121°27'17.64""E"
New Taipei City,,,24.948152,121.385122,"24°56'53.35""N","121°23'06.44""E"
New Taipei City,,,24.931594,121.371173,"24°55'53.74""N","121°22'16.22""E"
New Taipei City,,,25.000166,121.490549,"25°00'00.60""N","121°29'25.98""E"
New Taipei City,,,25.000166,121.490752,"25°00'00.60""N","121°29'26.71""E"
New Taipei City,,,24.985315,121.413602,"24°59'07.13""N","121°24'48.97""E"
New Taipei City,,,24.985355,121.413634,"24°59'07.28""N","121°24'49.08""E"
New Taipei City,,,24.985396,121.413664,"24°59'07.43""N","121°24'49.19""E"
New Taipei City,,,25.069391,121.489316,"25°04'09.81""N","121°29'21.54""E"
New Taipei City,,,24.985794,121.413927,"24°59'08.86""N","121°24'50.14""E"
New Taipei City,,,24.985954,121.414029,"24°59'09.43""N","121°24'50.50""E"
New Taipei City,,,24.985603,121.413533,"24°59'08.17""N","121°24'48.72""E"
New Taipei City,,,24.985561,121.413505,"24°59'08.02""N","121°24'48.62""E"
New Taipei City,,,24.98529,121.413302,"24°59'07.04""N","121°24'47.89""E"
New Taipei City,,,24.985045,121.413102,"24°59'06.16""N","121°24'47.17""E"
New Taipei City,,,24.985005,121.413069,"24°59'06.02""N","121°24'47.05""E"
New Taipei City,,,24.984965,121.413036,"24°59'05.87""N","121°24'46.93""E"
New Taipei City,,,24.984927,121.413004,"24°59'05.74""N","121°24'46.81""E"
New Taipei City,,,25.000166,121.490806,"25°00'00.60""N","121°29'26.90""E"
New Taipei City,,,24.996296,121.521646,"24°59'46.67""N","121°31'17.93""E"
New Taipei City,,,24.996315,121.521508,"24°59'46.73""N","121°31'17.43""E"
New Taipei City,,,25.005674,121.518435,"25°00'20.43""N","121°31'06.37""E"
New Taipei City,,,25.005982,121.518132,"25°00'21.54""N","121°31'05.28""E"
New Taipei City,,,24.985581,121.463412,"24°59'08.09""N","121°27'48.28""E"
New Taipei City,,,24.984621,121.460128,"24°59'04.64""N","121°27'36.46""E"
New Taipei City,,,24.984636,121.46018,"24°59'04.69""N","121°27'36.65""E"
New Taipei City,,,24.984651,121.460232,"24°59'04.74""N","121°27'36.84""E"
New Taipei City,,,25.075612,121.487819,"25°04'32.20""N","121°29'16.15""E"
New Taipei City,,,25.075184,121.487467,"25°04'30.66""N","121°29'14.88""E"
New Taipei City,,,25.075141,121.487438,"25°04'30.51""N","121°29'14.78""E"
New Taipei City,,,25.075099,121.487409,"25°04'30.36""N","121°29'14.67""E"
New Taipei City,,,24.984278,121.412436,"24°59'03.40""N","121°24'44.77""E"
New Taipei City,,,24.984018,121.412181,"24°59'02.46""N","121°24'43.85""E"
New Taipei City,,,25.073263,121.48696,"25°04'23.75""N","121°29'13.06""E"
New Taipei City,,,25.073304,121.486799,"25°04'23.89""N","121°29'12.48""E"
New Taipei City,,,25.085409,121.375865,"25°05'07.47""N","121°22'33.11""E"
New Taipei City,,,24.959243,121.531842,"24°57'33.27""N","121°31'54.63""E"
New Taipei City,,,24.959198,121.53182,"24°57'33.11""N","121°31'54.55""E"
New Taipei City,,,24.959531,121.531968,"24°57'34.31""N","121°31'55.08""E"
New Taipei City,,,24.959576,121.531991,"24°57'34.47""N","121°31'55.17""E"
New Taipei City,,,24.959621,121.532014,"24°57'34.64""N","121°31'55.25""E"
New Taipei City,,,24.959666,121.532038,"24°57'34.80""N","121°31'55.34""E"
New Taipei City,,,24.959711,121.532061,"24°57'34.96""N","121°31'55.42""E"
New Taipei City,,,24.998779,121.51218,"24°59'55.60""N","121°30'43.85""E"
New Taipei City,,,24.998684,121.512307,"24°59'55.26""N","121°30'44.31""E"
New Taipei City,,,24.959756,121.532084,"24°57'35.12""N","121°31'55.50""E"
New Taipei City,,,24.959801,121.532107,"24°57'35.28""N","121°31'55.59""E"
New Taipei City,,,24.959796,121.532045,"24°57'35.27""N","121°31'55.36""E"
New Taipei City,,,24.959751,121.532022,"24°57'35.10""N","121°31'55.28""E"
New Taipei City,,,25.006732,121.488017,"25°00'24.24""N","121°29'16.86""E"
New Taipei City,,,24.959707,121.531998,"24°57'34.95""N","121°31'55.19""E"
New Taipei City,,,24.959662,121.531975,"24°57'34.78""N","121°31'55.11""E"
New Taipei City,,,24.959484,121.53189,"24°57'34.14""N","121°31'54.80""E"
New Taipei City,,,24.998937,121.51197,"24°59'56.17""N","121°30'43.09""E"
New Taipei City,,,24.993426,121.51186,"24°59'36.33""N","121°30'42.70""E"
New Taipei City,,,25.024048,121.460446,"25°01'26.57""N","121°27'37.61""E"
New Taipei City,,,25.048173,121.489591,"25°02'53.42""N","121°29'22.53""E"
New Taipei City,,,24.936018,121.362518,"24°56'09.66""N","121°21'45.06""E"
New Taipei City,,,25.007094,121.511727,"25°00'25.54""N","121°30'42.22""E"
New Taipei City,,,25.080157,121.377827,"25°04'48.57""N","121°22'40.18""E"
New Taipei City,,,25.073851,121.389535,"25°04'25.86""N","121°23'22.33""E"
New Taipei City,,,25.073837,121.389587,"25°04'25.81""N","121°23'22.51""E"
New Taipei City,,,25.073822,121.389639,"25°04'25.76""N","121°23'22.70""E"
New Taipei City,,,25.073807,121.389691,"25°04'25.71""N","121°23'22.89""E"
New Taipei City,,,25.073792,121.389743,"25°04'25.65""N","121°23'23.07""E"
New Taipei City,,,25.073777,121.389795,"25°04'25.60""N","121°23'23.26""E"
New Taipei City,,,25.073762,121.389847,"25°04'25.54""N","121°23'23.45""E"
New Taipei City,,,25.073613,121.390233,"25°04'25.01""N","121°23'24.84""E"
New Taipei City,,,25.073586,121.390279,"25°04'24.91""N","121°23'25.00""E"
New Taipei City,,,24.976379,121.4212,"24°58'34.96""N","121°25'16.32""E"
New Taipei City,,,24.976611,121.421299,"24°58'35.80""N","121°25'16.68""E"
New Taipei City,,,24.976333,121.42118,"24°58'34.80""N","121°25'16.25""E"
New Taipei City,,,24.976518,121.421259,"24°58'35.46""N","121°25'16.53""E"
New Taipei City,,,24.976564,121.421279,"24°58'35.63""N","121°25'16.60""E"
New Taipei City,,,24.976426,121.42122,"24°58'35.13""N","121°25'16.39""E"
New Taipei City,,,24.977234,121.42152,"24°58'38.04""N","121°25'17.47""E"
New Taipei City,,,24.97709,121.421478,"24°58'37.52""N","121°25'17.32""E"
New Taipei City,,,24.976797,121.421374,"24°58'36.47""N","121°25'16.95""E"
New Taipei City,,,24.977042,121.421464,"24°58'37.35""N","121°25'17.27""E"
New Taipei City,,,24.976994,121.421448,"24°58'37.18""N","121°25'17.21""E"
New Taipei City,,,24.977282,121.421534,"24°58'38.22""N","121°25'17.52""E"
New Taipei City,,,24.976657,121.421318,"24°58'35.97""N","121°25'16.74""E"
New Taipei City,,,24.97675,121.421356,"24°58'36.30""N","121°25'16.88""E"
New Taipei City,,,24.976704,121.421337,"24°58'36.13""N","121°25'16.81""E"
New Taipei City,,,24.97736,121.421455,"24°58'38.50""N","121°25'17.24""E"
New Taipei City,,,24.977312,121.421441,"24°58'38.32""N","121°25'17.19""E"
New Taipei City,,,24.977218,121.421414,"24°58'37.98""N","121°25'17.09""E"
New Taipei City,,,24.977264,121.421427,"24°58'38.15""N","121°25'17.14""E"
New Taipei City,,,24.97717,121.421401,"24°58'37.81""N","121°25'17.04""E"
New Taipei City,,,24.977122,121.421387,"24°58'37.64""N","121°25'16.99""E"
New Taipei City,,,24.977073,121.421374,"24°58'37.46""N","121°25'16.95""E"
New Taipei City,,,24.977025,121.421359,"24°58'37.29""N","121°25'16.89""E"
New Taipei City,,,24.976978,121.421344,"24°58'37.12""N","121°25'16.84""E"
New Taipei City,,,24.97693,121.421328,"24°58'36.95""N","121°25'16.78""E"
New Taipei City,,,24.976883,121.421313,"24°58'36.78""N","121°25'16.73""E"
New Taipei City,,,24.976836,121.421295,"24°58'36.61""N","121°25'16.66""E"
New Taipei City,,,24.9767,121.421237,"24°58'36.12""N","121°25'16.45""E"
New Taipei City,,,24.976654,121.421217,"24°58'35.95""N","121°25'16.38""E"
New Taipei City,,,24.976608,121.421197,"24°58'35.79""N","121°25'16.31""E"
New Taipei City,,,24.976422,121.421118,"24°58'35.12""N","121°25'16.02""E"
New Taipei City,,,24.976376,121.421096,"24°58'34.95""N","121°25'15.95""E"
New Taipei City,,,24.976308,121.421063,"24°58'34.71""N","121°25'15.83""E"
New Taipei City,,,25.007264,121.483148,"25°00'26.15""N","121°28'59.33""E"
New Taipei City,,,25.007307,121.483121,"25°00'26.31""N","121°28'59.24""E"
New Taipei City,,,25.161901,121.412539,"25°09'42.84""N","121°24'45.14""E"
New Taipei City,,,25.16288,121.41405,"25°09'46.37""N","121°24'50.58""E"
New Taipei City,,,25.083199,121.480845,"25°04'59.52""N","121°28'51.04""E"
New Taipei City,,,25.162786,121.413905,"25°09'46.03""N","121°24'50.06""E"
New Taipei City,,,25.02176,121.465638,"25°01'18.34""N","121°27'56.30""E"
New Taipei City,,,24.958752,121.512333,"24°57'31.51""N","121°30'44.40""E"
New Taipei City,,,25.149455,121.399125,"25°08'58.04""N","121°23'56.85""E"
New Taipei City,,,25.075474,121.369384,"25°04'31.71""N","121°22'09.78""E"
New Taipei City,,,24.973928,121.330611,"24°58'26.14""N","121°19'50.20""E"
New Taipei City,,,24.958784,121.512378,"24°57'31.62""N","121°30'44.56""E"
New Taipei City,,,24.958838,121.512448,"24°57'31.82""N","121°30'44.81""E"
New Taipei City,,,24.995218,121.522052,"24°59'42.78""N","121°31'19.39""E"
New Taipei City,,,24.99418,121.52191,"24°59'39.05""N","121°31'18.88""E"
New Taipei City,,,25.074546,121.362601,"25°04'28.37""N","121°21'45.36""E"
New Taipei City,,,25.084613,121.44235,"25°05'04.61""N","121°26'32.46""E"
New Taipei City,,,25.075263,121.472873,"25°04'30.95""N","121°28'22.34""E"
New Taipei City,,,25.091107,121.469778,"25°05'27.99""N","121°28'11.20""E"
New Taipei City,,,25.091153,121.469758,"25°05'28.15""N","121°28'11.13""E"
New Taipei City,,,25.075226,121.473016,"25°04'30.81""N","121°28'22.86""E"
New Taipei City,,,24.996409,121.496939,"24°59'47.07""N","121°29'48.98""E"
New Taipei City,,,24.990239,121.501106,"24°59'24.86""N","121°30'03.98""E"
New Taipei City,,,25.087934,121.474069,"25°05'16.56""N","121°28'26.65""E"
New Taipei City,,,24.99024,121.501282,"24°59'24.86""N","121°30'04.62""E"
New Taipei City,,,25.079765,121.385176,"25°04'47.15""N","121°23'06.63""E"
New Taipei City,,,24.994267,121.520279,"24°59'39.36""N","121°31'13.00""E"
New Taipei City,,,25.002424,121.514966,"25°00'08.73""N","121°30'53.88""E"
New Taipei City,,,25.015759,121.511557,"25°00'56.73""N","121°30'41.61""E"
New Taipei City,,,24.986952,121.542124,"24°59'13.03""N","121°32'31.65""E"
New Taipei City,,,24.983851,121.543095,"24°59'01.86""N","121°32'35.14""E"
New Taipei City,,,24.984189,121.542931,"24°59'03.08""N","121°32'34.55""E"
New Taipei City,,,24.983896,121.543072,"24°59'02.03""N","121°32'35.06""E"
New Taipei City,,,24.984234,121.54291,"24°59'03.24""N","121°32'34.48""E"
New Taipei City,,,25.075851,121.482433,"25°04'33.06""N","121°28'56.76""E"
New Taipei City,,,25.065593,121.44942,"25°03'56.13""N","121°26'57.91""E"
New Taipei City,,,25.065632,121.449453,"25°03'56.28""N","121°26'58.03""E"
New Taipei City,,,25.065813,121.449611,"25°03'56.93""N","121°26'58.60""E"
New Taipei City,,,25.064495,121.658239,"25°03'52.18""N","121°39'29.66""E"
New Taipei City,,,25.064561,121.658386,"25°03'52.42""N","121°39'30.19""E"
New Taipei City,,,25.064583,121.658435,"25°03'52.50""N","121°39'30.37""E"
New Taipei City,,,25.064258,121.657946,"25°03'51.33""N","121°39'28.61""E"
New Taipei City,,,25.06428,121.657995,"25°03'51.41""N","121°39'28.78""E"
New Taipei City,,,25.076462,121.481984,"25°04'35.26""N","121°28'55.14""E"
New Taipei City,,,24.974367,121.556251,"24°58'27.72""N","121°33'22.50""E"
New Taipei City,,,24.974295,121.556744,"24°58'27.46""N","121°33'24.28""E"
New Taipei City,,,24.97406,121.556479,"24°58'26.62""N","121°33'23.32""E"
New Taipei City,,,24.974212,121.557052,"24°58'27.16""N","121°33'25.39""E"
New Taipei City,,,24.974116,121.557017,"24°58'26.82""N","121°33'25.26""E"
New Taipei City,,,24.974163,121.557039,"24°58'26.99""N","121°33'25.34""E"
New Taipei City,,,24.974073,121.556988,"24°58'26.66""N","121°33'25.16""E"
New Taipei City,,,24.973951,121.556689,"24°58'26.22""N","121°33'24.08""E"
New Taipei City,,,24.973961,121.556743,"24°58'26.26""N","121°33'24.27""E"
New Taipei City,,,24.973945,121.556578,"24°58'26.20""N","121°33'23.68""E"
New Taipei City,,,24.97397,121.556416,"24°58'26.29""N","121°33'23.10""E"
New Taipei City,,,24.973959,121.55647,"24°58'26.25""N","121°33'23.29""E"
New Taipei City,,,24.973951,121.556524,"24°58'26.22""N","121°33'23.49""E"
New Taipei City,,,24.973989,121.556849,"24°58'26.36""N","121°33'24.66""E"
New Taipei City,,,24.974038,121.556945,"24°58'26.54""N","121°33'25.00""E"
New Taipei City,,,24.973981,121.556363,"24°58'26.33""N","121°33'22.91""E"
New Taipei City,,,24.974006,121.556256,"24°58'26.42""N","121°33'22.52""E"
New Taipei City,,,24.985699,121.520116,"24°59'08.52""N","121°31'12.42""E"
New Taipei City,,,25.073185,121.370199,"25°04'23.47""N","121°22'12.72""E"
New Taipei City,,,25.051131,121.459703,"25°03'04.07""N","121°27'34.93""E"
New Taipei City,,,25.051658,121.459699,"25°03'05.97""N","121°27'34.92""E"
New Taipei City,,,25.051778,121.459698,"25°03'06.40""N","121°27'34.91""E"
New Taipei City,,,25.051585,121.4597,"25°03'05.71""N","121°27'34.92""E"
New Taipei City,,,25.051843,121.459699,"25°03'06.63""N","121°27'34.92""E"
New Taipei City,,,25.051968,121.459699,"25°03'07.08""N","121°27'34.92""E"
New Taipei City,,,25.004809,121.471867,"25°00'17.31""N","121°28'18.72""E"
New Taipei City,,,25.004789,121.471817,"25°00'17.24""N","121°28'18.54""E"
New Taipei City,,,24.995803,121.522248,"24°59'44.89""N","121°31'20.09""E"
New Taipei City,,,24.990693,121.535374,"24°59'26.49""N","121°32'07.35""E"
New Taipei City,,,24.995852,121.522254,"24°59'45.07""N","121°31'20.11""E"
New Taipei City,,,25.07348,121.376192,"25°04'24.53""N","121°22'34.29""E"
New Taipei City,,,25.073445,121.376146,"25°04'24.40""N","121°22'34.13""E"
New Taipei City,,,25.073341,121.376009,"25°04'24.03""N","121°22'33.63""E"
New Taipei City,,,25.073655,121.376419,"25°04'25.16""N","121°22'35.11""E"
New Taipei City,,,25.07362,121.376374,"25°04'25.03""N","121°22'34.95""E"
New Taipei City,,,25.073585,121.376329,"25°04'24.91""N","121°22'34.78""E"
New Taipei City,,,25.01188,121.421795,"25°00'42.77""N","121°25'18.46""E"
New Taipei City,,,25.057859,121.498784,"25°03'28.29""N","121°29'55.62""E"
New Taipei City,,,24.944,121.37696,"24°56'38.40""N","121°22'37.06""E"
New Taipei City,,,24.943971,121.376916,"24°56'38.30""N","121°22'36.90""E"
New Taipei City,,,25.057811,121.498796,"25°03'28.12""N","121°29'55.67""E"
New Taipei City,,,25.058205,121.498706,"25°03'29.54""N","121°29'55.34""E"
New Taipei City,,,25.05822,121.498864,"25°03'29.59""N","121°29'55.91""E"
New Taipei City,,,25.058269,121.498852,"25°03'29.77""N","121°29'55.87""E"
New Taipei City,,,24.975337,121.400947,"24°58'31.21""N","121°24'03.41""E"
New Taipei City,,,25.082977,121.374144,"25°04'58.72""N","121°22'26.92""E"
New Taipei City,,,25.058281,121.498685,"25°03'29.81""N","121°29'55.27""E"
New Taipei City,,,25.05833,121.498673,"25°03'29.99""N","121°29'55.22""E"
New Taipei City,,,25.058379,121.498662,"25°03'30.16""N","121°29'55.18""E"
New Taipei City,,,25.05274,121.446304,"25°03'09.86""N","121°26'46.69""E"
New Taipei City,,,25.052736,121.445925,"25°03'09.85""N","121°26'45.33""E"
New Taipei City,,,25.052741,121.446468,"25°03'09.87""N","121°26'47.28""E"
New Taipei City,,,25.072985,121.494162,"25°04'22.75""N","121°29'38.98""E"
New Taipei City,,,25.072905,121.494132,"25°04'22.46""N","121°29'38.88""E"
New Taipei City,,,25.077996,121.464941,"25°04'40.79""N","121°27'53.79""E"
New Taipei City,,,25.077954,121.46505,"25°04'40.63""N","121°27'54.18""E"
New Taipei City,,,25.017268,121.456604,"25°01'02.16""N","121°27'23.77""E"
New Taipei City,,,25.017576,121.457364,"25°01'03.27""N","121°27'26.51""E"
New Taipei City,,,25.017607,121.457488,"25°01'03.39""N","121°27'26.96""E"
New Taipei City,,,25.070117,121.484612,"25°04'12.42""N","121°29'04.60""E"
New Taipei City,,,25.017892,121.458747,"25°01'04.41""N","121°27'31.49""E"
New Taipei City,,,25.017916,121.458852,"25°01'04.50""N","121°27'31.87""E"
New Taipei City,,,25.017879,121.45827,"25°01'04.36""N","121°27'29.77""E"
New Taipei City,,,25.017903,121.458376,"25°01'04.45""N","121°27'30.15""E"
New Taipei City,,,25.017914,121.458429,"25°01'04.49""N","121°27'30.34""E"
New Taipei City,,,25.018009,121.458851,"25°01'04.83""N","121°27'31.86""E"
New Taipei City,,,25.01799,121.458764,"25°01'04.76""N","121°27'31.55""E"
New Taipei City,,,25.018232,121.459833,"25°01'05.64""N","121°27'35.40""E"
New Taipei City,,,25.01822,121.45978,"25°01'05.59""N","121°27'35.21""E"
New Taipei City,,,25.018208,121.459727,"25°01'05.55""N","121°27'35.02""E"
New Taipei City,,,25.018197,121.459675,"25°01'05.51""N","121°27'34.83""E"
New Taipei City,,,25.018185,121.459622,"25°01'05.47""N","121°27'34.64""E"
New Taipei City,,,25.018173,121.459569,"25°01'05.42""N","121°27'34.45""E"
New Taipei City,,,25.027039,121.428771,"25°01'37.34""N","121°25'43.58""E"
New Taipei City,,,25.027289,121.429219,"25°01'38.24""N","121°25'45.19""E"
New Taipei City,,,25.027182,121.426821,"25°01'37.86""N","121°25'36.56""E"
New Taipei City,,,25.002857,121.45633,"25°00'10.29""N","121°27'22.79""E"
New Taipei City,,,25.002839,121.456284,"25°00'10.22""N","121°27'22.62""E"
New Taipei City,,,24.985658,121.520068,"24°59'08.37""N","121°31'12.24""E"
New Taipei City,,,25.080316,121.374568,"25°04'49.14""N","121°22'28.44""E"
New Taipei City,,,24.95013,121.37865,"24°57'00.47""N","121°22'43.14""E"
New Taipei City,,,24.949129,121.376161,"24°56'56.86""N","121°22'34.18""E"
New Taipei City,,,24.949358,121.376057,"24°56'57.69""N","121°22'33.81""E"
New Taipei City,,,24.948991,121.376223,"24°56'56.37""N","121°22'34.40""E"
New Taipei City,,,24.949174,121.37614,"24°56'57.03""N","121°22'34.10""E"
New Taipei City,,,24.94922,121.37612,"24°56'57.19""N","121°22'34.03""E"
New Taipei City,,,24.949312,121.376078,"24°56'57.52""N","121°22'33.88""E"
New Taipei City,,,25.080923,121.378195,"25°04'51.32""N","121°22'41.50""E"
New Taipei City,,,25.005502,121.62237,"25°00'19.81""N","121°37'20.53""E"
New Taipei City,,,24.946936,121.377484,"24°56'48.97""N","121°22'38.94""E"
New Taipei City,,,25.014855,121.50861,"25°00'53.48""N","121°30'31.00""E"
New Taipei City,,,25.094069,121.458717,"25°05'38.65""N","121°27'31.38""E"
New Taipei City,,,25.095516,121.469844,"25°05'43.86""N","121°28'11.44""E"
New Taipei City,,,25.149762,121.399751,"25°08'59.14""N","121°23'59.10""E"
New Taipei City,,,25.149627,121.399565,"25°08'58.66""N","121°23'58.43""E"
New Taipei City,,,24.949704,121.381485,"24°56'58.93""N","121°22'53.35""E"
New Taipei City,,,25.087926,121.455405,"25°05'16.53""N","121°27'19.46""E"
New Taipei City,,,25.149593,121.399519,"25°08'58.53""N","121°23'58.27""E"
New Taipei City,,,24.999947,121.62105,"24°59'59.81""N","121°37'15.78""E"
New Taipei City,,,24.996521,121.520039,"24°59'47.48""N","121°31'12.14""E"
New Taipei City,,,25.077169,121.387588,"25°04'37.81""N","121°23'15.32""E"
New Taipei City,,,25.077168,121.387613,"25°04'37.80""N","121°23'15.41""E"
New Taipei City,,,25.059266,121.488325,"25°03'33.36""N","121°29'17.97""E"
New Taipei City,,,25.015774,121.432696,"25°00'56.79""N","121°25'57.71""E"
New Taipei City,,,25.053296,121.490565,"25°03'11.87""N","121°29'26.03""E"
New Taipei City,,,25.149661,121.399612,"25°08'58.78""N","121°23'58.60""E"
New Taipei City,,,24.950022,121.505311,"24°57'00.08""N","121°30'19.12""E"
New Taipei City,,,24.949138,121.505255,"24°56'56.90""N","121°30'18.92""E"
New Taipei City,,,25.149525,121.399425,"25°08'58.29""N","121°23'57.93""E"
New Taipei City,,,25.149559,121.399472,"25°08'58.41""N","121°23'58.10""E"
New Taipei City,,,25.149221,121.399008,"25°08'57.20""N","121°23'56.43""E"
New Taipei City,,,25.066631,121.633411,"25°03'59.87""N","121°38'00.28""E"
New Taipei City,,,25.010918,121.517773,"25°00'39.30""N","121°31'03.98""E"
New Taipei City,,,25.085454,121.378411,"25°05'07.63""N","121°22'42.28""E"
New Taipei City,,,25.085589,121.378511,"25°05'08.12""N","121°22'42.64""E"
New Taipei City,,,25.060244,121.502324,"25°03'36.88""N","121°30'08.37""E"
New Taipei City,,,25.060201,121.502296,"25°03'36.72""N","121°30'08.27""E"
New Taipei City,,,25.175514,121.429901,"25°10'31.85""N","121°25'47.64""E"
New Taipei City,,,25.175525,121.429424,"25°10'31.89""N","121°25'45.93""E"
New Taipei City,,,25.175484,121.430134,"25°10'31.74""N","121°25'48.48""E"
New Taipei City,,,25.175643,121.428782,"25°10'32.31""N","121°25'43.62""E"
New Taipei City,,,25.175611,121.428896,"25°10'32.20""N","121°25'44.03""E"
New Taipei City,,,25.094202,121.445745,"25°05'39.13""N","121°26'44.68""E"
New Taipei City,,,25.175675,121.428668,"25°10'32.43""N","121°25'43.20""E"
New Taipei City,,,25.175596,121.428953,"25°10'32.15""N","121°25'44.23""E"
New Taipei City,,,25.021898,121.441411,"25°01'18.83""N","121°26'29.08""E"
New Taipei City,,,25.021882,121.441402,"25°01'18.78""N","121°26'29.05""E"
New Taipei City,,,25.021866,121.441393,"25°01'18.72""N","121°26'29.01""E"
New Taipei City,,,25.02185,121.441385,"25°01'18.66""N","121°26'28.99""E"
New Taipei City,,,25.021833,121.441376,"25°01'18.60""N","121°26'28.95""E"
New Taipei City,,,25.003862,121.620849,"25°00'13.90""N","121°37'15.06""E"
New Taipei City,,,24.997165,121.425967,"24°59'49.79""N","121°25'33.48""E"
New Taipei City,,,24.997119,121.425936,"24°59'49.63""N","121°25'33.37""E"
New Taipei City,,,25.076703,121.66134,"25°04'36.13""N","121°39'40.82""E"
New Taipei City,,,25.07678,121.661462,"25°04'36.41""N","121°39'41.26""E"
New Taipei City,,,25.076793,121.661482,"25°04'36.45""N","121°39'41.34""E"
New Taipei City,,,25.076893,121.661638,"25°04'36.81""N","121°39'41.90""E"
New Taipei City,,,25.076906,121.661658,"25°04'36.86""N","121°39'41.97""E"
New Taipei City,,,25.076918,121.661678,"25°04'36.90""N","121°39'42.04""E"
New Taipei City,,,25.077012,121.661825,"25°04'37.24""N","121°39'42.57""E"
New Taipei City,,,25.085373,121.375903,"25°05'07.34""N","121°22'33.25""E"
New Taipei City,,,25.085338,121.375941,"25°05'07.22""N","121°22'33.39""E"
New Taipei City,,,24.985524,121.462458,"24°59'07.89""N","121°27'44.85""E"
New Taipei City,,,25.085302,121.375979,"25°05'07.09""N","121°22'33.52""E"
New Taipei City,,,24.972524,121.331124,"24°58'21.09""N","121°19'52.05""E"
New Taipei City,,,25.000167,121.490017,"25°00'00.60""N","121°29'24.06""E"
New Taipei City,,,25.086282,121.375151,"25°05'10.62""N","121°22'30.54""E"
New Taipei City,,,25.086313,121.375108,"25°05'10.73""N","121°22'30.39""E"
New Taipei City,,,25.086802,121.374425,"25°05'12.49""N","121°22'27.93""E"
New Taipei City,,,25.086833,121.374382,"25°05'12.60""N","121°22'27.78""E"
New Taipei City,,,25.072931,121.486796,"25°04'22.55""N","121°29'12.47""E"
New Taipei City,,,25.086603,121.374337,"25°05'11.77""N","121°22'27.61""E"
New Taipei City,,,25.086572,121.374379,"25°05'11.66""N","121°22'27.76""E"
New Taipei City,,,25.086633,121.374294,"25°05'11.88""N","121°22'27.46""E"
New Taipei City,,,25.08651,121.374465,"25°05'11.44""N","121°22'28.07""E"
New Taipei City,,,25.086418,121.374593,"25°05'11.10""N","121°22'28.53""E"
New Taipei City,,,25.082294,121.380008,"25°04'56.26""N","121°22'48.03""E"
New Taipei City,,,25.013996,121.507831,"25°00'50.39""N","121°30'28.19""E"
New Taipei City,,,25.014121,121.507945,"25°00'50.84""N","121°30'28.60""E"
New Taipei City,,,25.0143,121.508101,"25°00'51.48""N","121°30'29.16""E"
New Taipei City,,,25.014342,121.508139,"25°00'51.63""N","121°30'29.30""E"
New Taipei City,,,25.082268,121.380054,"25°04'56.16""N","121°22'48.19""E"
New Taipei City,,,25.014158,121.507845,"25°00'50.97""N","121°30'28.24""E"
New Taipei City,,,25.014285,121.507964,"25°00'51.43""N","121°30'28.67""E"
New Taipei City,,,25.01447,121.508132,"25°00'52.09""N","121°30'29.28""E"
New Taipei City,,,25.006359,121.426761,"25°00'22.89""N","121°25'36.34""E"
New Taipei City,,,25.073976,121.501352,"25°04'26.31""N","121°30'04.87""E"
New Taipei City,,,25.000178,121.491852,"25°00'00.64""N","121°29'30.67""E"
New Taipei City,,,25.000178,121.491798,"25°00'00.64""N","121°29'30.47""E"
New Taipei City,,,25.000178,121.491743,"25°00'00.64""N","121°29'30.27""E"
New Taipei City,,,24.99011,121.416235,"24°59'24.40""N","121°24'58.45""E"
New Taipei City,,,24.990157,121.416264,"24°59'24.57""N","121°24'58.55""E"
New Taipei City,,,24.990205,121.416292,"24°59'24.74""N","121°24'58.65""E"
New Taipei City,,,24.990252,121.416321,"24°59'24.91""N","121°24'58.76""E"
New Taipei City,,,25.023417,121.479078,"25°01'24.30""N","121°28'44.68""E"
New Taipei City,,,25.023574,121.478623,"25°01'24.87""N","121°28'43.04""E"
New Taipei City,,,25.023503,121.478698,"25°01'24.61""N","121°28'43.31""E"
New Taipei City,,,24.978912,121.462178,"24°58'44.08""N","121°27'43.84""E"
New Taipei City,,,24.978873,121.462216,"24°58'43.94""N","121°27'43.98""E"
New Taipei City,,,25.009748,121.46528,"25°00'35.09""N","121°27'55.01""E"
New Taipei City,,,25.010629,121.466877,"25°00'38.26""N","121°28'00.76""E"
New Taipei City,,,25.010606,121.466828,"25°00'38.18""N","121°28'00.58""E"
New Taipei City,,,24.978837,121.46225,"24°58'43.81""N","121°27'44.10""E"
New Taipei City,,,25.082515,121.459467,"25°04'57.05""N","121°27'34.08""E"
New Taipei City,,,25.081759,121.458132,"25°04'54.33""N","121°27'29.28""E"
New Taipei City,,,25.009163,121.468662,"25°00'32.99""N","121°28'07.18""E"
New Taipei City,,,25.009182,121.468707,"25°00'33.06""N","121°28'07.35""E"
New Taipei City,,,25.009201,121.468753,"25°00'33.12""N","121°28'07.51""E"
New Taipei City,,,25.010229,121.467,"25°00'36.82""N","121°28'01.20""E"
New Taipei City,,,25.010151,121.467045,"25°00'36.54""N","121°28'01.36""E"
New Taipei City,,,25.01019,121.467022,"25°00'36.68""N","121°28'01.28""E"
New Taipei City,,,25.009891,121.470441,"25°00'35.61""N","121°28'13.59""E"
New Taipei City,,,25.009827,121.470262,"25°00'35.38""N","121°28'12.94""E"
New Taipei City,,,25.009291,121.469696,"25°00'33.45""N","121°28'10.91""E"
New Taipei City,,,25.008767,121.470723,"25°00'31.56""N","121°28'14.60""E"
New Taipei City,,,24.959486,121.531945,"24°57'34.15""N","121°31'55.00""E"
New Taipei City,,,25.06789,121.482257,"25°04'04.40""N","121°28'56.13""E"
New Taipei City,,,25.087446,121.459689,"25°05'14.81""N","121°27'34.88""E"
New Taipei City,,,25.004591,121.499233,"25°00'16.53""N","121°29'57.24""E"
New Taipei City,,,24.975814,121.536545,"24°58'32.93""N","121°32'11.56""E"
New Taipei City,,,25.004795,121.499208,"25°00'17.26""N","121°29'57.15""E"
New Taipei City,,,24.98451,121.537108,"24°59'04.24""N","121°32'13.59""E"
New Taipei City,,,25.006146,121.499066,"25°00'22.13""N","121°29'56.64""E"
New Taipei City,,,25.006578,121.498768,"25°00'23.68""N","121°29'55.56""E"
New Taipei City,,,24.962421,121.423964,"24°57'44.72""N","121°25'26.27""E"
New Taipei City,,,25.079409,121.386437,"25°04'45.87""N","121°23'11.17""E"
New Taipei City,,,25.09351,121.444502,"25°05'36.64""N","121°26'40.21""E"
New Taipei City,,,25.079313,121.385907,"25°04'45.53""N","121°23'09.27""E"
New Taipei City,,,25.079238,121.386304,"25°04'45.26""N","121°23'10.69""E"
New Taipei City,,,25.079222,121.386412,"25°04'45.20""N","121°23'11.08""E"
New Taipei City,,,24.935448,121.364118,"24°56'07.61""N","121°21'50.82""E"
New Taipei City,,,24.98685,121.414499,"24°59'12.66""N","121°24'52.20""E"
New Taipei City,,,25.075481,121.363726,"25°04'31.73""N","121°21'49.41""E"
New Taipei City,,,25.09126,121.469723,"25°05'28.54""N","121°28'11.00""E"
New Taipei City,,,25.161135,121.419554,"25°09'40.09""N","121°25'10.39""E"
New Taipei City,,,25.161127,121.419613,"25°09'40.06""N","121°25'10.61""E"
New Taipei City,,,25.161119,121.419673,"25°09'40.03""N","121°25'10.82""E"
New Taipei City,,,25.161046,121.420205,"25°09'39.77""N","121°25'12.74""E"
New Taipei City,,,25.160994,121.420616,"25°09'39.58""N","121°25'14.22""E"
New Taipei City,,,24.989228,121.415511,"24°59'21.22""N","121°24'55.84""E"
New Taipei City,,,25.088204,121.458834,"25°05'17.53""N","121°27'31.80""E"
New Taipei City,,,24.987732,121.41472,"24°59'15.84""N","121°24'52.99""E"
New Taipei City,,,25.081951,121.380636,"25°04'55.02""N","121°22'50.29""E"
New Taipei City,,,24.951327,121.384627,"24°57'04.78""N","121°23'04.66""E"
New Taipei City,,,25.016322,121.510499,"25°00'58.76""N","121°30'37.80""E"
New Taipei City,,,24.995369,121.520237,"24°59'43.33""N","121°31'12.85""E"
New Taipei City,,,25.073411,121.500112,"25°04'24.28""N","121°30'00.40""E"
New Taipei City,,,24.995104,121.420202,"24°59'42.37""N","121°25'12.73""E"
New Taipei City,,,24.984634,121.417226,"24°59'04.68""N","121°25'02.01""E"
New Taipei City,,,24.992308,121.417914,"24°59'32.31""N","121°25'04.49""E"
New Taipei City,,,24.993779,121.419104,"24°59'37.60""N","121°25'08.77""E"
New Taipei City,,,24.994025,121.419306,"24°59'38.49""N","121°25'09.50""E"
New Taipei City,,,24.994064,121.419339,"24°59'38.63""N","121°25'09.62""E"
New Taipei City,,,24.994002,121.419036,"24°59'38.41""N","121°25'08.53""E"
New Taipei City,,,24.993327,121.418475,"24°59'35.98""N","121°25'06.51""E"
New Taipei City,,,24.9903,121.416349,"24°59'25.08""N","121°24'58.86""E"
New Taipei City,,,24.990665,121.416593,"24°59'26.39""N","121°24'59.73""E"
New Taipei City,,,24.99071,121.416624,"24°59'26.56""N","121°24'59.85""E"
New Taipei City,,,24.99091,121.416769,"24°59'27.28""N","121°25'00.37""E"
New Taipei City,,,24.991119,121.416932,"24°59'28.03""N","121°25'00.96""E"
New Taipei City,,,24.991158,121.416962,"24°59'28.17""N","121°25'01.06""E"
New Taipei City,,,24.991199,121.416991,"24°59'28.32""N","121°25'01.17""E"
New Taipei City,,,24.991239,121.417021,"24°59'28.46""N","121°25'01.28""E"
New Taipei City,,,24.991282,121.417053,"24°59'28.62""N","121°25'01.39""E"
New Taipei City,,,25.055816,121.492371,"25°03'20.94""N","121°29'32.54""E"
New Taipei City,,,24.991341,121.417103,"24°59'28.83""N","121°25'01.57""E"
New Taipei City,,,24.991296,121.416807,"24°59'28.67""N","121°25'00.51""E"
New Taipei City,,,24.991216,121.416744,"24°59'28.38""N","121°25'00.28""E"
New Taipei City,,,24.991175,121.416712,"24°59'28.23""N","121°25'00.16""E"
New Taipei City,,,24.991135,121.41668,"24°59'28.09""N","121°25'00.05""E"
New Taipei City,,,24.991053,121.416616,"24°59'27.79""N","121°24'59.82""E"
New Taipei City,,,24.991012,121.416584,"24°59'27.64""N","121°24'59.70""E"
New Taipei City,,,24.99097,121.416554,"24°59'27.49""N","121°24'59.59""E"
New Taipei City,,,24.990928,121.416523,"24°59'27.34""N","121°24'59.48""E"
New Taipei City,,,25.000178,121.491689,"25°00'00.64""N","121°29'30.08""E"
New Taipei City,,,25.000178,121.491634,"25°00'00.64""N","121°29'29.88""E"
New Taipei City,,,25.000178,121.49158,"25°00'00.64""N","121°29'29.69""E"
New Taipei City,,,24.990886,121.416493,"24°59'27.19""N","121°24'59.37""E"
New Taipei City,,,24.99076,121.416407,"24°59'26.74""N","121°24'59.07""E"
New Taipei City,,,24.990718,121.416378,"24°59'26.58""N","121°24'58.96""E"
New Taipei City,,,24.990676,121.416349,"24°59'26.43""N","121°24'58.86""E"
New Taipei City,,,24.990633,121.416321,"24°59'26.28""N","121°24'58.76""E"
New Taipei City,,,24.99059,121.416294,"24°59'26.12""N","121°24'58.66""E"
New Taipei City,,,24.990547,121.416265,"24°59'25.97""N","121°24'58.55""E"
New Taipei City,,,24.974357,121.537546,"24°58'27.69""N","121°32'15.17""E"
New Taipei City,,,24.990504,121.416238,"24°59'25.81""N","121°24'58.46""E"
New Taipei City,,,24.990461,121.41621,"24°59'25.66""N","121°24'58.36""E"
New Taipei City,,,24.993647,121.511566,"24°59'37.13""N","121°30'41.64""E"
New Taipei City,,,24.993885,121.511215,"24°59'37.99""N","121°30'40.37""E"
New Taipei City,,,25.07356,121.390325,"25°04'24.82""N","121°23'25.17""E"
New Taipei City,,,25.073231,121.390762,"25°04'23.63""N","121°23'26.74""E"
New Taipei City,,,25.073193,121.390798,"25°04'23.49""N","121°23'26.87""E"
New Taipei City,,,25.073289,121.390839,"25°04'23.84""N","121°23'27.02""E"
New Taipei City,,,25.073555,121.39051,"25°04'24.80""N","121°23'25.84""E"
New Taipei City,,,25.073589,121.390452,"25°04'24.92""N","121°23'25.63""E"
New Taipei City,,,25.073615,121.390406,"25°04'25.01""N","121°23'25.46""E"
New Taipei City,,,25.073642,121.39036,"25°04'25.11""N","121°23'25.30""E"
New Taipei City,,,25.073826,121.389953,"25°04'25.77""N","121°23'23.83""E"
New Taipei City,,,25.073841,121.389901,"25°04'25.83""N","121°23'23.64""E"
New Taipei City,,,24.984387,121.41633,"24°59'03.79""N","121°24'58.79""E"
New Taipei City,,,25.073855,121.389848,"25°04'25.88""N","121°23'23.45""E"
New Taipei City,,,25.07387,121.389796,"25°04'25.93""N","121°23'23.27""E"
New Taipei City,,,24.985345,121.41822,"24°59'07.24""N","121°25'05.59""E"
New Taipei City,,,25.176911,121.456336,"25°10'36.88""N","121°27'22.81""E"
New Taipei City,,,25.07393,121.378523,"25°04'26.15""N","121°22'42.68""E"
New Taipei City,,,25.073907,121.378571,"25°04'26.07""N","121°22'42.86""E"
New Taipei City,,,25.061629,121.488816,"25°03'41.86""N","121°29'19.74""E"
New Taipei City,,,25.073885,121.37862,"25°04'25.99""N","121°22'43.03""E"
New Taipei City,,,25.073863,121.378669,"25°04'25.91""N","121°22'43.21""E"
New Taipei City,,,25.073843,121.378718,"25°04'25.83""N","121°22'43.38""E"
New Taipei City,,,25.073823,121.378768,"25°04'25.76""N","121°22'43.56""E"
New Taipei City,,,25.073805,121.378819,"25°04'25.70""N","121°22'43.75""E"
New Taipei City,,,25.073716,121.379129,"25°04'25.38""N","121°22'44.86""E"
New Taipei City,,,25.073728,121.379077,"25°04'25.42""N","121°22'44.68""E"
New Taipei City,,,25.073704,121.379183,"25°04'25.33""N","121°22'45.06""E"
New Taipei City,,,25.073693,121.379236,"25°04'25.29""N","121°22'45.25""E"
New Taipei City,,,24.96985,121.331407,"24°58'11.46""N","121°19'53.07""E"
New Taipei City,,,24.969476,121.331699,"24°58'10.11""N","121°19'54.12""E"
New Taipei City,,,24.969356,121.331797,"24°58'09.68""N","121°19'54.47""E"
New Taipei City,,,24.976947,121.421433,"24°58'37.01""N","121°25'17.16""E"
New Taipei City,,,24.974201,121.419196,"24°58'27.12""N","121°25'09.11""E"
New Taipei City,,,24.974264,121.419281,"24°58'27.35""N","121°25'09.41""E"
New Taipei City,,,24.974232,121.419238,"24°58'27.24""N","121°25'09.26""E"
New Taipei City,,,25.132469,121.450505,"25°07'56.89""N","121°27'01.82""E"
New Taipei City,,,24.995209,121.457396,"24°59'42.75""N","121°27'26.63""E"
New Taipei City,,,25.162581,121.420399,"25°09'45.29""N","121°25'13.44""E"
New Taipei City,,,25.162586,121.420343,"25°09'45.31""N","121°25'13.23""E"
New Taipei City,,,25.001711,121.459796,"25°00'06.16""N","121°27'35.27""E"
New Taipei City,,,25.001826,121.460461,"25°00'06.57""N","121°27'37.66""E"
New Taipei City,,,25.002066,121.460899,"25°00'07.44""N","121°27'39.24""E"
New Taipei City,,,25.002056,121.460829,"25°00'07.40""N","121°27'38.98""E"
New Taipei City,,,25.002045,121.460752,"25°00'07.36""N","121°27'38.71""E"
New Taipei City,,,25.001932,121.460057,"25°00'06.96""N","121°27'36.21""E"
New Taipei City,,,25.002105,121.461146,"25°00'07.58""N","121°27'40.13""E"
New Taipei City,,,25.002092,121.461061,"25°00'07.53""N","121°27'39.82""E"
New Taipei City,,,25.0023,121.462497,"25°00'08.28""N","121°27'44.99""E"
New Taipei City,,,25.002161,121.461492,"25°00'07.78""N","121°27'41.37""E"
New Taipei City,,,25.078482,121.369835,"25°04'42.54""N","121°22'11.41""E"
New Taipei City,,,24.987754,121.467955,"24°59'15.91""N","121°28'04.64""E"
New Taipei City,,,24.997602,121.496217,"24°59'51.37""N","121°29'46.38""E"
New Taipei City,,,25.074184,121.366405,"25°04'27.06""N","121°21'59.06""E"
New Taipei City,,,25.074219,121.36636,"25°04'27.19""N","121°21'58.90""E"
New Taipei City,,,25.074253,121.366316,"25°04'27.31""N","121°21'58.74""E"
New Taipei City,,,25.061934,121.486924,"25°03'42.96""N","121°29'12.93""E"
New Taipei City,,,25.078372,121.43573,"25°04'42.14""N","121°26'08.63""E"
New Taipei City,,,25.052744,121.44738,"25°03'09.88""N","121°26'50.57""E"
New Taipei City,,,25.052742,121.447598,"25°03'09.87""N","121°26'51.35""E"
New Taipei City,,,25.017585,121.483079,"25°01'03.31""N","121°28'59.08""E"
New Taipei City,,,25.018208,121.483944,"25°01'05.55""N","121°29'02.20""E"
New Taipei City,,,24.930314,121.375426,"24°55'49.13""N","121°22'31.53""E"
New Taipei City,,,24.942052,121.374968,"24°56'31.39""N","121°22'29.88""E"
New Taipei City,,,25.0869,121.386628,"25°05'12.84""N","121°23'11.86""E"
New Taipei City,,,25.086948,121.386655,"25°05'13.01""N","121°23'11.96""E"
New Taipei City,,,24.929869,121.374833,"24°55'47.53""N","121°22'29.40""E"
New Taipei City,,,24.929836,121.374792,"24°55'47.41""N","121°22'29.25""E"
New Taipei City,,,24.929591,121.374445,"24°55'46.53""N","121°22'28.00""E"
New Taipei City,,,24.929405,121.374191,"24°55'45.86""N","121°22'27.09""E"
New Taipei City,,,25.059042,121.498515,"25°03'32.55""N","121°29'54.65""E"
New Taipei City,,,25.05909,121.498504,"25°03'32.72""N","121°29'54.61""E"
New Taipei City,,,25.059139,121.498492,"25°03'32.90""N","121°29'54.57""E"
New Taipei City,,,25.059366,121.49843,"25°03'33.72""N","121°29'54.35""E"
New Taipei City,,,25.059415,121.498419,"25°03'33.89""N","121°29'54.31""E"
New Taipei City,,,25.077466,121.466304,"25°04'38.88""N","121°27'58.69""E"
New Taipei City,,,25.077173,121.467016,"25°04'37.82""N","121°28'01.26""E"
New Taipei City,,,25.077089,121.467165,"25°04'37.52""N","121°28'01.79""E"
New Taipei City,,,25.07689,121.467389,"25°04'36.80""N","121°28'02.60""E"
New Taipei City,,,24.929197,121.373905,"24°55'45.11""N","121°22'26.06""E"
New Taipei City,,,24.929458,121.374264,"24°55'46.05""N","121°22'27.35""E"
New Taipei City,,,24.929559,121.374402,"24°55'46.41""N","121°22'27.85""E"
New Taipei City,,,25.087573,121.387017,"25°05'15.26""N","121°23'13.26""E"
New Taipei City,,,25.073148,121.370156,"25°04'23.33""N","121°22'12.56""E"
New Taipei City,,,24.928874,121.373467,"24°55'43.95""N","121°22'24.48""E"
New Taipei City,,,24.928907,121.373508,"24°55'44.07""N","121°22'24.63""E"
New Taipei City,,,24.928939,121.37355,"24°55'44.18""N","121°22'24.78""E"
New Taipei City,,,24.929046,121.373688,"24°55'44.57""N","121°22'25.28""E"
New Taipei City,,,24.929078,121.37373,"24°55'44.68""N","121°22'25.43""E"
New Taipei City,,,24.928774,121.373345,"24°55'43.59""N","121°22'24.04""E"
New Taipei City,,,24.928808,121.373385,"24°55'43.71""N","121°22'24.19""E"
New Taipei City,,,24.92719,121.371891,"24°55'37.88""N","121°22'18.81""E"
New Taipei City,,,24.927143,121.371871,"24°55'37.71""N","121°22'18.74""E"
New Taipei City,,,24.997598,121.468131,"24°59'51.35""N","121°28'05.27""E"
New Taipei City,,,24.997651,121.468143,"24°59'51.54""N","121°28'05.31""E"
New Taipei City,,,24.996129,121.461636,"24°59'46.06""N","121°27'41.89""E"
New Taipei City,,,24.993814,121.4597,"24°59'37.73""N","121°27'34.92""E"
New Taipei City,,,24.933287,121.372294,"24°55'59.83""N","121°22'20.26""E"
New Taipei City,,,25.067532,121.481944,"25°04'03.12""N","121°28'55.00""E"
New Taipei City,,,25.027153,121.462174,"25°01'37.75""N","121°27'43.83""E"
New Taipei City,,,25.027178,121.462221,"25°01'37.84""N","121°27'44.00""E"
New Taipei City,,,25.021512,121.462031,"25°01'17.44""N","121°27'43.31""E"
New Taipei City,,,25.021466,121.461932,"25°01'17.28""N","121°27'42.96""E"
New Taipei City,,,25.004101,121.470076,"25°00'14.76""N","121°28'12.27""E"
New Taipei City,,,25.075963,121.469811,"25°04'33.47""N","121°28'11.32""E"
New Taipei City,,,24.998464,121.449997,"24°59'54.47""N","121°26'59.99""E"
New Taipei City,,,24.998422,121.449958,"24°59'54.32""N","121°26'59.85""E"
New Taipei City,,,24.999008,121.450598,"24°59'56.43""N","121°27'02.15""E"
New Taipei City,,,24.999046,121.450641,"24°59'56.57""N","121°27'02.31""E"
New Taipei City,,,24.998969,121.450555,"24°59'56.29""N","121°27'02.00""E"
New Taipei City,,,25.059847,121.633719,"25°03'35.45""N","121°38'01.39""E"
New Taipei City,,,25.06607,121.64017,"25°03'57.85""N","121°38'24.61""E"
New Taipei City,,,25.066118,121.640185,"25°03'58.02""N","121°38'24.67""E"
New Taipei City,,,25.066165,121.640199,"25°03'58.19""N","121°38'24.72""E"
New Taipei City,,,25.066213,121.640214,"25°03'58.37""N","121°38'24.77""E"
New Taipei City,,,24.999085,121.450684,"24°59'56.71""N","121°27'02.46""E"
New Taipei City,,,24.998505,121.450037,"24°59'54.62""N","121°27'00.13""E"
New Taipei City,,,24.998853,121.450425,"24°59'55.87""N","121°27'01.53""E"
New Taipei City,,,24.998892,121.450468,"24°59'56.01""N","121°27'01.68""E"
New Taipei City,,,24.998815,121.450382,"24°59'55.73""N","121°27'01.38""E"
New Taipei City,,,24.99893,121.450511,"24°59'56.15""N","121°27'01.84""E"
New Taipei City,,,24.998699,121.450252,"24°59'55.32""N","121°27'00.91""E"
New Taipei City,,,24.998738,121.450296,"24°59'55.46""N","121°27'01.07""E"
New Taipei City,,,24.99866,121.450209,"24°59'55.18""N","121°27'00.75""E"
New Taipei City,,,24.998545,121.45008,"24°59'54.76""N","121°27'00.29""E"
New Taipei City,,,24.995515,121.464605,"24°59'43.85""N","121°27'52.58""E"
New Taipei City,,,24.995379,121.464469,"24°59'43.36""N","121°27'52.09""E"
New Taipei City,,,24.995413,121.464503,"24°59'43.49""N","121°27'52.21""E"
New Taipei City,,,24.995447,121.464537,"24°59'43.61""N","121°27'52.33""E"
New Taipei City,,,25.018238,121.483987,"25°01'05.66""N","121°29'02.35""E"
New Taipei City,,,25.018269,121.484031,"25°01'05.77""N","121°29'02.51""E"
New Taipei City,,,25.018648,121.485267,"25°01'07.13""N","121°29'06.96""E"
New Taipei City,,,25.018585,121.485048,"25°01'06.91""N","121°29'06.17""E"
New Taipei City,,,25.018297,121.484073,"25°01'05.87""N","121°29'02.66""E"
New Taipei City,,,25.018313,121.48412,"25°01'05.93""N","121°29'02.83""E"
New Taipei City,,,25.018328,121.484172,"25°01'05.98""N","121°29'03.02""E"
New Taipei City,,,25.018343,121.484223,"25°01'06.03""N","121°29'03.20""E"
New Taipei City,,,25.018358,121.484274,"25°01'06.09""N","121°29'03.39""E"
New Taipei City,,,25.018373,121.484326,"25°01'06.14""N","121°29'03.57""E"
New Taipei City,,,25.018388,121.484378,"25°01'06.20""N","121°29'03.76""E"
New Taipei City,,,25.018403,121.48443,"25°01'06.25""N","121°29'03.95""E"
New Taipei City,,,25.018419,121.484482,"25°01'06.31""N","121°29'04.14""E"
New Taipei City,,,25.018433,121.484534,"25°01'06.36""N","121°29'04.32""E"
New Taipei City,,,25.018448,121.484586,"25°01'06.41""N","121°29'04.51""E"
New Taipei City,,,25.018464,121.484638,"25°01'06.47""N","121°29'04.70""E"
New Taipei City,,,25.018495,121.484741,"25°01'06.58""N","121°29'05.07""E"
New Taipei City,,,25.018509,121.48479,"25°01'06.63""N","121°29'05.24""E"
New Taipei City,,,25.018524,121.484841,"25°01'06.69""N","121°29'05.43""E"
New Taipei City,,,25.01854,121.484892,"25°01'06.74""N","121°29'05.61""E"
New Taipei City,,,25.018554,121.484944,"25°01'06.79""N","121°29'05.80""E"
New Taipei City,,,25.018569,121.484996,"25°01'06.85""N","121°29'05.99""E"
New Taipei City,,,25.018599,121.4851,"25°01'06.96""N","121°29'06.36""E"
New Taipei City,,,25.018663,121.485319,"25°01'07.19""N","121°29'07.15""E"
New Taipei City,,,25.018678,121.485371,"25°01'07.24""N","121°29'07.34""E"
New Taipei City,,,25.018693,121.485423,"25°01'07.29""N","121°29'07.52""E"
New Taipei City,,,25.018709,121.485475,"25°01'07.35""N","121°29'07.71""E"
New Taipei City,,,25.018724,121.485527,"25°01'07.41""N","121°29'07.90""E"
New Taipei City,,,25.018801,121.48579,"25°01'07.68""N","121°29'08.84""E"
New Taipei City,,,25.018847,121.485946,"25°01'07.85""N","121°29'09.41""E"
New Taipei City,,,25.018832,121.485894,"25°01'07.80""N","121°29'09.22""E"
New Taipei City,,,25.018862,121.485998,"25°01'07.90""N","121°29'09.59""E"
New Taipei City,,,24.927543,121.372049,"24°55'39.15""N","121°22'19.38""E"
New Taipei City,,,24.927487,121.372022,"24°55'38.95""N","121°22'19.28""E"
New Taipei City,,,24.926602,121.371692,"24°55'35.77""N","121°22'18.09""E"
New Taipei City,,,24.927236,121.37191,"24°55'38.05""N","121°22'18.88""E"
New Taipei City,,,24.926662,121.371712,"24°55'35.98""N","121°22'18.16""E"
New Taipei City,,,24.927097,121.372122,"24°55'37.55""N","121°22'19.64""E"
New Taipei City,,,24.927737,121.37248,"24°55'39.85""N","121°22'20.93""E"
New Taipei City,,,24.92778,121.372507,"24°55'40.01""N","121°22'21.03""E"
New Taipei City,,,24.927651,121.372427,"24°55'39.54""N","121°22'20.74""E"
New Taipei City,,,24.927356,121.372259,"24°55'38.48""N","121°22'20.13""E"
New Taipei City,,,24.927401,121.372283,"24°55'38.64""N","121°22'20.22""E"
New Taipei City,,,24.927492,121.372332,"24°55'38.97""N","121°22'20.40""E"
New Taipei City,,,25.088002,121.473988,"25°05'16.81""N","121°28'26.36""E"
New Taipei City,,,24.926023,121.371514,"24°55'33.68""N","121°22'17.45""E"
New Taipei City,,,24.925974,121.371505,"24°55'33.51""N","121°22'17.42""E"
New Taipei City,,,24.926146,121.371549,"24°55'34.13""N","121°22'17.58""E"
New Taipei City,,,24.926363,121.371617,"24°55'34.91""N","121°22'17.82""E"
New Taipei City,,,24.92622,121.371572,"24°55'34.39""N","121°22'17.66""E"
New Taipei City,,,24.925925,121.371496,"24°55'33.33""N","121°22'17.39""E"
New Taipei City,,,24.926274,121.371589,"24°55'34.59""N","121°22'17.72""E"
New Taipei City,,,24.926094,121.371533,"24°55'33.94""N","121°22'17.52""E"
New Taipei City,,,24.925362,121.371388,"24°55'31.30""N","121°22'17.00""E"
New Taipei City,,,24.925411,121.371398,"24°55'31.48""N","121°22'17.03""E"
New Taipei City,,,24.925313,121.371378,"24°55'31.13""N","121°22'16.96""E"
New Taipei City,,,24.975781,121.536512,"24°58'32.81""N","121°32'11.44""E"
New Taipei City,,,24.997163,121.468026,"24°59'49.79""N","121°28'04.89""E"
New Taipei City,,,24.997111,121.468013,"24°59'49.60""N","121°28'04.85""E"
New Taipei City,,,24.994447,121.46694,"24°59'40.01""N","121°28'00.98""E"
New Taipei City,,,24.994487,121.466972,"24°59'40.15""N","121°28'01.10""E"
New Taipei City,,,24.995042,121.467346,"24°59'42.15""N","121°28'02.45""E"
New Taipei City,,,24.995046,121.467217,"24°59'42.17""N","121°28'01.98""E"
New Taipei City,,,24.994998,121.46732,"24°59'41.99""N","121°28'02.35""E"
New Taipei City,,,25.00449,121.499373,"25°00'16.16""N","121°29'57.74""E"
New Taipei City,,,25.077033,121.661858,"25°04'37.32""N","121°39'42.69""E"
New Taipei City,,,25.077046,121.661878,"25°04'37.37""N","121°39'42.76""E"
New Taipei City,,,25.01446,121.509524,"25°00'52.06""N","121°30'34.29""E"
New Taipei City,,,25.077015,121.662001,"25°04'37.25""N","121°39'43.20""E"
New Taipei City,,,25.077002,121.661981,"25°04'37.21""N","121°39'43.13""E"
New Taipei City,,,25.076989,121.661961,"25°04'37.16""N","121°39'43.06""E"
New Taipei City,,,25.076976,121.66194,"25°04'37.11""N","121°39'42.98""E"
New Taipei City,,,25.040362,121.44233,"25°02'25.30""N","121°26'32.39""E"
New Taipei City,,,25.040312,121.44233,"25°02'25.12""N","121°26'32.39""E"
New Taipei City,,,25.040556,121.441967,"25°02'26.00""N","121°26'31.08""E"
New Taipei City,,,25.009695,121.465258,"25°00'34.90""N","121°27'54.93""E"
New Taipei City,,,25.059526,121.488267,"25°03'34.29""N","121°29'17.76""E"
New Taipei City,,,25.059544,121.488253,"25°03'34.36""N","121°29'17.71""E"
New Taipei City,,,24.977826,121.41083,"24°58'40.17""N","121°24'38.99""E"
New Taipei City,,,24.977799,121.410784,"24°58'40.08""N","121°24'38.82""E"
New Taipei City,,,25.058775,121.482068,"25°03'31.59""N","121°28'55.44""E"
New Taipei City,,,25.009577,121.467234,"25°00'34.48""N","121°28'02.04""E"
New Taipei City,,,25.057097,121.494218,"25°03'25.55""N","121°29'39.18""E"
New Taipei City,,,24.978987,121.462106,"24°58'44.35""N","121°27'43.58""E"
New Taipei City,,,24.979024,121.46207,"24°58'44.49""N","121°27'43.45""E"
New Taipei City,,,25.064501,121.655701,"25°03'52.20""N","121°39'20.52""E"
New Taipei City,,,25.064601,121.655654,"25°03'52.56""N","121°39'20.35""E"
New Taipei City,,,25.064647,121.655633,"25°03'52.73""N","121°39'20.28""E"
New Taipei City,,,24.987644,121.427434,"24°59'15.52""N","121°25'38.76""E"
New Taipei City,,,25.024406,121.461698,"25°01'27.86""N","121°27'42.11""E"
New Taipei City,,,25.024384,121.461654,"25°01'27.78""N","121°27'41.95""E"
New Taipei City,,,25.024501,121.461879,"25°01'28.20""N","121°27'42.76""E"
New Taipei City,,,25.061853,121.488896,"25°03'42.67""N","121°29'20.03""E"
New Taipei City,,,25.061896,121.488912,"25°03'42.83""N","121°29'20.08""E"
New Taipei City,,,25.061671,121.488832,"25°03'42.02""N","121°29'19.80""E"
New Taipei City,,,24.989454,121.44959,"24°59'22.03""N","121°26'58.52""E"
New Taipei City,,,24.962377,121.423808,"24°57'44.56""N","121°25'25.71""E"
New Taipei City,,,24.962392,121.42386,"24°57'44.61""N","121°25'25.90""E"
New Taipei City,,,24.962347,121.423704,"24°57'44.45""N","121°25'25.33""E"
New Taipei City,,,24.962407,121.423912,"24°57'44.67""N","121°25'26.08""E"
New Taipei City,,,24.962436,121.424016,"24°57'44.77""N","121°25'26.46""E"
New Taipei City,,,24.983439,121.450467,"24°59'00.38""N","121°27'01.68""E"
New Taipei City,,,25.008852,121.462838,"25°00'31.87""N","121°27'46.22""E"
New Taipei City,,,25.00881,121.462808,"25°00'31.72""N","121°27'46.11""E"
New Taipei City,,,25.008895,121.462867,"25°00'32.02""N","121°27'46.32""E"
New Taipei City,,,25.008602,121.46266,"25°00'30.97""N","121°27'45.58""E"
New Taipei City,,,25.00856,121.46263,"25°00'30.82""N","121°27'45.47""E"
New Taipei City,,,25.008519,121.462601,"25°00'30.67""N","121°27'45.36""E"
New Taipei City,,,25.008477,121.462571,"25°00'30.52""N","121°27'45.26""E"
New Taipei City,,,25.008435,121.462541,"25°00'30.37""N","121°27'45.15""E"
New Taipei City,,,25.008394,121.462511,"25°00'30.22""N","121°27'45.04""E"
New Taipei City,,,25.008227,121.462393,"25°00'29.62""N","121°27'44.61""E"
New Taipei City,,,25.008186,121.462363,"25°00'29.47""N","121°27'44.51""E"
New Taipei City,,,25.008144,121.462333,"25°00'29.32""N","121°27'44.40""E"
New Taipei City,,,25.008102,121.462304,"25°00'29.17""N","121°27'44.29""E"
New Taipei City,,,25.007852,121.462124,"25°00'28.27""N","121°27'43.65""E"
New Taipei City,,,24.992697,121.501477,"24°59'33.71""N","121°30'05.32""E"
New Taipei City,,,25.07658,121.396503,"25°04'35.69""N","121°23'47.41""E"
New Taipei City,,,24.998553,121.424818,"24°59'54.79""N","121°25'29.34""E"
New Taipei City,,,24.998594,121.424849,"24°59'54.94""N","121°25'29.46""E"
New Taipei City,,,25.008593,121.462553,"25°00'30.93""N","121°27'45.19""E"
New Taipei City,,,25.009079,121.485272,"25°00'32.68""N","121°29'06.98""E"
New Taipei City,,,25.009029,121.485158,"25°00'32.50""N","121°29'06.57""E"
New Taipei City,,,25.067931,121.482288,"25°04'04.55""N","121°28'56.24""E"
New Taipei City,,,24.935971,121.368479,"24°56'09.50""N","121°22'06.52""E"
New Taipei City,,,25.068077,121.482405,"25°04'05.08""N","121°28'56.66""E"
New Taipei City,,,25.00621,121.499041,"25°00'22.36""N","121°29'56.55""E"
New Taipei City,,,25.006304,121.499005,"25°00'22.69""N","121°29'56.42""E"
New Taipei City,,,25.005984,121.498998,"25°00'21.54""N","121°29'56.39""E"
New Taipei City,,,25.074147,121.381925,"25°04'26.93""N","121°22'54.93""E"
New Taipei City,,,25.074167,121.381975,"25°04'27.00""N","121°22'55.11""E"
New Taipei City,,,25.060362,121.498407,"25°03'37.30""N","121°29'54.27""E"
New Taipei City,,,25.06049,121.49838,"25°03'37.76""N","121°29'54.17""E"
New Taipei City,,,25.06061,121.498353,"25°03'38.20""N","121°29'54.07""E"
New Taipei City,,,25.060654,121.498142,"25°03'38.35""N","121°29'53.31""E"
New Taipei City,,,25.060432,121.498236,"25°03'37.56""N","121°29'53.65""E"
New Taipei City,,,25.060384,121.498247,"25°03'37.38""N","121°29'53.69""E"
New Taipei City,,,25.060335,121.498258,"25°03'37.21""N","121°29'53.73""E"
New Taipei City,,,25.061035,121.49826,"25°03'39.73""N","121°29'53.74""E"
New Taipei City,,,24.995194,121.450256,"24°59'42.70""N","121°27'00.92""E"
New Taipei City,,,25.078611,121.393852,"25°04'43.00""N","121°23'37.87""E"
New Taipei City,,,25.078613,121.393793,"25°04'43.01""N","121°23'37.65""E"
New Taipei City,,,25.073296,121.37033,"25°04'23.87""N","121°22'13.19""E"
New Taipei City,,,25.023688,121.459154,"25°01'25.28""N","121°27'32.95""E"
New Taipei City,,,25.023661,121.459103,"25°01'25.18""N","121°27'32.77""E"
New Taipei City,,,25.076627,121.486946,"25°04'35.86""N","121°29'13.01""E"
New Taipei City,,,24.94582,121.373153,"24°56'44.95""N","121°22'23.35""E"
New Taipei City,,,25.085157,121.447637,"25°05'06.57""N","121°26'51.49""E"
New Taipei City,,,25.085103,121.447638,"25°05'06.37""N","121°26'51.50""E"
New Taipei City,,,25.085211,121.447637,"25°05'06.76""N","121°26'51.49""E"
New Taipei City,,,25.085266,121.447636,"25°05'06.96""N","121°26'51.49""E"
New Taipei City,,,24.999956,121.621088,"24°59'59.84""N","121°37'15.92""E"
New Taipei City,,,25.005259,121.498786,"25°00'18.93""N","121°29'55.63""E"
New Taipei City,,,25.005236,121.498642,"25°00'18.85""N","121°29'55.11""E"
New Taipei City,,,25.005227,121.498585,"25°00'18.82""N","121°29'54.91""E"
New Taipei City,,,24.987673,121.460343,"24°59'15.62""N","121°27'37.23""E"
New Taipei City,,,24.987541,121.460321,"24°59'15.15""N","121°27'37.16""E"
New Taipei City,,,24.99314,121.418315,"24°59'35.30""N","121°25'05.93""E"
New Taipei City,,,24.984178,121.41631,"24°59'03.04""N","121°24'58.72""E"
New Taipei City,,,24.983624,121.415192,"24°59'01.05""N","121°24'54.69""E"
New Taipei City,,,24.982952,121.413844,"24°58'58.63""N","121°24'49.84""E"
New Taipei City,,,25.014742,121.508377,"25°00'53.07""N","121°30'30.16""E"
New Taipei City,,,24.984865,121.413243,"24°59'05.51""N","121°24'47.67""E"
New Taipei City,,,24.98495,121.413318,"24°59'05.82""N","121°24'47.94""E"
New Taipei City,,,24.98499,121.41335,"24°59'05.96""N","121°24'48.06""E"
New Taipei City,,,24.985152,121.413477,"24°59'06.55""N","121°24'48.52""E"
New Taipei City,,,25.004115,121.429247,"25°00'14.81""N","121°25'45.29""E"
New Taipei City,,,25.004071,121.42916,"25°00'14.66""N","121°25'44.98""E"
New Taipei City,,,25.160521,121.424674,"25°09'37.88""N","121°25'28.83""E"
New Taipei City,,,25.160527,121.424615,"25°09'37.90""N","121°25'28.61""E"
New Taipei City,,,24.996323,121.521446,"24°59'46.76""N","121°31'17.21""E"
New Taipei City,,,25.005083,121.519382,"25°00'18.30""N","121°31'09.78""E"
New Taipei City,,,25.06982,121.366625,"25°04'11.35""N","121°21'59.85""E"
New Taipei City,,,25.160098,121.429291,"25°09'36.35""N","121°25'45.45""E"
New Taipei City,,,25.013933,121.507772,"25°00'50.16""N","121°30'27.98""E"
New Taipei City,,,25.076118,121.379738,"25°04'34.02""N","121°22'47.06""E"
New Taipei City,,,25.076158,121.379779,"25°04'34.17""N","121°22'47.20""E"
New Taipei City,,,25.075721,121.379334,"25°04'32.60""N","121°22'45.60""E"
New Taipei City,,,25.075681,121.379294,"25°04'32.45""N","121°22'45.46""E"
New Taipei City,,,25.075642,121.379253,"25°04'32.31""N","121°22'45.31""E"
New Taipei City,,,25.014251,121.507932,"25°00'51.30""N","121°30'28.56""E"
New Taipei City,,,24.986766,121.453152,"24°59'12.36""N","121°27'11.35""E"
New Taipei City,,,24.991256,121.416775,"24°59'28.52""N","121°25'00.39""E"
New Taipei City,,,24.990845,121.416463,"24°59'27.04""N","121°24'59.27""E"
New Taipei City,,,24.990802,121.416435,"24°59'26.89""N","121°24'59.17""E"
New Taipei City,,,25.160254,121.428,"25°09'36.91""N","121°25'40.80""E"
New Taipei City,,,25.160449,121.42631,"25°09'37.62""N","121°25'34.72""E"
New Taipei City,,,25.16051,121.425751,"25°09'37.84""N","121°25'32.70""E"
New Taipei City,,,24.999165,121.429898,"24°59'56.99""N","121°25'47.63""E"
New Taipei City,,,25.161417,121.429184,"25°09'41.10""N","121°25'45.06""E"
New Taipei City,,,24.990418,121.416183,"24°59'25.50""N","121°24'58.26""E"
New Taipei City,,,24.990375,121.416155,"24°59'25.35""N","121°24'58.16""E"
New Taipei City,,,24.990332,121.416128,"24°59'25.20""N","121°24'58.06""E"
New Taipei City,,,24.990288,121.416102,"24°59'25.04""N","121°24'57.97""E"
New Taipei City,,,24.990201,121.416048,"24°59'24.72""N","121°24'57.77""E"
New Taipei City,,,25.000179,121.491907,"25°00'00.64""N","121°29'30.87""E"
New Taipei City,,,25.000178,121.491525,"25°00'00.64""N","121°29'29.49""E"
New Taipei City,,,25.078337,121.39621,"25°04'42.01""N","121°23'46.36""E"
New Taipei City,,,24.999697,121.429776,"24°59'58.91""N","121°25'47.19""E"
New Taipei City,,,24.999648,121.429787,"24°59'58.73""N","121°25'47.23""E"
New Taipei City,,,24.999599,121.429798,"24°59'58.56""N","121°25'47.27""E"
New Taipei City,,,24.999405,121.429843,"24°59'57.86""N","121°25'47.43""E"
New Taipei City,,,25.078424,121.393881,"25°04'42.33""N","121°23'37.97""E"
New Taipei City,,,25.078365,121.394588,"25°04'42.11""N","121°23'40.52""E"
New Taipei City,,,25.078359,121.394642,"25°04'42.09""N","121°23'40.71""E"
New Taipei City,,,25.071339,121.358738,"25°04'16.82""N","121°21'31.46""E"
New Taipei City,,,25.078421,121.395759,"25°04'42.32""N","121°23'44.73""E"
New Taipei City,,,25.015653,121.509347,"25°00'56.35""N","121°30'33.65""E"
New Taipei City,,,25.016275,121.509937,"25°00'58.59""N","121°30'35.77""E"
New Taipei City,,,25.01624,121.509905,"25°00'58.46""N","121°30'35.66""E"
New Taipei City,,,25.01633,121.509989,"25°00'58.79""N","121°30'35.96""E"
New Taipei City,,,25.082977,121.379265,"25°04'58.72""N","121°22'45.35""E"
New Taipei City,,,25.082865,121.37904,"25°04'58.31""N","121°22'44.54""E"
New Taipei City,,,25.080456,121.383473,"25°04'49.64""N","121°23'00.50""E"
New Taipei City,,,25.07509,121.383783,"25°04'30.32""N","121°23'01.62""E"
New Taipei City,,,25.075066,121.383735,"25°04'30.24""N","121°23'01.45""E"
New Taipei City,,,25.075114,121.38383,"25°04'30.41""N","121°23'01.79""E"
New Taipei City,,,25.084459,121.377188,"25°05'04.05""N","121°22'37.88""E"
New Taipei City,,,25.084664,121.376651,"25°05'04.79""N","121°22'35.94""E"
New Taipei City,,,25.084628,121.376689,"25°05'04.66""N","121°22'36.08""E"
New Taipei City,,,24.989137,121.49157,"24°59'20.89""N","121°29'29.65""E"
New Taipei City,,,24.989009,121.491654,"24°59'20.43""N","121°29'29.95""E"
New Taipei City,,,24.989051,121.491626,"24°59'20.58""N","121°29'29.85""E"
New Taipei City,,,25.073676,121.379342,"25°04'25.23""N","121°22'45.63""E"
New Taipei City,,,25.073684,121.379289,"25°04'25.26""N","121°22'45.44""E"
New Taipei City,,,25.073668,121.379396,"25°04'25.20""N","121°22'45.83""E"
New Taipei City,,,25.073662,121.379451,"25°04'25.18""N","121°22'46.02""E"
New Taipei City,,,25.073656,121.379504,"25°04'25.16""N","121°22'46.21""E"
New Taipei City,,,25.073652,121.379559,"25°04'25.15""N","121°22'46.41""E"
New Taipei City,,,25.073787,121.378869,"25°04'25.63""N","121°22'43.93""E"
New Taipei City,,,25.06474,121.628745,"25°03'53.06""N","121°37'43.48""E"
New Taipei City,,,25.064351,121.625422,"25°03'51.66""N","121°37'31.52""E"
New Taipei City,,,24.936104,121.360447,"24°56'09.97""N","121°21'37.61""E"
New Taipei City,,,25.057657,121.494347,"25°03'27.57""N","121°29'39.65""E"
New Taipei City,,,24.98709,121.536501,"24°59'13.52""N","121°32'11.40""E"
New Taipei City,,,25.058405,121.480993,"25°03'30.26""N","121°28'51.57""E"
New Taipei City,,,25.05836,121.481016,"25°03'30.10""N","121°28'51.66""E"
New Taipei City,,,25.058315,121.48104,"25°03'29.93""N","121°28'51.74""E"
New Taipei City,,,25.05827,121.481063,"25°03'29.77""N","121°28'51.83""E"
New Taipei City,,,25.000742,121.514393,"25°00'02.67""N","121°30'51.81""E"
New Taipei City,,,25.000703,121.51436,"25°00'02.53""N","121°30'51.70""E"
New Taipei City,,,25.013694,121.512464,"25°00'49.30""N","121°30'44.87""E"
New Taipei City,,,25.001258,121.514827,"25°00'04.53""N","121°30'53.38""E"
New Taipei City,,,24.994668,121.520135,"24°59'40.80""N","121°31'12.49""E"
New Taipei City,,,24.995267,121.520132,"24°59'42.96""N","121°31'12.48""E"
New Taipei City,,,24.995218,121.520127,"24°59'42.78""N","121°31'12.46""E"
New Taipei City,,,24.994473,121.520099,"24°59'40.10""N","121°31'12.36""E"
New Taipei City,,,24.994916,121.450711,"24°59'41.70""N","121°27'02.56""E"
New Taipei City,,,24.994873,121.45074,"24°59'41.54""N","121°27'02.66""E"
New Taipei City,,,25.012337,121.476193,"25°00'44.41""N","121°28'34.29""E"
New Taipei City,,,25.012305,121.476234,"25°00'44.30""N","121°28'34.44""E"
New Taipei City,,,25.045058,121.447469,"25°02'42.21""N","121°26'50.89""E"
New Taipei City,,,25.045049,121.447416,"25°02'42.18""N","121°26'50.70""E"
New Taipei City,,,25.04504,121.447362,"25°02'42.14""N","121°26'50.50""E"
New Taipei City,,,24.998776,121.450339,"24°59'55.59""N","121°27'01.22""E"
New Taipei City,,,25.02299,121.460985,"25°01'22.76""N","121°27'39.55""E"
New Taipei City,,,25.022819,121.461091,"25°01'22.15""N","121°27'39.93""E"
New Taipei City,,,25.018002,121.426279,"25°01'04.81""N","121°25'34.60""E"
New Taipei City,,,25.018022,121.426218,"25°01'04.88""N","121°25'34.38""E"
New Taipei City,,,24.972482,121.330899,"24°58'20.94""N","121°19'51.24""E"
New Taipei City,,,24.998583,121.450123,"24°59'54.90""N","121°27'00.44""E"
New Taipei City,,,25.025408,121.462198,"25°01'31.47""N","121°27'43.91""E"
New Taipei City,,,25.06516,121.630598,"25°03'54.58""N","121°37'50.15""E"
New Taipei City,,,25.065127,121.630485,"25°03'54.46""N","121°37'49.75""E"
New Taipei City,,,25.065109,121.63042,"25°03'54.39""N","121°37'49.51""E"
New Taipei City,,,25.064515,121.627066,"25°03'52.25""N","121°37'37.44""E"
New Taipei City,,,25.064522,121.62712,"25°03'52.28""N","121°37'37.63""E"
New Taipei City,,,25.064545,121.627282,"25°03'52.36""N","121°37'38.22""E"
New Taipei City,,,25.025164,121.461997,"25°01'30.59""N","121°27'43.19""E"
New Taipei City,,,24.998622,121.450166,"24°59'55.04""N","121°27'00.60""E"
New Taipei City,,,24.995792,121.460521,"24°59'44.85""N","121°27'37.88""E"
New Taipei City,,,25.025354,121.462358,"25°01'31.27""N","121°27'44.49""E"
New Taipei City,,,25.016326,121.48179,"25°00'58.77""N","121°28'54.44""E"
New Taipei City,,,25.016129,121.481817,"25°00'58.06""N","121°28'54.54""E"
New Taipei City,,,25.016182,121.481805,"25°00'58.26""N","121°28'54.50""E"
New Taipei City,,,25.016075,121.481833,"25°00'57.87""N","121°28'54.60""E"
New Taipei City,,,25.017309,121.482716,"25°01'02.31""N","121°28'57.78""E"
New Taipei City,,,25.008311,121.462452,"25°00'29.92""N","121°27'44.83""E"
New Taipei City,,,25.008269,121.462422,"25°00'29.77""N","121°27'44.72""E"
New Taipei City,,,25.017345,121.482758,"25°01'02.44""N","121°28'57.93""E"
New Taipei City,,,25.017381,121.482803,"25°01'02.57""N","121°28'58.09""E"
New Taipei City,,,25.017416,121.482848,"25°01'02.70""N","121°28'58.25""E"
New Taipei City,,,25.01438,121.456512,"25°00'51.77""N","121°27'23.44""E"
New Taipei City,,,24.989094,121.491598,"24°59'20.74""N","121°29'29.75""E"
New Taipei City,,,24.988966,121.491682,"24°59'20.28""N","121°29'30.06""E"
New Taipei City,,,24.978174,121.534246,"24°58'41.43""N","121°32'03.29""E"
New Taipei City,,,25.070961,121.367896,"25°04'15.46""N","121°22'04.43""E"
New Taipei City,,,25.070998,121.367939,"25°04'15.59""N","121°22'04.58""E"
New Taipei City,,,24.996897,121.528107,"24°59'48.83""N","121°31'41.19""E"
New Taipei City,,,25.003973,121.524628,"25°00'14.30""N","121°31'28.66""E"
New Taipei City,,,25.003922,121.524972,"25°00'14.12""N","121°31'29.90""E"
New Taipei City,,,25.003915,121.525026,"25°00'14.09""N","121°31'30.09""E"
New Taipei City,,,25.003857,121.525468,"25°00'13.89""N","121°31'31.68""E"
New Taipei City,,,25.07067,121.367579,"25°04'14.41""N","121°22'03.28""E"
New Taipei City,,,25.003762,121.525687,"25°00'13.54""N","121°31'32.47""E"
New Taipei City,,,25.068497,121.356404,"25°04'06.59""N","121°21'23.05""E"
New Taipei City,,,24.973389,121.539709,"24°58'24.20""N","121°32'22.95""E"
New Taipei City,,,25.068254,121.356272,"25°04'05.71""N","121°21'22.58""E"
New Taipei City,,,25.003813,121.51496,"25°00'13.73""N","121°30'53.86""E"
New Taipei City,,,25.090147,121.376254,"25°05'24.53""N","121°22'34.51""E"
New Taipei City,,,24.982693,121.537517,"24°58'57.69""N","121°32'15.06""E"
New Taipei City,,,25.00133,121.502702,"25°00'04.79""N","121°30'09.73""E"
New Taipei City,,,25.090562,121.376554,"25°05'26.02""N","121°22'35.59""E"
New Taipei City,,,25.090607,121.376586,"25°05'26.19""N","121°22'35.71""E"
New Taipei City,,,25.090652,121.376619,"25°05'26.35""N","121°22'35.83""E"
New Taipei City,,,25.090833,121.37675,"25°05'27.00""N","121°22'36.30""E"
New Taipei City,,,25.090682,121.376285,"25°05'26.46""N","121°22'34.63""E"
New Taipei City,,,25.091014,121.376882,"25°05'27.65""N","121°22'36.78""E"
New Taipei City,,,25.005683,121.510852,"25°00'20.46""N","121°30'39.07""E"
New Taipei City,,,25.091344,121.376766,"25°05'28.84""N","121°22'36.36""E"
New Taipei City,,,25.091796,121.377451,"25°05'30.47""N","121°22'38.82""E"
New Taipei City,,,25.09207,121.377648,"25°05'31.45""N","121°22'39.53""E"
New Taipei City,,,25.092115,121.377681,"25°05'31.61""N","121°22'39.65""E"
New Taipei City,,,25.070082,121.366906,"25°04'12.30""N","121°22'00.86""E"
New Taipei City,,,25.071901,121.359416,"25°04'18.84""N","121°21'33.90""E"
New Taipei City,,,25.018816,121.485842,"25°01'07.74""N","121°29'09.03""E"
New Taipei City,,,25.018877,121.486049,"25°01'07.96""N","121°29'09.78""E"
New Taipei City,,,25.01848,121.48469,"25°01'06.53""N","121°29'04.88""E"
New Taipei City,,,25.018178,121.4839,"25°01'05.44""N","121°29'02.04""E"
New Taipei City,,,25.082575,121.457007,"25°04'57.27""N","121°27'25.23""E"
New Taipei City,,,25.082527,121.457021,"25°04'57.10""N","121°27'25.28""E"
New Taipei City,,,25.082479,121.457035,"25°04'56.92""N","121°27'25.33""E"
New Taipei City,,,25.082431,121.457049,"25°04'56.75""N","121°27'25.38""E"
New Taipei City,,,25.082336,121.457077,"25°04'56.41""N","121°27'25.48""E"
New Taipei City,,,25.082623,121.456993,"25°04'57.44""N","121°27'25.17""E"
New Taipei City,,,25.082288,121.457091,"25°04'56.24""N","121°27'25.53""E"
New Taipei City,,,25.08224,121.457105,"25°04'56.06""N","121°27'25.58""E"
New Taipei City,,,25.082384,121.457063,"25°04'56.58""N","121°27'25.43""E"
New Taipei City,,,25.091072,121.456996,"25°05'27.86""N","121°27'25.19""E"
New Taipei City,,,24.980641,121.507568,"24°58'50.31""N","121°30'27.24""E"
New Taipei City,,,24.980595,121.507589,"24°58'50.14""N","121°30'27.32""E"
New Taipei City,,,25.073601,121.36409,"25°04'24.96""N","121°21'50.72""E"
New Taipei City,,,25.065095,121.659543,"25°03'54.34""N","121°39'34.35""E"
New Taipei City,,,25.065072,121.659489,"25°03'54.26""N","121°39'34.16""E"
New Taipei City,,,25.064963,121.659526,"25°03'53.87""N","121°39'34.29""E"
New Taipei City,,,25.149387,121.399032,"25°08'57.79""N","121°23'56.52""E"
New Taipei City,,,25.149218,121.398799,"25°08'57.18""N","121°23'55.68""E"
New Taipei City,,,25.014935,121.484718,"25°00'53.77""N","121°29'04.98""E"
New Taipei City,,,25.014985,121.484696,"25°00'53.95""N","121°29'04.91""E"
New Taipei City,,,25.015087,121.484652,"25°00'54.31""N","121°29'04.75""E"
New Taipei City,,,25.015137,121.48463,"25°00'54.49""N","121°29'04.67""E"
New Taipei City,,,25.015598,121.484427,"25°00'56.15""N","121°29'03.94""E"
New Taipei City,,,25.015495,121.484472,"25°00'55.78""N","121°29'04.10""E"
New Taipei City,,,25.015443,121.484495,"25°00'55.59""N","121°29'04.18""E"
New Taipei City,,,25.01539,121.484518,"25°00'55.40""N","121°29'04.26""E"
New Taipei City,,,25.015339,121.48454,"25°00'55.22""N","121°29'04.34""E"
New Taipei City,,,25.015288,121.484563,"25°00'55.04""N","121°29'04.43""E"
New Taipei City,,,25.015237,121.484585,"25°00'54.85""N","121°29'04.51""E"
New Taipei City,,,25.149252,121.398845,"25°08'57.31""N","121°23'55.84""E"
New Taipei City,,,25.152996,121.406589,"25°09'10.79""N","121°24'23.72""E"
New Taipei City,,,24.995327,121.458042,"24°59'43.18""N","121°27'28.95""E"
New Taipei City,,,24.994308,121.45842,"24°59'39.51""N","121°27'30.31""E"
New Taipei City,,,24.994319,121.458479,"24°59'39.55""N","121°27'30.52""E"
New Taipei City,,,24.994328,121.458531,"24°59'39.58""N","121°27'30.71""E"
New Taipei City,,,25.056046,121.473792,"25°03'21.77""N","121°28'25.65""E"
New Taipei City,,,25.070687,121.642631,"25°04'14.47""N","121°38'33.47""E"
New Taipei City,,,25.089064,121.459527,"25°05'20.63""N","121°27'34.30""E"
New Taipei City,,,25.088456,121.488627,"25°05'18.44""N","121°29'19.06""E"
New Taipei City,,,24.988954,121.450319,"24°59'20.23""N","121°27'01.15""E"
New Taipei City,,,25.02258,121.479538,"25°01'21.29""N","121°28'46.34""E"
New Taipei City,,,25.003041,121.52515,"25°00'10.95""N","121°31'30.54""E"
New Taipei City,,,24.980271,121.460866,"24°58'48.98""N","121°27'39.12""E"
New Taipei City,,,24.928172,121.370836,"24°55'41.42""N","121°22'15.01""E"
New Taipei City,,,24.928121,121.370818,"24°55'41.24""N","121°22'14.94""E"
New Taipei City,,,24.990783,121.503944,"24°59'26.82""N","121°30'14.20""E"
New Taipei City,,,24.990726,121.503917,"24°59'26.61""N","121°30'14.10""E"
New Taipei City,,,25.00429,121.516289,"25°00'15.44""N","121°30'58.64""E"
New Taipei City,,,25.004217,121.515984,"25°00'15.18""N","121°30'57.54""E"
New Taipei City,,,25.004192,121.51588,"25°00'15.09""N","121°30'57.17""E"
New Taipei City,,,24.976307,121.440434,"24°58'34.71""N","121°26'25.56""E"
New Taipei City,,,25.013196,121.512157,"25°00'47.51""N","121°30'43.77""E"
New Taipei City,,,25.01309,121.512104,"25°00'47.12""N","121°30'43.57""E"
New Taipei City,,,25.052733,121.448973,"25°03'09.84""N","121°26'56.30""E"
New Taipei City,,,25.081132,121.471054,"25°04'52.08""N","121°28'15.79""E"
New Taipei City,,,25.026636,121.472209,"25°01'35.89""N","121°28'19.95""E"
New Taipei City,,,25.026608,121.472254,"25°01'35.79""N","121°28'20.11""E"
New Taipei City,,,25.026553,121.472345,"25°01'35.59""N","121°28'20.44""E"
New Taipei City,,,25.014475,121.458383,"25°00'52.11""N","121°27'30.18""E"
New Taipei City,,,25.085793,121.460397,"25°05'08.85""N","121°27'37.43""E"
New Taipei City,,,25.091444,121.489057,"25°05'29.20""N","121°29'20.61""E"
New Taipei City,,,25.059336,121.498594,"25°03'33.61""N","121°29'54.94""E"
New Taipei City,,,25.024944,121.46132,"25°01'29.80""N","121°27'40.75""E"
New Taipei City,,,25.015686,121.456699,"25°00'56.47""N","121°27'24.12""E"
New Taipei City,,,25.025957,121.474313,"25°01'33.45""N","121°28'27.53""E"
New Taipei City,,,24.993381,121.418775,"24°59'36.17""N","121°25'07.59""E"
New Taipei City,,,24.993421,121.418808,"24°59'36.32""N","121°25'07.71""E"
New Taipei City,,,24.98187,121.452405,"24°58'54.73""N","121°27'08.66""E"
New Taipei City,,,25.058742,121.498725,"25°03'31.47""N","121°29'55.41""E"
New Taipei City,,,25.058693,121.498736,"25°03'31.29""N","121°29'55.45""E"
New Taipei City,,,25.059239,121.498615,"25°03'33.26""N","121°29'55.01""E"
New Taipei City,,,25.059288,121.498605,"25°03'33.44""N","121°29'54.98""E"
New Taipei City,,,25.063048,121.661376,"25°03'46.97""N","121°39'40.95""E"
New Taipei City,,,24.9818,121.452328,"24°58'54.48""N","121°27'08.38""E"
New Taipei City,,,24.981976,121.452521,"24°58'55.11""N","121°27'09.08""E"
New Taipei City,,,25.063057,121.661429,"25°03'47.01""N","121°39'41.14""E"
New Taipei City,,,25.010347,121.466931,"25°00'37.25""N","121°28'00.95""E"
New Taipei City,,,25.010269,121.466977,"25°00'36.97""N","121°28'01.12""E"
New Taipei City,,,25.149458,121.399334,"25°08'58.05""N","121°23'57.60""E"
New Taipei City,,,25.010308,121.466954,"25°00'37.11""N","121°28'01.03""E"
New Taipei City,,,24.973586,121.331139,"24°58'24.91""N","121°19'52.10""E"
New Taipei City,,,24.973384,121.331094,"24°58'24.18""N","121°19'51.94""E"
New Taipei City,,,25.010389,121.466907,"25°00'37.40""N","121°28'00.87""E"
New Taipei City,,,24.974536,121.32984,"24°58'28.33""N","121°19'47.42""E"
New Taipei City,,,24.974509,121.329795,"24°58'28.23""N","121°19'47.26""E"
New Taipei City,,,24.974336,121.329514,"24°58'27.61""N","121°19'46.25""E"
New Taipei City,,,24.974226,121.329333,"24°58'27.21""N","121°19'45.60""E"
New Taipei City,,,24.974281,121.329424,"24°58'27.41""N","121°19'45.93""E"
New Taipei City,,,24.973808,121.328639,"24°58'25.71""N","121°19'43.10""E"
New Taipei City,,,25.22126,121.635482,"25°13'16.54""N","121°38'07.74""E"
New Taipei City,,,25.221284,121.63553,"25°13'16.62""N","121°38'07.91""E"
New Taipei City,,,24.938705,121.713471,"24°56'19.34""N","121°42'48.50""E"
New Taipei City,,,25.067637,121.368703,"25°04'03.49""N","121°22'07.33""E"
New Taipei City,,,25.067601,121.368664,"25°04'03.36""N","121°22'07.19""E"
New Taipei City,,,25.06772,121.368792,"25°04'03.79""N","121°22'07.65""E"
New Taipei City,,,25.067553,121.368612,"25°04'03.19""N","121°22'07.00""E"
New Taipei City,,,25.067673,121.368742,"25°04'03.62""N","121°22'07.47""E"
New Taipei City,,,25.06674,121.367719,"25°04'00.26""N","121°22'03.79""E"
New Taipei City,,,25.066671,121.367627,"25°04'00.02""N","121°22'03.46""E"
New Taipei City,,,25.066273,121.367062,"25°03'58.58""N","121°22'01.42""E"
New Taipei City,,,25.067127,121.36815,"25°04'01.66""N","121°22'05.34""E"
New Taipei City,,,25.067088,121.368108,"25°04'01.52""N","121°22'05.19""E"
New Taipei City,,,25.066985,121.367997,"25°04'01.15""N","121°22'04.79""E"
New Taipei City,,,25.066946,121.367955,"25°04'01.01""N","121°22'04.64""E"
New Taipei City,,,25.066303,121.367112,"25°03'58.69""N","121°22'01.60""E"
New Taipei City,,,25.066243,121.367013,"25°03'58.47""N","121°22'01.25""E"
New Taipei City,,,25.067958,121.356123,"25°04'04.65""N","121°21'22.04""E"
New Taipei City,,,25.090743,121.376684,"25°05'26.67""N","121°22'36.06""E"
New Taipei City,,,25.071282,121.485057,"25°04'16.62""N","121°29'06.21""E"
New Taipei City,,,25.161729,121.428366,"25°09'42.22""N","121°25'42.12""E"
New Taipei City,,,25.004621,121.508397,"25°00'16.64""N","121°30'30.23""E"
New Taipei City,,,25.078901,121.367256,"25°04'44.04""N","121°22'02.12""E"
New Taipei City,,,25.081534,121.381433,"25°04'53.52""N","121°22'53.16""E"
New Taipei City,,,25.061908,121.45071,"25°03'42.87""N","121°27'02.56""E"
New Taipei City,,,24.994657,121.46697,"24°59'40.77""N","121°28'01.09""E"
New Taipei City,,,25.07648,121.364847,"25°04'35.33""N","121°21'53.45""E"
New Taipei City,,,25.076846,121.365224,"25°04'36.65""N","121°21'54.81""E"
New Taipei City,,,25.07886,121.367217,"25°04'43.90""N","121°22'01.98""E"
New Taipei City,,,25.078942,121.367295,"25°04'44.19""N","121°22'02.26""E"
New Taipei City,,,25.020602,121.431307,"25°01'14.17""N","121°25'52.71""E"
New Taipei City,,,25.078696,121.367062,"25°04'43.31""N","121°22'01.42""E"
New Taipei City,,,25.161777,121.427907,"25°09'42.40""N","121°25'40.47""E"
New Taipei City,,,24.986636,121.46015,"24°59'11.89""N","121°27'36.54""E"
New Taipei City,,,24.986587,121.460142,"24°59'11.71""N","121°27'36.51""E"
New Taipei City,,,24.986538,121.460134,"24°59'11.54""N","121°27'36.48""E"
New Taipei City,,,24.986489,121.460126,"24°59'11.36""N","121°27'36.45""E"
New Taipei City,,,24.986439,121.460118,"24°59'11.18""N","121°27'36.42""E"
New Taipei City,,,24.98639,121.46011,"24°59'11.00""N","121°27'36.40""E"
New Taipei City,,,24.986341,121.460102,"24°59'10.83""N","121°27'36.37""E"
New Taipei City,,,24.986292,121.460095,"24°59'10.65""N","121°27'36.34""E"
New Taipei City,,,24.986243,121.460087,"24°59'10.47""N","121°27'36.31""E"
New Taipei City,,,24.986125,121.460064,"24°59'10.05""N","121°27'36.23""E"
New Taipei City,,,24.986076,121.460057,"24°59'09.87""N","121°27'36.21""E"
New Taipei City,,,24.986027,121.460049,"24°59'09.70""N","121°27'36.18""E"
New Taipei City,,,24.985978,121.460041,"24°59'09.52""N","121°27'36.15""E"
New Taipei City,,,24.985929,121.460033,"24°59'09.34""N","121°27'36.12""E"
New Taipei City,,,24.98588,121.460025,"24°59'09.17""N","121°27'36.09""E"
New Taipei City,,,25.00642,121.482436,"25°00'23.11""N","121°28'56.77""E"
New Taipei City,,,25.006904,121.482121,"25°00'24.85""N","121°28'55.64""E"
New Taipei City,,,25.006945,121.482098,"25°00'25.00""N","121°28'55.55""E"
New Taipei City,,,25.007802,121.481576,"25°00'28.09""N","121°28'53.67""E"
New Taipei City,,,25.007885,121.481515,"25°00'28.39""N","121°28'53.45""E"
New Taipei City,,,25.007969,121.481452,"25°00'28.69""N","121°28'53.23""E"
New Taipei City,,,25.007927,121.481483,"25°00'28.54""N","121°28'53.34""E"
New Taipei City,,,25.008011,121.481422,"25°00'28.84""N","121°28'53.12""E"
New Taipei City,,,25.008109,121.481351,"25°00'29.19""N","121°28'52.86""E"
New Taipei City,,,25.00815,121.481321,"25°00'29.34""N","121°28'52.76""E"
New Taipei City,,,25.007055,121.622262,"25°00'25.40""N","121°37'20.14""E"
New Taipei City,,,25.015877,121.456591,"25°00'57.16""N","121°27'23.73""E"
New Taipei City,,,25.008066,121.62136,"25°00'29.04""N","121°37'16.90""E"
New Taipei City,,,25.008105,121.621325,"25°00'29.18""N","121°37'16.77""E"
New Taipei City,,,25.06629,121.665026,"25°03'58.64""N","121°39'54.09""E"
New Taipei City,,,25.008143,121.621291,"25°00'29.31""N","121°37'16.65""E"
New Taipei City,,,25.06608,121.664935,"25°03'57.89""N","121°39'53.77""E"
New Taipei City,,,25.066248,121.665007,"25°03'58.49""N","121°39'54.03""E"
New Taipei City,,,25.046275,121.618475,"25°02'46.59""N","121°37'06.51""E"
New Taipei City,,,25.012272,121.476276,"25°00'44.18""N","121°28'34.59""E"
New Taipei City,,,25.005689,121.509158,"25°00'20.48""N","121°30'32.97""E"
New Taipei City,,,25.005684,121.509088,"25°00'20.46""N","121°30'32.72""E"
New Taipei City,,,25.00562,121.509146,"25°00'20.23""N","121°30'32.93""E"
New Taipei City,,,25.005877,121.508921,"25°00'21.16""N","121°30'32.12""E"
New Taipei City,,,25.006163,121.508654,"25°00'22.19""N","121°30'31.15""E"
New Taipei City,,,24.970637,121.546575,"24°58'14.29""N","121°32'47.67""E"
New Taipei City,,,25.062846,121.489242,"25°03'46.25""N","121°29'21.27""E"
New Taipei City,,,25.014952,121.476115,"25°00'53.83""N","121°28'34.01""E"
New Taipei City,,,25.01151,121.478169,"25°00'41.44""N","121°28'41.41""E"
New Taipei City,,,25.011571,121.478054,"25°00'41.66""N","121°28'40.99""E"
New Taipei City,,,25.013123,121.475356,"25°00'47.24""N","121°28'31.28""E"
New Taipei City,,,25.021771,121.479327,"25°01'18.38""N","121°28'45.58""E"
New Taipei City,,,25.023538,121.478661,"25°01'24.74""N","121°28'43.18""E"
New Taipei City,,,24.976419,121.545204,"24°58'35.11""N","121°32'42.73""E"
New Taipei City,,,25.008036,121.464577,"25°00'28.93""N","121°27'52.48""E"
New Taipei City,,,25.021836,121.458764,"25°01'18.61""N","121°27'31.55""E"
New Taipei City,,,24.970163,121.546313,"24°58'12.59""N","121°32'46.73""E"
New Taipei City,,,25.149523,121.399218,"25°08'58.28""N","121°23'57.18""E"
New Taipei City,,,24.968226,121.330692,"24°58'05.61""N","121°19'50.49""E"
New Taipei City,,,25.149489,121.399171,"25°08'58.16""N","121°23'57.02""E"
New Taipei City,,,24.96933,121.33266,"24°58'09.59""N","121°19'57.58""E"
New Taipei City,,,24.969357,121.332706,"24°58'09.69""N","121°19'57.74""E"
New Taipei City,,,24.969092,121.332256,"24°58'08.73""N","121°19'56.12""E"
New Taipei City,,,24.999175,121.511495,"24°59'57.03""N","121°30'41.38""E"
New Taipei City,,,25.058733,121.484826,"25°03'31.44""N","121°29'05.37""E"
New Taipei City,,,24.983834,121.453934,"24°59'01.80""N","121°27'14.16""E"
New Taipei City,,,24.972091,121.334564,"24°58'19.53""N","121°20'04.43""E"
New Taipei City,,,25.073693,121.483271,"25°04'25.29""N","121°28'59.78""E"
New Taipei City,,,24.972248,121.334419,"24°58'20.09""N","121°20'03.91""E"
New Taipei City,,,24.972286,121.334384,"24°58'20.23""N","121°20'03.78""E"
New Taipei City,,,25.015187,121.484607,"25°00'54.67""N","121°29'04.59""E"
New Taipei City,,,25.015547,121.484449,"25°00'55.97""N","121°29'04.02""E"
New Taipei City,,,25.014837,121.484763,"25°00'53.41""N","121°29'05.15""E"
New Taipei City,,,25.178424,121.446737,"25°10'42.33""N","121°26'48.25""E"
New Taipei City,,,25.178424,121.446682,"25°10'42.33""N","121°26'48.06""E"
New Taipei City,,,25.178424,121.446791,"25°10'42.33""N","121°26'48.45""E"
New Taipei City,,,25.178424,121.446573,"25°10'42.33""N","121°26'47.66""E"
New Taipei City,,,25.178424,121.446627,"25°10'42.33""N","121°26'47.86""E"
New Taipei City,,,25.085913,121.48197,"25°05'09.29""N","121°28'55.09""E"
New Taipei City,,,25.059745,121.472386,"25°03'35.08""N","121°28'20.59""E"
New Taipei City,,,25.059746,121.47244,"25°03'35.09""N","121°28'20.78""E"
New Taipei City,,,25.059746,121.472495,"25°03'35.09""N","121°28'20.98""E"
New Taipei City,,,25.059746,121.472549,"25°03'35.09""N","121°28'21.18""E"
New Taipei City,,,25.059745,121.472689,"25°03'35.08""N","121°28'21.68""E"
New Taipei City,,,25.059744,121.472743,"25°03'35.08""N","121°28'21.87""E"
New Taipei City,,,25.059746,121.473025,"25°03'35.09""N","121°28'22.89""E"
New Taipei City,,,25.059746,121.47308,"25°03'35.09""N","121°28'23.09""E"
New Taipei City,,,25.059749,121.473341,"25°03'35.10""N","121°28'24.03""E"
New Taipei City,,,25.059746,121.473646,"25°03'35.09""N","121°28'25.13""E"
New Taipei City,,,25.05974,121.473789,"25°03'35.06""N","121°28'25.64""E"
New Taipei City,,,25.059737,121.473844,"25°03'35.05""N","121°28'25.84""E"
New Taipei City,,,25.059734,121.473898,"25°03'35.04""N","121°28'26.03""E"
New Taipei City,,,25.059863,121.473944,"25°03'35.51""N","121°28'26.20""E"
New Taipei City,,,25.059861,121.473746,"25°03'35.50""N","121°28'25.49""E"
New Taipei City,,,25.059861,121.473692,"25°03'35.50""N","121°28'25.29""E"
New Taipei City,,,25.059867,121.472855,"25°03'35.52""N","121°28'22.28""E"
New Taipei City,,,25.059867,121.472801,"25°03'35.52""N","121°28'22.08""E"
New Taipei City,,,25.059867,121.472746,"25°03'35.52""N","121°28'21.89""E"
New Taipei City,,,25.059868,121.472441,"25°03'35.52""N","121°28'20.79""E"
New Taipei City,,,25.059868,121.472387,"25°03'35.52""N","121°28'20.59""E"
New Taipei City,,,24.992803,121.424162,"24°59'34.09""N","121°25'26.98""E"
New Taipei City,,,24.992846,121.424189,"24°59'34.25""N","121°25'27.08""E"
New Taipei City,,,25.014536,121.456533,"25°00'52.33""N","121°27'23.52""E"
New Taipei City,,,25.014581,121.456539,"25°00'52.49""N","121°27'23.54""E"
New Taipei City,,,25.023942,121.459404,"25°01'26.19""N","121°27'33.85""E"
New Taipei City,,,25.023746,121.459047,"25°01'25.49""N","121°27'32.57""E"
New Taipei City,,,25.007894,121.462154,"25°00'28.42""N","121°27'43.75""E"
New Taipei City,,,25.007769,121.462065,"25°00'27.97""N","121°27'43.43""E"
New Taipei City,,,25.023718,121.458996,"25°01'25.38""N","121°27'32.39""E"
New Taipei City,,,25.02369,121.458945,"25°01'25.28""N","121°27'32.20""E"
New Taipei City,,,25.023774,121.459098,"25°01'25.59""N","121°27'32.75""E"
New Taipei City,,,25.023662,121.458894,"25°01'25.18""N","121°27'32.02""E"
New Taipei City,,,25.066529,121.642329,"25°03'59.50""N","121°38'32.38""E"
New Taipei City,,,25.023914,121.459352,"25°01'26.09""N","121°27'33.67""E"
New Taipei City,,,25.014145,121.456359,"25°00'50.92""N","121°27'22.89""E"
New Taipei City,,,25.014004,121.45634,"25°00'50.41""N","121°27'22.82""E"
New Taipei City,,,25.013533,121.456395,"25°00'48.72""N","121°27'23.02""E"
New Taipei City,,,25.013584,121.456401,"25°00'48.90""N","121°27'23.04""E"
New Taipei City,,,25.013485,121.456388,"25°00'48.55""N","121°27'23.00""E"
New Taipei City,,,25.014166,121.456482,"25°00'51.00""N","121°27'23.34""E"
New Taipei City,,,25.014099,121.456472,"25°00'50.76""N","121°27'23.30""E"
New Taipei City,,,25.014315,121.456502,"25°00'51.53""N","121°27'23.41""E"
New Taipei City,,,25.014271,121.456496,"25°00'51.38""N","121°27'23.39""E"
New Taipei City,,,25.013633,121.456408,"25°00'49.08""N","121°27'23.07""E"
New Taipei City,,,25.024556,121.462861,"25°01'28.40""N","121°27'46.30""E"
New Taipei City,,,25.025245,121.422292,"25°01'30.88""N","121°25'20.25""E"
New Taipei City,,,25.025212,121.422395,"25°01'30.76""N","121°25'20.62""E"
New Taipei City,,,25.025228,121.422343,"25°01'30.82""N","121°25'20.43""E"
New Taipei City,,,25.025261,121.42224,"25°01'30.94""N","121°25'20.06""E"
New Taipei City,,,25.025127,121.42235,"25°01'30.46""N","121°25'20.46""E"
New Taipei City,,,25.161867,121.427048,"25°09'42.72""N","121°25'37.37""E"
New Taipei City,,,25.16189,121.426826,"25°09'42.80""N","121°25'36.57""E"
New Taipei City,,,25.161944,121.426318,"25°09'43.00""N","121°25'34.74""E"
New Taipei City,,,25.078453,121.366829,"25°04'42.43""N","121°22'00.58""E"
New Taipei City,,,25.161885,121.426882,"25°09'42.79""N","121°25'36.78""E"
New Taipei City,,,25.161939,121.426373,"25°09'42.98""N","121°25'34.94""E"
New Taipei City,,,25.161934,121.426429,"25°09'42.96""N","121°25'35.14""E"
New Taipei City,,,25.161928,121.426485,"25°09'42.94""N","121°25'35.35""E"
New Taipei City,,,25.161956,121.426227,"25°09'43.04""N","121°25'34.42""E"
New Taipei City,,,25.067357,121.368098,"25°04'02.49""N","121°22'05.15""E"
New Taipei City,,,25.067392,121.368053,"25°04'02.61""N","121°22'04.99""E"
New Taipei City,,,25.067458,121.367969,"25°04'02.85""N","121°22'04.69""E"
New Taipei City,,,25.067494,121.367925,"25°04'02.98""N","121°22'04.53""E"
New Taipei City,,,25.067417,121.367236,"25°04'02.70""N","121°22'02.05""E"
New Taipei City,,,25.067461,121.367262,"25°04'02.86""N","121°22'02.14""E"
New Taipei City,,,25.067086,121.367037,"25°04'01.51""N","121°22'01.33""E"
New Taipei City,,,25.066979,121.366979,"25°04'01.12""N","121°22'01.12""E"
New Taipei City,,,25.066923,121.366947,"25°04'00.92""N","121°22'01.01""E"
New Taipei City,,,25.066879,121.366923,"25°04'00.76""N","121°22'00.92""E"
New Taipei City,,,25.066701,121.366826,"25°04'00.12""N","121°22'00.57""E"
New Taipei City,,,25.066745,121.36685,"25°04'00.28""N","121°22'00.66""E"
New Taipei City,,,25.066834,121.366899,"25°04'00.60""N","121°22'00.84""E"
New Taipei City,,,25.06679,121.366874,"25°04'00.44""N","121°22'00.75""E"
New Taipei City,,,25.066435,121.366792,"25°03'59.17""N","121°22'00.45""E"
New Taipei City,,,25.066291,121.366835,"25°03'58.65""N","121°22'00.61""E"
New Taipei City,,,25.066339,121.36682,"25°03'58.82""N","121°22'00.55""E"
New Taipei City,,,25.066387,121.366806,"25°03'58.99""N","121°22'00.50""E"
New Taipei City,,,25.068613,121.369599,"25°04'07.01""N","121°22'10.56""E"
New Taipei City,,,25.068647,121.369558,"25°04'07.13""N","121°22'10.41""E"
New Taipei City,,,25.06936,121.368704,"25°04'09.70""N","121°22'07.33""E"
New Taipei City,,,25.069219,121.368874,"25°04'09.19""N","121°22'07.95""E"
New Taipei City,,,25.015742,121.482487,"25°00'56.67""N","121°28'56.95""E"
New Taipei City,,,24.954258,121.337977,"24°57'15.33""N","121°20'16.72""E"
New Taipei City,,,24.954298,121.33801,"24°57'15.47""N","121°20'16.84""E"
New Taipei City,,,25.057335,121.654896,"25°03'26.41""N","121°39'17.63""E"
New Taipei City,,,24.962466,121.42412,"24°57'44.88""N","121°25'26.83""E"
New Taipei City,,,25.061475,121.489652,"25°03'41.31""N","121°29'22.75""E"
New Taipei City,,,25.061473,121.489761,"25°03'41.30""N","121°29'23.14""E"
New Taipei City,,,25.061474,121.489707,"25°03'41.31""N","121°29'22.95""E"
New Taipei City,,,25.061477,121.489489,"25°03'41.32""N","121°29'22.16""E"
New Taipei City,,,25.061476,121.489598,"25°03'41.31""N","121°29'22.55""E"
New Taipei City,,,25.061476,121.489543,"25°03'41.31""N","121°29'22.35""E"
New Taipei City,,,25.08736,121.459736,"25°05'14.50""N","121°27'35.05""E"
New Taipei City,,,24.975659,121.53639,"24°58'32.37""N","121°32'11.00""E"
New Taipei City,,,24.99354,121.418908,"24°59'36.74""N","121°25'08.07""E"
New Taipei City,,,25.071327,121.363245,"25°04'16.78""N","121°21'47.68""E"
New Taipei City,,,24.993579,121.418941,"24°59'36.88""N","121°25'08.19""E"
New Taipei City,,,24.993619,121.418974,"24°59'37.03""N","121°25'08.31""E"
New Taipei City,,,24.975609,121.332988,"24°58'32.19""N","121°19'58.76""E"
New Taipei City,,,24.975644,121.332949,"24°58'32.32""N","121°19'58.62""E"
New Taipei City,,,24.973669,121.332677,"24°58'25.21""N","121°19'57.64""E"
New Taipei City,,,24.990815,121.507045,"24°59'26.93""N","121°30'25.36""E"
New Taipei City,,,25.005095,121.499297,"25°00'18.34""N","121°29'57.47""E"
New Taipei City,,,24.984636,121.552193,"24°59'04.69""N","121°33'07.89""E"
New Taipei City,,,24.984596,121.552226,"24°59'04.55""N","121°33'08.01""E"
New Taipei City,,,24.984557,121.55226,"24°59'04.41""N","121°33'08.14""E"
New Taipei City,,,24.984991,121.552043,"24°59'05.97""N","121°33'07.35""E"
New Taipei City,,,24.98503,121.55201,"24°59'06.11""N","121°33'07.24""E"
New Taipei City,,,24.985168,121.551896,"24°59'06.60""N","121°33'06.83""E"
New Taipei City,,,24.985207,121.551863,"24°59'06.75""N","121°33'06.71""E"
New Taipei City,,,24.985285,121.551796,"24°59'07.03""N","121°33'06.47""E"
New Taipei City,,,24.985325,121.551763,"24°59'07.17""N","121°33'06.35""E"
New Taipei City,,,25.087662,121.467225,"25°05'15.58""N","121°28'02.01""E"
New Taipei City,,,25.087701,121.467191,"25°05'15.72""N","121°28'01.89""E"
New Taipei City,,,24.985403,121.551696,"24°59'07.45""N","121°33'06.11""E"
New Taipei City,,,24.985442,121.551662,"24°59'07.59""N","121°33'05.98""E"
New Taipei City,,,25.072334,121.359497,"25°04'20.40""N","121°21'34.19""E"
New Taipei City,,,24.99707,121.471059,"24°59'49.45""N","121°28'15.81""E"
New Taipei City,,,25.067567,121.364929,"25°04'03.24""N","121°21'53.74""E"
New Taipei City,,,25.07012,121.366948,"25°04'12.43""N","121°22'01.01""E"
New Taipei City,,,25.070158,121.366991,"25°04'12.57""N","121°22'01.17""E"
New Taipei City,,,25.070196,121.367033,"25°04'12.71""N","121°22'01.32""E"
New Taipei City,,,25.070272,121.367118,"25°04'12.98""N","121°22'01.62""E"
New Taipei City,,,25.081426,121.381634,"25°04'53.13""N","121°22'53.88""E"
New Taipei City,,,25.081509,121.38148,"25°04'53.43""N","121°22'53.33""E"
New Taipei City,,,25.081284,121.381902,"25°04'52.62""N","121°22'54.85""E"
New Taipei City,,,25.081207,121.382046,"25°04'52.35""N","121°22'55.37""E"
New Taipei City,,,25.076962,121.365348,"25°04'37.06""N","121°21'55.25""E"
New Taipei City,,,25.076884,121.365265,"25°04'36.78""N","121°21'54.95""E"
New Taipei City,,,25.079107,121.36745,"25°04'44.79""N","121°22'02.82""E"
New Taipei City,,,25.079066,121.367411,"25°04'44.64""N","121°22'02.68""E"
New Taipei City,,,24.996516,121.51085,"24°59'47.46""N","121°30'39.06""E"
New Taipei City,,,25.000168,121.488953,"25°00'00.60""N","121°29'20.23""E"
New Taipei City,,,25.000168,121.489062,"25°00'00.60""N","121°29'20.62""E"
New Taipei City,,,25.078819,121.367178,"25°04'43.75""N","121°22'01.84""E"
New Taipei City,,,25.079025,121.367372,"25°04'44.49""N","121°22'02.54""E"
New Taipei City,,,25.078227,121.366611,"25°04'41.62""N","121°21'59.80""E"
New Taipei City,,,25.013843,121.509911,"25°00'49.83""N","121°30'35.68""E"
New Taipei City,,,25.013904,121.509877,"25°00'50.05""N","121°30'35.56""E"
New Taipei City,,,25.006499,121.510518,"25°00'23.40""N","121°30'37.86""E"
New Taipei City,,,25.006586,121.510855,"25°00'23.71""N","121°30'39.08""E"
New Taipei City,,,25.07833,121.366712,"25°04'41.99""N","121°22'00.16""E"
New Taipei City,,,25.006529,121.510561,"25°00'23.50""N","121°30'38.02""E"
New Taipei City,,,24.996466,121.510808,"24°59'47.28""N","121°30'38.91""E"
New Taipei City,,,24.996017,121.510449,"24°59'45.66""N","121°30'37.62""E"
New Taipei City,,,25.076658,121.389564,"25°04'35.97""N","121°23'22.43""E"
New Taipei City,,,25.076668,121.389267,"25°04'36.00""N","121°23'21.36""E"
New Taipei City,,,24.995975,121.510419,"24°59'45.51""N","121°30'37.51""E"
New Taipei City,,,25.091402,121.489028,"25°05'29.05""N","121°29'20.50""E"
New Taipei City,,,25.009005,121.485205,"25°00'32.42""N","121°29'06.74""E"
New Taipei City,,,25.009054,121.485319,"25°00'32.59""N","121°29'07.15""E"
New Taipei City,,,24.928729,121.373046,"24°55'43.42""N","121°22'22.97""E"
New Taipei City,,,25.021691,121.426964,"25°01'18.09""N","121°25'37.07""E"
New Taipei City,,,25.052574,121.46295,"25°03'09.27""N","121°27'46.62""E"
New Taipei City,,,25.076949,121.483262,"25°04'37.02""N","121°28'59.74""E"
New Taipei City,,,25.01103,121.450815,"25°00'39.71""N","121°27'02.93""E"
New Taipei City,,,24.981063,121.440676,"24°58'51.83""N","121°26'26.43""E"
New Taipei City,,,25.009704,121.470873,"25°00'34.93""N","121°28'15.14""E"
New Taipei City,,,25.009749,121.470852,"25°00'35.10""N","121°28'15.07""E"
New Taipei City,,,25.00927,121.471076,"25°00'33.37""N","121°28'15.87""E"
New Taipei City,,,25.083937,121.386111,"25°05'02.17""N","121°23'10.00""E"
New Taipei City,,,25.076151,121.37366,"25°04'34.14""N","121°22'25.18""E"
New Taipei City,,,25.008165,121.499559,"25°00'29.39""N","121°29'58.41""E"
New Taipei City,,,25.008842,121.469934,"25°00'31.83""N","121°28'11.76""E"
New Taipei City,,,25.008887,121.469911,"25°00'31.99""N","121°28'11.68""E"
New Taipei City,,,25.084018,121.385936,"25°05'02.46""N","121°23'09.37""E"
New Taipei City,,,24.996028,121.461736,"24°59'45.70""N","121°27'42.25""E"
New Taipei City,,,24.996038,121.461789,"24°59'45.74""N","121°27'42.44""E"
New Taipei City,,,25.009336,121.469672,"25°00'33.61""N","121°28'10.82""E"
New Taipei City,,,25.00938,121.469649,"25°00'33.77""N","121°28'10.74""E"
New Taipei City,,,24.995856,121.46087,"24°59'45.08""N","121°27'39.13""E"
New Taipei City,,,25.011581,121.508417,"25°00'41.69""N","121°30'30.30""E"
New Taipei City,,,25.020462,121.433312,"25°01'13.66""N","121°25'59.92""E"
New Taipei City,,,24.995814,121.459889,"24°59'44.93""N","121°27'35.60""E"
New Taipei City,,,24.99589,121.460304,"24°59'45.20""N","121°27'37.09""E"
New Taipei City,,,24.99588,121.460251,"24°59'45.17""N","121°27'36.90""E"
New Taipei City,,,24.995923,121.460491,"24°59'45.32""N","121°27'37.77""E"
New Taipei City,,,24.995913,121.460432,"24°59'45.29""N","121°27'37.56""E"
New Taipei City,,,25.046552,121.61862,"25°02'47.59""N","121°37'07.03""E"
New Taipei City,,,25.046319,121.618501,"25°02'46.75""N","121°37'06.60""E"
New Taipei City,,,25.048115,121.619101,"25°02'53.21""N","121°37'08.76""E"
New Taipei City,,,25.048067,121.619088,"25°02'53.04""N","121°37'08.72""E"
New Taipei City,,,25.048384,121.619286,"25°02'54.18""N","121°37'09.43""E"
New Taipei City,,,25.048433,121.619296,"25°02'54.36""N","121°37'09.47""E"
New Taipei City,,,25.048668,121.619349,"25°02'55.20""N","121°37'09.66""E"
New Taipei City,,,25.048619,121.61934,"25°02'55.03""N","121°37'09.62""E"
New Taipei City,,,25.086086,121.460409,"25°05'09.91""N","121°27'37.47""E"
New Taipei City,,,25.048772,121.619369,"25°02'55.58""N","121°37'09.73""E"
New Taipei City,,,25.06687,121.640417,"25°04'00.73""N","121°38'25.50""E"
New Taipei City,,,25.066918,121.640433,"25°04'00.90""N","121°38'25.56""E"
New Taipei City,,,25.066966,121.640448,"25°04'01.08""N","121°38'25.61""E"
New Taipei City,,,25.067013,121.640463,"25°04'01.25""N","121°38'25.67""E"
New Taipei City,,,25.067061,121.640478,"25°04'01.42""N","121°38'25.72""E"
New Taipei City,,,25.067156,121.640509,"25°04'01.76""N","121°38'25.83""E"
New Taipei City,,,25.067251,121.64054,"25°04'02.10""N","121°38'25.94""E"
New Taipei City,,,25.067299,121.640556,"25°04'02.28""N","121°38'26.00""E"
New Taipei City,,,25.061497,121.628638,"25°03'41.39""N","121°37'43.10""E"
New Taipei City,,,25.061591,121.628776,"25°03'41.73""N","121°37'43.59""E"
New Taipei City,,,25.061721,121.628961,"25°03'42.20""N","121°37'44.26""E"
New Taipei City,,,25.061088,121.628032,"25°03'39.92""N","121°37'40.92""E"
New Taipei City,,,25.061264,121.628461,"25°03'40.55""N","121°37'42.46""E"
New Taipei City,,,25.061295,121.628505,"25°03'40.66""N","121°37'42.62""E"
New Taipei City,,,25.061326,121.628547,"25°03'40.77""N","121°37'42.77""E"
New Taipei City,,,25.059295,121.62483,"25°03'33.46""N","121°37'29.39""E"
New Taipei City,,,24.998554,121.43102,"24°59'54.79""N","121°25'51.67""E"
New Taipei City,,,25.059338,121.624803,"25°03'33.62""N","121°37'29.29""E"
New Taipei City,,,25.059585,121.624663,"25°03'34.51""N","121°37'28.79""E"
New Taipei City,,,25.059455,121.624601,"25°03'34.04""N","121°37'28.56""E"
New Taipei City,,,25.059341,121.624691,"25°03'33.63""N","121°37'28.89""E"
New Taipei City,,,25.0593,121.62472,"25°03'33.48""N","121°37'28.99""E"
New Taipei City,,,25.059258,121.62475,"25°03'33.33""N","121°37'29.10""E"
New Taipei City,,,24.972764,121.3338,"24°58'21.95""N","121°20'01.68""E"
New Taipei City,,,24.972841,121.33373,"24°58'22.23""N","121°20'01.43""E"
New Taipei City,,,24.972956,121.333624,"24°58'22.64""N","121°20'01.05""E"
New Taipei City,,,24.972879,121.333695,"24°58'22.36""N","121°20'01.30""E"
New Taipei City,,,24.972994,121.333589,"24°58'22.78""N","121°20'00.92""E"
New Taipei City,,,24.973223,121.333378,"24°58'23.60""N","121°20'00.16""E"
New Taipei City,,,24.973603,121.333036,"24°58'24.97""N","121°19'58.93""E"
New Taipei City,,,24.973641,121.333001,"24°58'25.11""N","121°19'58.80""E"
New Taipei City,,,24.973087,121.333673,"24°58'23.11""N","121°20'01.22""E"
New Taipei City,,,24.973125,121.333638,"24°58'23.25""N","121°20'01.10""E"
New Taipei City,,,24.973281,121.333493,"24°58'23.81""N","121°20'00.57""E"
New Taipei City,,,24.973319,121.333458,"24°58'23.95""N","121°20'00.45""E"
New Taipei City,,,24.973475,121.333315,"24°58'24.51""N","121°19'59.93""E"
New Taipei City,,,24.97412,121.332701,"24°58'26.83""N","121°19'57.72""E"
New Taipei City,,,24.974273,121.332562,"24°58'27.38""N","121°19'57.22""E"
New Taipei City,,,24.974197,121.332631,"24°58'27.11""N","121°19'57.47""E"
New Taipei City,,,24.974235,121.332597,"24°58'27.25""N","121°19'57.35""E"
New Taipei City,,,24.974311,121.332527,"24°58'27.52""N","121°19'57.10""E"
New Taipei City,,,24.97474,121.332137,"24°58'29.06""N","121°19'55.69""E"
New Taipei City,,,24.974702,121.332173,"24°58'28.93""N","121°19'55.82""E"
New Taipei City,,,24.974855,121.332033,"24°58'29.48""N","121°19'55.32""E"
New Taipei City,,,24.974779,121.332103,"24°58'29.20""N","121°19'55.57""E"
New Taipei City,,,24.974817,121.332068,"24°58'29.34""N","121°19'55.44""E"
New Taipei City,,,24.974893,121.331997,"24°58'29.61""N","121°19'55.19""E"
New Taipei City,,,24.974969,121.331927,"24°58'29.89""N","121°19'54.94""E"
New Taipei City,,,24.974931,121.331962,"24°58'29.75""N","121°19'55.06""E"
New Taipei City,,,24.975007,121.331892,"24°58'30.03""N","121°19'54.81""E"
New Taipei City,,,24.975121,121.331787,"24°58'30.44""N","121°19'54.43""E"
New Taipei City,,,24.975197,121.331717,"24°58'30.71""N","121°19'54.18""E"
New Taipei City,,,24.975045,121.331857,"24°58'30.16""N","121°19'54.69""E"
New Taipei City,,,24.975083,121.331822,"24°58'30.30""N","121°19'54.56""E"
New Taipei City,,,24.975159,121.331752,"24°58'30.57""N","121°19'54.31""E"
New Taipei City,,,24.975311,121.331612,"24°58'31.12""N","121°19'53.80""E"
New Taipei City,,,24.938752,121.71347,"24°56'19.51""N","121°42'48.49""E"
New Taipei City,,,24.938798,121.71347,"24°56'19.67""N","121°42'48.49""E"
New Taipei City,,,24.938845,121.713467,"24°56'19.84""N","121°42'48.48""E"
New Taipei City,,,24.938891,121.713462,"24°56'20.01""N","121°42'48.46""E"
New Taipei City,,,24.938937,121.713456,"24°56'20.17""N","121°42'48.44""E"
New Taipei City,,,24.949267,121.374887,"24°56'57.36""N","121°22'29.59""E"
New Taipei City,,,24.987029,121.521547,"24°59'13.30""N","121°31'17.57""E"
New Taipei City,,,24.974309,121.329469,"24°58'27.51""N","121°19'46.09""E"
New Taipei City,,,24.974253,121.329378,"24°58'27.31""N","121°19'45.76""E"
New Taipei City,,,25.000913,121.472545,"25°00'03.29""N","121°28'21.16""E"
New Taipei City,,,25.003032,121.472412,"25°00'10.92""N","121°28'20.68""E"
New Taipei City,,,25.015715,121.509405,"25°00'56.57""N","121°30'33.86""E"
New Taipei City,,,25.08043,121.38352,"25°04'49.55""N","121°23'00.67""E"
New Taipei City,,,25.090698,121.376651,"25°05'26.51""N","121°22'35.94""E"
New Taipei City,,,25.093882,121.462968,"25°05'37.98""N","121°27'46.68""E"
New Taipei City,,,25.014744,121.458124,"25°00'53.08""N","121°27'29.25""E"
New Taipei City,,,25.070234,121.367076,"25°04'12.84""N","121°22'01.47""E"
New Taipei City,,,24.984021,121.41559,"24°59'02.48""N","121°24'56.12""E"
New Taipei City,,,24.984045,121.415638,"24°59'02.56""N","121°24'56.30""E"
New Taipei City,,,24.984069,121.415686,"24°59'02.65""N","121°24'56.47""E"
New Taipei City,,,24.975118,121.333536,"24°58'30.42""N","121°20'00.73""E"
New Taipei City,,,24.975153,121.333498,"24°58'30.55""N","121°20'00.59""E"
New Taipei City,,,24.974144,121.334599,"24°58'26.92""N","121°20'04.56""E"
New Taipei City,,,24.974217,121.334525,"24°58'27.18""N","121°20'04.29""E"
New Taipei City,,,25.078536,121.366906,"25°04'42.73""N","121°22'00.86""E"
New Taipei City,,,25.073771,121.378921,"25°04'25.58""N","121°22'44.12""E"
New Taipei City,,,25.073755,121.378973,"25°04'25.52""N","121°22'44.30""E"
New Taipei City,,,25.073741,121.379024,"25°04'25.47""N","121°22'44.49""E"
New Taipei City,,,25.073979,121.378429,"25°04'26.32""N","121°22'42.34""E"
New Taipei City,,,25.093568,121.469803,"25°05'36.84""N","121°28'11.29""E"
New Taipei City,,,24.97729,121.542727,"24°58'38.24""N","121°32'33.82""E"
New Taipei City,,,25.025007,121.422723,"25°01'30.03""N","121°25'21.80""E"
New Taipei City,,,25.024967,121.42285,"25°01'29.88""N","121°25'22.26""E"
New Taipei City,,,25.025808,121.42054,"25°01'32.91""N","121°25'13.94""E"
New Taipei City,,,25.02567,121.42064,"25°01'32.41""N","121°25'14.30""E"
New Taipei City,,,25.02558,121.420909,"25°01'32.09""N","121°25'15.27""E"
New Taipei City,,,24.99159,121.454975,"24°59'29.72""N","121°27'17.91""E"
New Taipei City,,,24.991569,121.454803,"24°59'29.65""N","121°27'17.29""E"
New Taipei City,,,24.991563,121.454749,"24°59'29.63""N","121°27'17.10""E"
New Taipei City,,,24.991554,121.454675,"24°59'29.59""N","121°27'16.83""E"
New Taipei City,,,24.991518,121.454351,"24°59'29.46""N","121°27'15.66""E"
New Taipei City,,,24.99151,121.454288,"24°59'29.44""N","121°27'15.44""E"
New Taipei City,,,24.991524,121.454405,"24°59'29.49""N","121°27'15.86""E"
New Taipei City,,,24.991548,121.454621,"24°59'29.57""N","121°27'16.64""E"
New Taipei City,,,24.991504,121.454235,"24°59'29.41""N","121°27'15.25""E"
New Taipei City,,,24.99164,121.453292,"24°59'29.90""N","121°27'11.85""E"
New Taipei City,,,24.991611,121.453335,"24°59'29.80""N","121°27'12.01""E"
New Taipei City,,,24.992459,121.45188,"24°59'32.85""N","121°27'06.77""E"
New Taipei City,,,24.992243,121.452381,"24°59'32.07""N","121°27'08.57""E"
New Taipei City,,,25.050094,121.444749,"25°03'00.34""N","121°26'41.10""E"
New Taipei City,,,25.050044,121.444751,"25°03'00.16""N","121°26'41.10""E"
New Taipei City,,,25.049886,121.444758,"25°02'59.59""N","121°26'41.13""E"
New Taipei City,,,25.003369,121.458824,"25°00'12.13""N","121°27'31.77""E"
New Taipei City,,,25.054456,121.457135,"25°03'16.04""N","121°27'25.69""E"
New Taipei City,,,25.013895,121.424237,"25°00'50.02""N","121°25'27.25""E"
New Taipei City,,,25.013855,121.424248,"25°00'49.88""N","121°25'27.29""E"
New Taipei City,,,25.013994,121.42421,"25°00'50.38""N","121°25'27.16""E"
New Taipei City,,,25.013953,121.424221,"25°00'50.23""N","121°25'27.20""E"
New Taipei City,,,25.01405,121.424194,"25°00'50.58""N","121°25'27.10""E"
New Taipei City,,,25.014091,121.424183,"25°00'50.73""N","121°25'27.06""E"
New Taipei City,,,25.01344,121.424263,"25°00'48.38""N","121°25'27.35""E"
New Taipei City,,,25.013482,121.424267,"25°00'48.54""N","121°25'27.36""E"
New Taipei City,,,25.013384,121.424258,"25°00'48.18""N","121°25'27.33""E"
New Taipei City,,,25.015634,121.423959,"25°00'56.28""N","121°25'26.25""E"
New Taipei City,,,25.015733,121.423967,"25°00'56.64""N","121°25'26.28""E"
New Taipei City,,,25.01569,121.423961,"25°00'56.48""N","121°25'26.26""E"
New Taipei City,,,25.059178,121.624815,"25°03'33.04""N","121°37'29.33""E"
New Taipei City,,,25.059088,121.624895,"25°03'32.72""N","121°37'29.62""E"
New Taipei City,,,25.05905,121.624927,"25°03'32.58""N","121°37'29.74""E"
New Taipei City,,,25.073844,121.361317,"25°04'25.84""N","121°21'40.74""E"
New Taipei City,,,24.998326,121.43088,"24°59'53.97""N","121°25'51.17""E"
New Taipei City,,,25.063088,121.631016,"25°03'47.12""N","121°37'51.66""E"
New Taipei City,,,25.062725,121.63046,"25°03'45.81""N","121°37'49.66""E"
New Taipei City,,,25.062582,121.630249,"25°03'45.30""N","121°37'48.90""E"
New Taipei City,,,25.062458,121.630193,"25°03'44.85""N","121°37'48.69""E"
New Taipei City,,,24.983647,121.450688,"24°59'01.13""N","121°27'02.48""E"
New Taipei City,,,25.165808,121.45203,"25°09'56.91""N","121°27'07.31""E"
New Taipei City,,,25.165762,121.452062,"25°09'56.74""N","121°27'07.42""E"
New Taipei City,,,25.165561,121.45208,"25°09'56.02""N","121°27'07.49""E"
New Taipei City,,,25.165535,121.452028,"25°09'55.93""N","121°27'07.30""E"
New Taipei City,,,25.16551,121.451975,"25°09'55.84""N","121°27'07.11""E"
New Taipei City,,,25.063078,121.623267,"25°03'47.08""N","121°37'23.76""E"
New Taipei City,,,25.063128,121.623268,"25°03'47.26""N","121°37'23.76""E"
New Taipei City,,,25.086062,121.460249,"25°05'09.82""N","121°27'36.90""E"
New Taipei City,,,25.063177,121.623271,"25°03'47.44""N","121°37'23.78""E"
New Taipei City,,,25.063226,121.623278,"25°03'47.61""N","121°37'23.80""E"
New Taipei City,,,25.064157,121.624101,"25°03'50.97""N","121°37'26.76""E"
New Taipei City,,,25.064144,121.624049,"25°03'50.92""N","121°37'26.58""E"
New Taipei City,,,25.064131,121.623996,"25°03'50.87""N","121°37'26.39""E"
New Taipei City,,,25.063741,121.623383,"25°03'49.47""N","121°37'24.18""E"
New Taipei City,,,25.063688,121.623344,"25°03'49.28""N","121°37'24.04""E"
New Taipei City,,,25.063646,121.623315,"25°03'49.13""N","121°37'23.93""E"
New Taipei City,,,25.063602,121.623288,"25°03'48.97""N","121°37'23.84""E"
New Taipei City,,,25.063535,121.623253,"25°03'48.73""N","121°37'23.71""E"
New Taipei City,,,25.063489,121.623235,"25°03'48.56""N","121°37'23.65""E"
New Taipei City,,,25.073768,121.494658,"25°04'25.56""N","121°29'40.77""E"
New Taipei City,,,25.073855,121.494759,"25°04'25.88""N","121°29'41.13""E"
New Taipei City,,,25.073897,121.494788,"25°04'26.03""N","121°29'41.24""E"
New Taipei City,,,25.074271,121.495096,"25°04'27.38""N","121°29'42.35""E"
New Taipei City,,,24.954354,121.338058,"24°57'15.67""N","121°20'17.01""E"
New Taipei City,,,24.954394,121.338091,"24°57'15.82""N","121°20'17.13""E"
New Taipei City,,,24.954433,121.338123,"24°57'15.96""N","121°20'17.24""E"
New Taipei City,,,25.003325,121.52556,"25°00'11.97""N","121°31'32.02""E"
New Taipei City,,,25.015746,121.48259,"25°00'56.69""N","121°28'57.32""E"
New Taipei City,,,25.162179,121.424147,"25°09'43.84""N","121°25'26.93""E"
New Taipei City,,,25.162184,121.424091,"25°09'43.86""N","121°25'26.73""E"
New Taipei City,,,25.162173,121.424202,"25°09'43.82""N","121°25'27.13""E"
New Taipei City,,,25.006978,121.520883,"25°00'25.12""N","121°31'15.18""E"
New Taipei City,,,25.078348,121.39474,"25°04'42.05""N","121°23'41.06""E"
New Taipei City,,,25.026171,121.462173,"25°01'34.22""N","121°27'43.82""E"
New Taipei City,,,25.026345,121.462068,"25°01'34.84""N","121°27'43.44""E"
New Taipei City,,,25.026433,121.462013,"25°01'35.16""N","121°27'43.25""E"
New Taipei City,,,25.026478,121.461986,"25°01'35.32""N","121°27'43.15""E"
New Taipei City,,,25.026522,121.461959,"25°01'35.48""N","121°27'43.05""E"
New Taipei City,,,25.026566,121.461931,"25°01'35.64""N","121°27'42.95""E"
New Taipei City,,,25.026611,121.461904,"25°01'35.80""N","121°27'42.85""E"
New Taipei City,,,25.017503,121.483438,"25°01'03.01""N","121°29'00.38""E"
New Taipei City,,,25.017451,121.48346,"25°01'02.82""N","121°29'00.46""E"
New Taipei City,,,25.0174,121.483481,"25°01'02.64""N","121°29'00.53""E"
New Taipei City,,,25.017349,121.483503,"25°01'02.46""N","121°29'00.61""E"
New Taipei City,,,25.017133,121.483752,"25°01'01.68""N","121°29'01.51""E"
New Taipei City,,,25.017033,121.483796,"25°01'01.32""N","121°29'01.67""E"
New Taipei City,,,25.087764,121.46047,"25°05'15.95""N","121°27'37.69""E"
New Taipei City,,,25.016539,121.483856,"25°00'59.54""N","121°29'01.88""E"
New Taipei City,,,25.016489,121.483878,"25°00'59.36""N","121°29'01.96""E"
New Taipei City,,,25.016389,121.483924,"25°00'59.00""N","121°29'02.13""E"
New Taipei City,,,25.016237,121.48399,"25°00'58.45""N","121°29'02.36""E"
New Taipei City,,,25.162235,121.42362,"25°09'44.05""N","121°25'25.03""E"
New Taipei City,,,25.162241,121.423564,"25°09'44.07""N","121°25'24.83""E"
New Taipei City,,,25.069096,121.44768,"25°04'08.75""N","121°26'51.65""E"
New Taipei City,,,25.069186,121.447762,"25°04'09.07""N","121°26'51.94""E"
New Taipei City,,,25.015788,121.423976,"25°00'56.84""N","121°25'26.31""E"
New Taipei City,,,25.015831,121.423983,"25°00'56.99""N","121°25'26.34""E"
New Taipei City,,,25.01593,121.424003,"25°00'57.35""N","121°25'26.41""E"
New Taipei City,,,25.016025,121.424027,"25°00'57.69""N","121°25'26.50""E"
New Taipei City,,,25.015982,121.424017,"25°00'57.54""N","121°25'26.46""E"
New Taipei City,,,25.016081,121.424041,"25°00'57.89""N","121°25'26.55""E"
New Taipei City,,,25.016124,121.424051,"25°00'58.05""N","121°25'26.58""E"
New Taipei City,,,25.016224,121.424076,"25°00'58.41""N","121°25'26.67""E"
New Taipei City,,,25.016324,121.424102,"25°00'58.77""N","121°25'26.77""E"
New Taipei City,,,25.016282,121.424091,"25°00'58.62""N","121°25'26.73""E"
New Taipei City,,,25.01642,121.424125,"25°00'59.11""N","121°25'26.85""E"
New Taipei City,,,25.014324,121.424125,"25°00'51.57""N","121°25'26.85""E"
New Taipei City,,,25.014373,121.424117,"25°00'51.74""N","121°25'26.82""E"
New Taipei City,,,25.014507,121.424101,"25°00'52.23""N","121°25'26.76""E"
New Taipei City,,,25.01499,121.424148,"25°00'53.96""N","121°25'26.93""E"
New Taipei City,,,25.015049,121.424132,"25°00'54.18""N","121°25'26.88""E"
New Taipei City,,,25.016772,121.424185,"25°01'00.38""N","121°25'27.07""E"
New Taipei City,,,24.972421,121.330813,"24°58'20.72""N","121°19'50.93""E"
New Taipei City,,,24.972451,121.330856,"24°58'20.82""N","121°19'51.08""E"
New Taipei City,,,24.97239,121.33077,"24°58'20.60""N","121°19'50.77""E"
New Taipei City,,,25.073306,121.485401,"25°04'23.90""N","121°29'07.44""E"
New Taipei City,,,25.073316,121.485454,"25°04'23.94""N","121°29'07.63""E"
New Taipei City,,,25.049246,121.450878,"25°02'57.29""N","121°27'03.16""E"
New Taipei City,,,24.994408,121.45185,"24°59'39.87""N","121°27'06.66""E"
New Taipei City,,,24.994436,121.451921,"24°59'39.97""N","121°27'06.92""E"
New Taipei City,,,24.994479,121.452035,"24°59'40.12""N","121°27'07.33""E"
New Taipei City,,,24.994639,121.45244,"24°59'40.70""N","121°27'08.78""E"
New Taipei City,,,24.994606,121.452357,"24°59'40.58""N","121°27'08.49""E"
New Taipei City,,,25.059969,121.472202,"25°03'35.89""N","121°28'19.93""E"
New Taipei City,,,25.060148,121.472201,"25°03'36.53""N","121°28'19.92""E"
New Taipei City,,,25.019301,121.479319,"25°01'09.48""N","121°28'45.55""E"
New Taipei City,,,25.020499,121.479311,"25°01'13.80""N","121°28'45.52""E"
New Taipei City,,,25.020548,121.479313,"25°01'13.97""N","121°28'45.53""E"
New Taipei City,,,25.020898,121.479331,"25°01'15.23""N","121°28'45.59""E"
New Taipei City,,,24.985482,121.551629,"24°59'07.74""N","121°33'05.86""E"
New Taipei City,,,24.985252,121.55167,"24°59'06.91""N","121°33'06.01""E"
New Taipei City,,,24.985213,121.551703,"24°59'06.77""N","121°33'06.13""E"
New Taipei City,,,24.985056,121.551838,"24°59'06.20""N","121°33'06.62""E"
New Taipei City,,,24.984989,121.551893,"24°59'05.96""N","121°33'06.81""E"
New Taipei City,,,24.984754,121.552093,"24°59'05.11""N","121°33'07.53""E"
New Taipei City,,,24.984714,121.552127,"24°59'04.97""N","121°33'07.66""E"
New Taipei City,,,25.002368,121.463852,"25°00'08.52""N","121°27'49.87""E"
New Taipei City,,,25.002487,121.463596,"25°00'08.95""N","121°27'48.95""E"
New Taipei City,,,25.002049,121.461891,"25°00'07.38""N","121°27'42.81""E"
New Taipei City,,,24.94902,121.379169,"24°56'56.47""N","121°22'45.01""E"
New Taipei City,,,25.027694,121.471351,"25°01'39.70""N","121°28'16.86""E"
New Taipei City,,,25.028342,121.471694,"25°01'42.03""N","121°28'18.10""E"
New Taipei City,,,25.084254,121.441029,"25°05'03.31""N","121°26'27.70""E"
New Taipei City,,,25.112118,121.45811,"25°06'43.62""N","121°27'29.20""E"
New Taipei City,,,24.992391,121.451983,"24°59'32.61""N","121°27'07.14""E"
New Taipei City,,,25.16222,121.422906,"25°09'43.99""N","121°25'22.46""E"
New Taipei City,,,25.162215,121.422961,"25°09'43.97""N","121°25'22.66""E"
New Taipei City,,,24.986393,121.52095,"24°59'11.01""N","121°31'15.42""E"
New Taipei City,,,25.160772,121.423487,"25°09'38.78""N","121°25'24.55""E"
New Taipei City,,,25.068339,121.361412,"25°04'06.02""N","121°21'41.08""E"
New Taipei City,,,25.059863,121.473394,"25°03'35.51""N","121°28'24.22""E"
New Taipei City,,,25.059864,121.47334,"25°03'35.51""N","121°28'24.02""E"
New Taipei City,,,25.079401,121.38649,"25°04'45.84""N","121°23'11.36""E"
New Taipei City,,,25.009911,121.470496,"25°00'35.68""N","121°28'13.79""E"
New Taipei City,,,25.003981,121.51564,"25°00'14.33""N","121°30'56.30""E"
New Taipei City,,,25.008806,121.470823,"25°00'31.70""N","121°28'14.96""E"
New Taipei City,,,25.008787,121.470773,"25°00'31.63""N","121°28'14.78""E"
New Taipei City,,,25.070936,121.485448,"25°04'15.37""N","121°29'07.61""E"
New Taipei City,,,25.078663,121.392521,"25°04'43.19""N","121°23'33.08""E"
New Taipei City,,,24.99519,121.469513,"24°59'42.68""N","121°28'10.25""E"
New Taipei City,,,24.995229,121.469546,"24°59'42.82""N","121°28'10.37""E"
New Taipei City,,,24.990656,121.499998,"24°59'26.36""N","121°29'59.99""E"
New Taipei City,,,24.990705,121.499996,"24°59'26.54""N","121°29'59.99""E"
New Taipei City,,,25.07667,121.389213,"25°04'36.01""N","121°23'21.17""E"
New Taipei City,,,24.997246,121.49643,"24°59'50.09""N","121°29'47.15""E"
New Taipei City,,,24.996884,121.496644,"24°59'48.78""N","121°29'47.92""E"
New Taipei City,,,25.066089,121.364283,"25°03'57.92""N","121°21'51.42""E"
New Taipei City,,,25.06614,121.364302,"25°03'58.10""N","121°21'51.49""E"
New Taipei City,,,25.066191,121.364322,"25°03'58.29""N","121°21'51.56""E"
New Taipei City,,,25.066242,121.364342,"25°03'58.47""N","121°21'51.63""E"
New Taipei City,,,25.066038,121.364263,"25°03'57.74""N","121°21'51.35""E"
New Taipei City,,,25.066965,121.364644,"25°04'01.07""N","121°21'52.72""E"
New Taipei City,,,25.000168,121.489007,"25°00'00.60""N","121°29'20.43""E"
New Taipei City,,,25.000168,121.489923,"25°00'00.60""N","121°29'23.72""E"
New Taipei City,,,25.000169,121.489803,"25°00'00.61""N","121°29'23.29""E"
New Taipei City,,,25.000168,121.489636,"25°00'00.60""N","121°29'22.69""E"
New Taipei City,,,25.000168,121.489116,"25°00'00.60""N","121°29'20.82""E"
New Taipei City,,,25.076591,121.388157,"25°04'35.73""N","121°23'17.37""E"
New Taipei City,,,25.076589,121.388212,"25°04'35.72""N","121°23'17.56""E"
New Taipei City,,,25.015744,121.482539,"25°00'56.68""N","121°28'57.14""E"
New Taipei City,,,25.015748,121.48264,"25°00'56.69""N","121°28'57.50""E"
New Taipei City,,,25.015756,121.482849,"25°00'56.72""N","121°28'58.26""E"
New Taipei City,,,25.015758,121.482902,"25°00'56.73""N","121°28'58.45""E"
New Taipei City,,,25.015762,121.483011,"25°00'56.74""N","121°28'58.84""E"
New Taipei City,,,25.01576,121.482956,"25°00'56.74""N","121°28'58.64""E"
New Taipei City,,,25.01578,121.483446,"25°00'56.81""N","121°29'00.41""E"
New Taipei City,,,25.015775,121.483338,"25°00'56.79""N","121°29'00.02""E"
New Taipei City,,,25.015773,121.483283,"25°00'56.78""N","121°28'59.82""E"
New Taipei City,,,25.015778,121.483392,"25°00'56.80""N","121°29'00.21""E"
New Taipei City,,,25.015764,121.483065,"25°00'56.75""N","121°28'59.03""E"
New Taipei City,,,25.015767,121.48312,"25°00'56.76""N","121°28'59.23""E"
New Taipei City,,,25.000168,121.489311,"25°00'00.60""N","121°29'21.52""E"
New Taipei City,,,25.015769,121.483179,"25°00'56.77""N","121°28'59.44""E"
New Taipei City,,,24.99595,121.460635,"24°59'45.42""N","121°27'38.29""E"
New Taipei City,,,24.995886,121.461004,"24°59'45.19""N","121°27'39.61""E"
New Taipei City,,,24.995896,121.461058,"24°59'45.23""N","121°27'39.81""E"
New Taipei City,,,24.998095,121.465307,"24°59'53.14""N","121°27'55.11""E"
New Taipei City,,,25.063214,121.488918,"25°03'47.57""N","121°29'20.10""E"
New Taipei City,,,24.998522,121.506037,"24°59'54.68""N","121°30'21.73""E"
New Taipei City,,,24.982962,121.413443,"24°58'58.66""N","121°24'48.39""E"
New Taipei City,,,25.021355,121.459805,"25°01'16.88""N","121°27'35.30""E"
New Taipei City,,,24.996284,121.527922,"24°59'46.62""N","121°31'40.52""E"
New Taipei City,,,25.024773,121.454354,"25°01'29.18""N","121°27'15.67""E"
New Taipei City,,,25.024819,121.454358,"25°01'29.35""N","121°27'15.69""E"
New Taipei City,,,25.024864,121.454361,"25°01'29.51""N","121°27'15.70""E"
New Taipei City,,,25.025082,121.45436,"25°01'30.30""N","121°27'15.70""E"
New Taipei City,,,25.032068,121.423903,"25°01'55.44""N","121°25'26.05""E"
New Taipei City,,,24.925798,121.369781,"24°55'32.87""N","121°22'11.21""E"
New Taipei City,,,24.995102,121.427563,"24°59'42.37""N","121°25'39.23""E"
New Taipei City,,,25.032136,121.423823,"25°01'55.69""N","121°25'25.76""E"
New Taipei City,,,24.980224,121.448078,"24°58'48.81""N","121°26'53.08""E"
New Taipei City,,,24.980265,121.448109,"24°58'48.95""N","121°26'53.19""E"
New Taipei City,,,25.087775,121.489342,"25°05'15.99""N","121°29'21.63""E"
New Taipei City,,,25.178337,121.446725,"25°10'42.01""N","121°26'48.21""E"
New Taipei City,,,25.178334,121.446641,"25°10'42.00""N","121°26'47.91""E"
New Taipei City,,,25.06369,121.433445,"25°03'49.28""N","121°26'00.40""E"
New Taipei City,,,25.014106,121.476693,"25°00'50.78""N","121°28'36.09""E"
New Taipei City,,,25.014065,121.476722,"25°00'50.63""N","121°28'36.20""E"
New Taipei City,,,25.045534,121.45707,"25°02'43.92""N","121°27'25.45""E"
New Taipei City,,,25.087882,121.489228,"25°05'16.38""N","121°29'21.22""E"
New Taipei City,,,24.996493,121.506565,"24°59'47.37""N","121°30'23.63""E"
New Taipei City,,,25.196724,121.435774,"25°11'48.21""N","121°26'08.79""E"
New Taipei City,,,25.084732,121.461063,"25°05'05.04""N","121°27'39.83""E"
New Taipei City,,,25.075923,121.496874,"25°04'33.32""N","121°29'48.75""E"
New Taipei City,,,24.975235,121.331682,"24°58'30.85""N","121°19'54.06""E"
New Taipei City,,,24.975273,121.331647,"24°58'30.98""N","121°19'53.93""E"
New Taipei City,,,24.975349,121.331577,"24°58'31.26""N","121°19'53.68""E"
New Taipei City,,,24.974701,121.332059,"24°58'28.92""N","121°19'55.41""E"
New Taipei City,,,24.974663,121.332094,"24°58'28.79""N","121°19'55.54""E"
New Taipei City,,,24.974815,121.331954,"24°58'29.33""N","121°19'55.03""E"
New Taipei City,,,24.974739,121.332024,"24°58'29.06""N","121°19'55.29""E"
New Taipei City,,,24.975011,121.331776,"24°58'30.04""N","121°19'54.39""E"
New Taipei City,,,24.975207,121.331596,"24°58'30.75""N","121°19'53.75""E"
New Taipei City,,,24.975169,121.331631,"24°58'30.61""N","121°19'53.87""E"
New Taipei City,,,24.975254,121.331555,"24°58'30.91""N","121°19'53.60""E"
New Taipei City,,,24.97533,121.331485,"24°58'31.19""N","121°19'53.35""E"
New Taipei City,,,24.972639,121.329107,"24°58'21.50""N","121°19'44.79""E"
New Taipei City,,,24.972679,121.329076,"24°58'21.64""N","121°19'44.67""E"
New Taipei City,,,24.972267,121.329411,"24°58'20.16""N","121°19'45.88""E"
New Taipei City,,,24.972077,121.329362,"24°58'19.48""N","121°19'45.70""E"
New Taipei City,,,24.972037,121.329394,"24°58'19.33""N","121°19'45.82""E"
New Taipei City,,,24.972116,121.329329,"24°58'19.62""N","121°19'45.58""E"
New Taipei City,,,24.971957,121.329459,"24°58'19.05""N","121°19'46.05""E"
New Taipei City,,,24.972163,121.329291,"24°58'19.79""N","121°19'45.45""E"
New Taipei City,,,25.065728,121.485134,"25°03'56.62""N","121°29'06.48""E"
New Taipei City,,,24.973012,121.328593,"24°58'22.84""N","121°19'42.93""E"
New Taipei City,,,24.973133,121.328494,"24°58'23.28""N","121°19'42.58""E"
New Taipei City,,,24.973173,121.328462,"24°58'23.42""N","121°19'42.46""E"
New Taipei City,,,24.973304,121.328355,"24°58'23.89""N","121°19'42.08""E"
New Taipei City,,,24.973225,121.328421,"24°58'23.61""N","121°19'42.32""E"
New Taipei City,,,24.973264,121.328388,"24°58'23.75""N","121°19'42.20""E"
New Taipei City,,,24.973299,121.328572,"24°58'23.88""N","121°19'42.86""E"
New Taipei City,,,24.97326,121.328605,"24°58'23.74""N","121°19'42.98""E"
New Taipei City,,,24.990294,121.53411,"24°59'25.06""N","121°32'02.80""E"
New Taipei City,,,24.98943,121.533876,"24°59'21.95""N","121°32'01.95""E"
New Taipei City,,,25.069568,121.379344,"25°04'10.44""N","121°22'45.64""E"
New Taipei City,,,25.073954,121.378476,"25°04'26.23""N","121°22'42.51""E"
New Taipei City,,,24.975505,121.333105,"24°58'31.82""N","121°19'59.18""E"
New Taipei City,,,24.97554,121.333066,"24°58'31.94""N","121°19'59.04""E"
New Taipei City,,,25.009825,121.518053,"25°00'35.37""N","121°31'04.99""E"
New Taipei City,,,25.008638,121.518413,"25°00'31.10""N","121°31'06.29""E"
New Taipei City,,,25.009515,121.518255,"25°00'34.25""N","121°31'05.72""E"
New Taipei City,,,25.009563,121.518242,"25°00'34.43""N","121°31'05.67""E"
New Taipei City,,,25.073113,121.478705,"25°04'23.21""N","121°28'43.34""E"
New Taipei City,,,25.01224,121.476317,"25°00'44.06""N","121°28'34.74""E"
New Taipei City,,,25.018462,121.424854,"25°01'06.46""N","121°25'29.47""E"
New Taipei City,,,25.073562,121.494408,"25°04'24.82""N","121°29'39.87""E"
New Taipei City,,,25.00604,121.489628,"25°00'21.74""N","121°29'22.66""E"
New Taipei City,,,25.006134,121.489595,"25°00'22.08""N","121°29'22.54""E"
New Taipei City,,,25.030222,121.416601,"25°01'48.80""N","121°24'59.76""E"
New Taipei City,,,25.030224,121.41666,"25°01'48.81""N","121°24'59.98""E"
New Taipei City,,,25.030225,121.416719,"25°01'48.81""N","121°25'00.19""E"
New Taipei City,,,25.030228,121.416838,"25°01'48.82""N","121°25'00.62""E"
New Taipei City,,,25.031829,121.412186,"25°01'54.58""N","121°24'43.87""E"
New Taipei City,,,25.031866,121.412151,"25°01'54.72""N","121°24'43.74""E"
New Taipei City,,,25.032151,121.411885,"25°01'55.74""N","121°24'42.79""E"
New Taipei City,,,24.972652,121.334069,"24°58'21.55""N","121°20'02.65""E"
New Taipei City,,,25.075299,121.369531,"25°04'31.08""N","121°22'10.31""E"
New Taipei City,,,24.974082,121.332736,"24°58'26.70""N","121°19'57.85""E"
New Taipei City,,,24.974159,121.332666,"24°58'26.97""N","121°19'57.60""E"
New Taipei City,,,24.974044,121.332771,"24°58'26.56""N","121°19'57.98""E"
New Taipei City,,,24.972726,121.333835,"24°58'21.81""N","121°20'01.81""E"
New Taipei City,,,25.033103,121.420287,"25°01'59.17""N","121°25'13.03""E"
New Taipei City,,,25.033102,121.420232,"25°01'59.17""N","121°25'12.84""E"
New Taipei City,,,24.960943,121.511011,"24°57'39.39""N","121°30'39.64""E"
New Taipei City,,,24.9614,121.510581,"24°57'41.04""N","121°30'38.09""E"
New Taipei City,,,24.961362,121.510617,"24°57'40.90""N","121°30'38.22""E"
New Taipei City,,,24.961325,121.510652,"24°57'40.77""N","121°30'38.35""E"
New Taipei City,,,25.073896,121.494649,"25°04'26.03""N","121°29'40.74""E"
New Taipei City,,,25.06046,121.487619,"25°03'37.66""N","121°29'15.43""E"
New Taipei City,,,25.08956,121.488963,"25°05'22.42""N","121°29'20.27""E"
New Taipei City,,,25.089543,121.488746,"25°05'22.35""N","121°29'19.49""E"
New Taipei City,,,25.089553,121.488854,"25°05'22.39""N","121°29'19.87""E"
New Taipei City,,,25.089548,121.4888,"25°05'22.37""N","121°29'19.68""E"
New Taipei City,,,25.065707,121.490395,"25°03'56.55""N","121°29'25.42""E"
New Taipei City,,,25.065663,121.490493,"25°03'56.39""N","121°29'25.77""E"
New Taipei City,,,25.065642,121.490542,"25°03'56.31""N","121°29'25.95""E"
New Taipei City,,,24.998938,121.431319,"24°59'56.18""N","121°25'52.75""E"
New Taipei City,,,25.086393,121.468219,"25°05'11.01""N","121°28'05.59""E"
New Taipei City,,,25.086435,121.468189,"25°05'11.17""N","121°28'05.48""E"
New Taipei City,,,25.086561,121.468101,"25°05'11.62""N","121°28'05.16""E"
New Taipei City,,,25.072938,121.482405,"25°04'22.58""N","121°28'56.66""E"
New Taipei City,,,25.086107,121.460227,"25°05'09.99""N","121°27'36.82""E"
New Taipei City,,,25.085922,121.460323,"25°05'09.32""N","121°27'37.16""E"
New Taipei City,,,25.085407,121.460622,"25°05'07.47""N","121°27'38.24""E"
New Taipei City,,,25.08545,121.460595,"25°05'07.62""N","121°27'38.14""E"
New Taipei City,,,25.087797,121.47715,"25°05'16.07""N","121°28'37.74""E"
New Taipei City,,,25.089205,121.459528,"25°05'21.14""N","121°27'34.30""E"
New Taipei City,,,25.089255,121.459528,"25°05'21.32""N","121°27'34.30""E"
New Taipei City,,,25.089433,121.459367,"25°05'21.96""N","121°27'33.72""E"
New Taipei City,,,25.08866,121.473362,"25°05'19.18""N","121°28'24.10""E"
New Taipei City,,,25.084774,121.461034,"25°05'05.19""N","121°27'39.72""E"
New Taipei City,,,25.084162,121.461593,"25°05'02.98""N","121°27'41.73""E"
New Taipei City,,,25.084125,121.46163,"25°05'02.85""N","121°27'41.87""E"
New Taipei City,,,25.059545,121.48683,"25°03'34.36""N","121°29'12.59""E"
New Taipei City,,,25.081193,121.477764,"25°04'52.29""N","121°28'39.95""E"
New Taipei City,,,25.081375,121.477915,"25°04'52.95""N","121°28'40.49""E"
New Taipei City,,,25.081552,121.477211,"25°04'53.59""N","121°28'37.96""E"
New Taipei City,,,25.08845,121.469835,"25°05'18.42""N","121°28'11.41""E"
New Taipei City,,,25.020948,121.479333,"25°01'15.41""N","121°28'45.60""E"
New Taipei City,,,25.060719,121.472204,"25°03'38.59""N","121°28'19.93""E"
New Taipei City,,,25.060769,121.472204,"25°03'38.77""N","121°28'19.93""E"
New Taipei City,,,25.060818,121.472204,"25°03'38.94""N","121°28'19.93""E"
New Taipei City,,,25.060868,121.472205,"25°03'39.12""N","121°28'19.94""E"
New Taipei City,,,25.060918,121.472205,"25°03'39.30""N","121°28'19.94""E"
New Taipei City,,,25.060913,121.472022,"25°03'39.29""N","121°28'19.28""E"
New Taipei City,,,25.060864,121.472021,"25°03'39.11""N","121°28'19.28""E"
New Taipei City,,,25.060565,121.47202,"25°03'38.03""N","121°28'19.27""E"
New Taipei City,,,25.060187,121.472018,"25°03'36.67""N","121°28'19.26""E"
New Taipei City,,,25.060056,121.472015,"25°03'36.20""N","121°28'19.25""E"
New Taipei City,,,25.051629,121.48837,"25°03'05.86""N","121°29'18.13""E"
New Taipei City,,,25.05167,121.488401,"25°03'06.01""N","121°29'18.24""E"
New Taipei City,,,25.051755,121.488459,"25°03'06.32""N","121°29'18.45""E"
New Taipei City,,,25.084256,121.461496,"25°05'03.32""N","121°27'41.39""E"
New Taipei City,,,25.051796,121.48849,"25°03'06.47""N","121°29'18.56""E"
New Taipei City,,,24.995083,121.450112,"24°59'42.30""N","121°27'00.40""E"
New Taipei City,,,24.995051,121.450071,"24°59'42.18""N","121°27'00.26""E"
New Taipei City,,,25.052868,121.489158,"25°03'10.32""N","121°29'20.97""E"
New Taipei City,,,25.052238,121.488686,"25°03'08.06""N","121°29'19.27""E"
New Taipei City,,,25.023411,121.481261,"25°01'24.28""N","121°28'52.54""E"
New Taipei City,,,25.052131,121.488606,"25°03'07.67""N","121°29'18.98""E"
New Taipei City,,,24.995471,121.450614,"24°59'43.70""N","121°27'02.21""E"
New Taipei City,,,25.052185,121.488647,"25°03'07.87""N","121°29'19.13""E"
New Taipei City,,,25.026927,121.473993,"25°01'36.94""N","121°28'26.37""E"
New Taipei City,,,25.052741,121.489186,"25°03'09.87""N","121°29'21.07""E"
New Taipei City,,,24.995119,121.450159,"24°59'42.43""N","121°27'00.57""E"
New Taipei City,,,25.052121,121.488724,"25°03'07.64""N","121°29'19.41""E"
New Taipei City,,,25.052556,121.489053,"25°03'09.20""N","121°29'20.59""E"
New Taipei City,,,25.052059,121.488678,"25°03'07.41""N","121°29'19.24""E"
New Taipei City,,,25.052507,121.489018,"25°03'09.03""N","121°29'20.46""E"
New Taipei City,,,25.021914,121.480962,"25°01'18.89""N","121°28'51.46""E"
New Taipei City,,,25.021815,121.480968,"25°01'18.53""N","121°28'51.48""E"
New Taipei City,,,25.069226,121.447795,"25°04'09.21""N","121°26'52.06""E"
New Taipei City,,,25.093665,121.444705,"25°05'37.19""N","121°26'40.94""E"
New Taipei City,,,25.08076,121.458382,"25°04'50.74""N","121°27'30.18""E"
New Taipei City,,,24.994462,121.465451,"24°59'40.06""N","121°27'55.62""E"
New Taipei City,,,24.994402,121.46551,"24°59'39.85""N","121°27'55.84""E"
New Taipei City,,,24.994366,121.465548,"24°59'39.72""N","121°27'55.97""E"
New Taipei City,,,24.99433,121.465585,"24°59'39.59""N","121°27'56.11""E"
New Taipei City,,,24.982782,121.449899,"24°58'58.02""N","121°26'59.64""E"
New Taipei City,,,24.994257,121.46566,"24°59'39.33""N","121°27'56.38""E"
New Taipei City,,,24.99422,121.465697,"24°59'39.19""N","121°27'56.51""E"
New Taipei City,,,24.994184,121.465734,"24°59'39.06""N","121°27'56.64""E"
New Taipei City,,,25.080736,121.458442,"25°04'50.65""N","121°27'30.39""E"
New Taipei City,,,24.993976,121.465945,"24°59'38.31""N","121°27'57.40""E"
New Taipei City,,,24.99394,121.465982,"24°59'38.18""N","121°27'57.54""E"
New Taipei City,,,24.993889,121.466031,"24°59'38.00""N","121°27'57.71""E"
New Taipei City,,,24.993853,121.466067,"24°59'37.87""N","121°27'57.84""E"
New Taipei City,,,24.982702,121.449835,"24°58'57.73""N","121°26'59.41""E"
New Taipei City,,,24.946512,121.383307,"24°56'47.44""N","121°22'59.91""E"
New Taipei City,,,24.946145,121.382457,"24°56'46.12""N","121°22'56.85""E"
New Taipei City,,,24.946084,121.381421,"24°56'45.90""N","121°22'53.12""E"
New Taipei City,,,24.946156,121.38251,"24°56'46.16""N","121°22'57.04""E"
New Taipei City,,,24.941523,121.374453,"24°56'29.48""N","121°22'28.03""E"
New Taipei City,,,24.946068,121.381369,"24°56'45.84""N","121°22'52.93""E"
New Taipei City,,,24.941558,121.374491,"24°56'29.61""N","121°22'28.17""E"
New Taipei City,,,24.942119,121.374741,"24°56'31.63""N","121°22'29.07""E"
New Taipei City,,,24.941913,121.374837,"24°56'30.89""N","121°22'29.41""E"
New Taipei City,,,24.942006,121.374635,"24°56'31.22""N","121°22'28.69""E"
New Taipei City,,,24.941968,121.3746,"24°56'31.08""N","121°22'28.56""E"
New Taipei City,,,24.945325,121.379349,"24°56'43.17""N","121°22'45.66""E"
New Taipei City,,,24.946134,121.381583,"24°56'46.08""N","121°22'53.70""E"
New Taipei City,,,24.944088,121.377092,"24°56'38.72""N","121°22'37.53""E"
New Taipei City,,,24.943871,121.37714,"24°56'37.94""N","121°22'37.70""E"
New Taipei City,,,24.97785,121.538735,"24°58'40.26""N","121°32'19.45""E"
New Taipei City,,,24.977879,121.538772,"24°58'40.36""N","121°32'19.58""E"
New Taipei City,,,24.960993,121.509936,"24°57'39.57""N","121°30'35.77""E"
New Taipei City,,,24.947507,121.379556,"24°56'51.03""N","121°22'46.40""E"
New Taipei City,,,25.03461,121.439106,"25°02'04.60""N","121°26'20.78""E"
New Taipei City,,,25.046662,121.442417,"25°02'47.98""N","121°26'32.70""E"
New Taipei City,,,25.046711,121.442417,"25°02'48.16""N","121°26'32.70""E"
New Taipei City,,,25.046761,121.442417,"25°02'48.34""N","121°26'32.70""E"
New Taipei City,,,25.005806,121.48423,"25°00'20.90""N","121°29'03.23""E"
New Taipei City,,,25.005757,121.484241,"25°00'20.73""N","121°29'03.27""E"
New Taipei City,,,25.010417,121.480375,"25°00'37.50""N","121°28'49.35""E"
New Taipei City,,,25.010442,121.480328,"25°00'37.59""N","121°28'49.18""E"
New Taipei City,,,24.959017,121.508663,"24°57'32.46""N","121°30'31.19""E"
New Taipei City,,,24.935848,121.361769,"24°56'09.05""N","121°21'42.37""E"
New Taipei City,,,24.946948,121.385208,"24°56'49.01""N","121°23'06.75""E"
New Taipei City,,,25.056042,121.472791,"25°03'21.75""N","121°28'22.05""E"
New Taipei City,,,25.0576,121.481409,"25°03'27.36""N","121°28'53.07""E"
New Taipei City,,,25.05733,121.481549,"25°03'26.39""N","121°28'53.58""E"
New Taipei City,,,25.057285,121.481572,"25°03'26.23""N","121°28'53.66""E"
New Taipei City,,,25.083659,121.462328,"25°05'01.17""N","121°27'44.38""E"
New Taipei City,,,24.974005,121.330541,"24°58'26.42""N","121°19'49.95""E"
New Taipei City,,,24.973302,121.331168,"24°58'23.89""N","121°19'52.20""E"
New Taipei City,,,25.074419,121.381539,"25°04'27.91""N","121°22'53.54""E"
New Taipei City,,,25.05463,121.48845,"25°03'16.67""N","121°29'18.42""E"
New Taipei City,,,25.080912,121.474001,"25°04'51.28""N","121°28'26.40""E"
New Taipei City,,,25.058239,121.448199,"25°03'29.66""N","121°26'53.52""E"
New Taipei City,,,25.090613,121.462261,"25°05'26.21""N","121°27'44.14""E"
New Taipei City,,,24.95942,121.512925,"24°57'33.91""N","121°30'46.53""E"
New Taipei City,,,25.000007,121.434097,"25°00'00.03""N","121°26'02.75""E"
New Taipei City,,,24.953632,121.350406,"24°57'13.08""N","121°21'01.46""E"
New Taipei City,,,25.003169,121.488105,"25°00'11.41""N","121°29'17.18""E"
New Taipei City,,,25.003218,121.488106,"25°00'11.58""N","121°29'17.18""E"
New Taipei City,,,25.015771,121.483233,"25°00'56.78""N","121°28'59.64""E"
New Taipei City,,,25.015786,121.483607,"25°00'56.83""N","121°29'00.99""E"
New Taipei City,,,25.015797,121.483878,"25°00'56.87""N","121°29'01.96""E"
New Taipei City,,,24.972411,121.53461,"24°58'20.68""N","121°32'04.60""E"
New Taipei City,,,25.015791,121.483714,"25°00'56.85""N","121°29'01.37""E"
New Taipei City,,,25.015985,121.484101,"25°00'57.55""N","121°29'02.76""E"
New Taipei City,,,25.016036,121.484079,"25°00'57.73""N","121°29'02.68""E"
New Taipei City,,,25.004304,121.517884,"25°00'15.49""N","121°31'04.38""E"
New Taipei City,,,25.000168,121.489365,"25°00'00.60""N","121°29'21.71""E"
New Taipei City,,,25.000167,121.489474,"25°00'00.60""N","121°29'22.11""E"
New Taipei City,,,25.017611,121.483392,"25°01'03.40""N","121°29'00.21""E"
New Taipei City,,,25.017559,121.483414,"25°01'03.21""N","121°29'00.29""E"
New Taipei City,,,25.017142,121.483592,"25°01'01.71""N","121°29'00.93""E"
New Taipei City,,,25.016277,121.484126,"25°00'58.60""N","121°29'02.85""E"
New Taipei City,,,25.017584,121.48355,"25°01'03.30""N","121°29'00.78""E"
New Taipei City,,,25.017533,121.483573,"25°01'03.12""N","121°29'00.86""E"
New Taipei City,,,25.017484,121.483595,"25°01'02.94""N","121°29'00.94""E"
New Taipei City,,,25.017435,121.483618,"25°01'02.77""N","121°29'01.02""E"
New Taipei City,,,25.017385,121.48364,"25°01'02.59""N","121°29'01.10""E"
New Taipei City,,,25.017237,121.483706,"25°01'02.05""N","121°29'01.34""E"
New Taipei City,,,25.01674,121.483766,"25°01'00.26""N","121°29'01.56""E"
New Taipei City,,,25.01664,121.483811,"25°00'59.90""N","121°29'01.72""E"
New Taipei City,,,25.01669,121.483788,"25°01'00.08""N","121°29'01.64""E"
New Taipei City,,,25.016589,121.483833,"25°00'59.72""N","121°29'01.80""E"
New Taipei City,,,25.016791,121.483744,"25°01'00.45""N","121°29'01.48""E"
New Taipei City,,,25.016287,121.483968,"25°00'58.63""N","121°29'02.28""E"
New Taipei City,,,25.016137,121.484035,"25°00'58.09""N","121°29'02.53""E"
New Taipei City,,,25.016086,121.484057,"25°00'57.91""N","121°29'02.61""E"
New Taipei City,,,25.016338,121.483946,"25°00'58.82""N","121°29'02.21""E"
New Taipei City,,,24.970549,121.542962,"24°58'13.98""N","121°32'34.66""E"
New Taipei City,,,24.99526,121.459575,"24°59'42.94""N","121°27'34.47""E"
New Taipei City,,,24.995206,121.459575,"24°59'42.74""N","121°27'34.47""E"
New Taipei City,,,24.962723,121.541323,"24°57'45.80""N","121°32'28.76""E"
New Taipei City,,,25.021356,121.459487,"25°01'16.88""N","121°27'34.15""E"
New Taipei City,,,25.069118,121.479425,"25°04'08.82""N","121°28'45.93""E"
New Taipei City,,,25.066101,121.484577,"25°03'57.96""N","121°29'04.48""E"
New Taipei City,,,25.000408,121.435056,"25°00'01.47""N","121°26'06.20""E"
New Taipei City,,,24.987348,121.542121,"24°59'14.45""N","121°32'31.64""E"
New Taipei City,,,24.931647,121.371183,"24°55'53.93""N","121°22'16.26""E"
New Taipei City,,,24.970571,121.542913,"24°58'14.06""N","121°32'34.49""E"
New Taipei City,,,25.0657,121.485173,"25°03'56.52""N","121°29'06.62""E"
New Taipei City,,,25.068643,121.480745,"25°04'07.11""N","121°28'50.68""E"
New Taipei City,,,24.980149,121.551655,"24°58'48.54""N","121°33'05.96""E"
New Taipei City,,,24.963772,121.519784,"24°57'49.58""N","121°31'11.22""E"
New Taipei City,,,25.077378,121.466518,"25°04'38.56""N","121°27'59.46""E"
New Taipei City,,,25.086277,121.471192,"25°05'10.60""N","121°28'16.29""E"
New Taipei City,,,25.052234,121.455814,"25°03'08.04""N","121°27'20.93""E"
New Taipei City,,,24.974179,121.445249,"24°58'27.04""N","121°26'42.90""E"
New Taipei City,,,24.974105,121.445176,"24°58'26.78""N","121°26'42.63""E"
New Taipei City,,,24.973977,121.44505,"24°58'26.32""N","121°26'42.18""E"
New Taipei City,,,25.070383,121.486335,"25°04'13.38""N","121°29'10.81""E"
New Taipei City,,,24.948807,121.385102,"24°56'55.71""N","121°23'06.37""E"
New Taipei City,,,25.068667,121.480697,"25°04'07.20""N","121°28'50.51""E"
New Taipei City,,,24.94488,121.380476,"24°56'41.57""N","121°22'49.71""E"
New Taipei City,,,25.005441,121.518764,"25°00'19.59""N","121°31'07.55""E"
New Taipei City,,,25.005408,121.518805,"25°00'19.47""N","121°31'07.70""E"
New Taipei City,,,25.052247,121.456163,"25°03'08.09""N","121°27'22.19""E"
New Taipei City,,,25.06974,121.366545,"25°04'11.06""N","121°21'59.56""E"
New Taipei City,,,24.98274,121.535273,"24°58'57.86""N","121°32'06.98""E"
New Taipei City,,,24.973967,121.334789,"24°58'26.28""N","121°20'05.24""E"
New Taipei City,,,24.974107,121.334635,"24°58'26.79""N","121°20'04.69""E"
New Taipei City,,,24.974037,121.334711,"24°58'26.53""N","121°20'04.96""E"
New Taipei City,,,24.974071,121.334672,"24°58'26.66""N","121°20'04.82""E"
New Taipei City,,,24.974002,121.33475,"24°58'26.41""N","121°20'05.10""E"
New Taipei City,,,24.974253,121.334488,"24°58'27.31""N","121°20'04.16""E"
New Taipei City,,,24.974181,121.334562,"24°58'27.05""N","121°20'04.42""E"
New Taipei City,,,24.974323,121.33441,"24°58'27.56""N","121°20'03.88""E"
New Taipei City,,,24.974464,121.334256,"24°58'28.07""N","121°20'03.32""E"
New Taipei City,,,24.974535,121.334179,"24°58'28.33""N","121°20'03.04""E"
New Taipei City,,,24.974288,121.334449,"24°58'27.44""N","121°20'04.02""E"
New Taipei City,,,25.076086,121.43505,"25°04'33.91""N","121°26'06.18""E"
New Taipei City,,,24.974863,121.333949,"24°58'29.51""N","121°20'02.22""E"
New Taipei City,,,24.975009,121.333791,"24°58'30.03""N","121°20'01.65""E"
New Taipei City,,,24.974938,121.333867,"24°58'29.78""N","121°20'01.92""E"
New Taipei City,,,24.974974,121.333829,"24°58'29.91""N","121°20'01.78""E"
New Taipei City,,,24.974903,121.333906,"24°58'29.65""N","121°20'02.06""E"
New Taipei City,,,24.975045,121.333753,"24°58'30.16""N","121°20'01.51""E"
New Taipei City,,,24.975085,121.33371,"24°58'30.31""N","121°20'01.36""E"
New Taipei City,,,24.975083,121.333575,"24°58'30.30""N","121°20'00.87""E"
New Taipei City,,,24.975012,121.333651,"24°58'30.04""N","121°20'01.14""E"
New Taipei City,,,24.975047,121.333613,"24°58'30.17""N","121°20'01.01""E"
New Taipei City,,,24.974977,121.33369,"24°58'29.92""N","121°20'01.28""E"
New Taipei City,,,24.974906,121.333767,"24°58'29.66""N","121°20'01.56""E"
New Taipei City,,,24.975684,121.332904,"24°58'32.46""N","121°19'58.45""E"
New Taipei City,,,24.976585,121.33205,"24°58'35.71""N","121°19'55.38""E"
New Taipei City,,,24.976516,121.332128,"24°58'35.46""N","121°19'55.66""E"
New Taipei City,,,24.976551,121.332089,"24°58'35.58""N","121°19'55.52""E"
New Taipei City,,,24.976481,121.332167,"24°58'35.33""N","121°19'55.80""E"
New Taipei City,,,24.97662,121.332011,"24°58'35.83""N","121°19'55.24""E"
New Taipei City,,,24.976758,121.331855,"24°58'36.33""N","121°19'54.68""E"
New Taipei City,,,24.976689,121.331933,"24°58'36.08""N","121°19'54.96""E"
New Taipei City,,,24.961279,121.510695,"24°57'40.60""N","121°30'38.50""E"
New Taipei City,,,24.961243,121.510729,"24°57'40.47""N","121°30'38.62""E"
New Taipei City,,,24.960979,121.510978,"24°57'39.52""N","121°30'39.52""E"
New Taipei City,,,25.073369,121.485726,"25°04'24.13""N","121°29'08.61""E"
New Taipei City,,,25.073391,121.485833,"25°04'24.21""N","121°29'09.00""E"
New Taipei City,,,25.07338,121.485779,"25°04'24.17""N","121°29'08.80""E"
New Taipei City,,,25.073236,121.485019,"25°04'23.65""N","121°29'06.07""E"
New Taipei City,,,25.083653,121.380433,"25°05'01.15""N","121°22'49.56""E"
New Taipei City,,,25.083534,121.380397,"25°05'00.72""N","121°22'49.43""E"
New Taipei City,,,25.083281,121.380298,"25°04'59.81""N","121°22'49.07""E"
New Taipei City,,,25.073056,121.48378,"25°04'23.00""N","121°29'01.61""E"
New Taipei City,,,25.073069,121.483888,"25°04'23.05""N","121°29'02.00""E"
New Taipei City,,,25.073076,121.483942,"25°04'23.07""N","121°29'02.19""E"
New Taipei City,,,25.073048,121.483727,"25°04'22.97""N","121°29'01.42""E"
New Taipei City,,,25.073063,121.483834,"25°04'23.03""N","121°29'01.80""E"
New Taipei City,,,24.987282,121.414485,"24°59'14.22""N","121°24'52.15""E"
New Taipei City,,,25.078696,121.390283,"25°04'43.31""N","121°23'25.02""E"
New Taipei City,,,25.07336,121.500916,"25°04'24.10""N","121°30'03.30""E"
New Taipei City,,,25.081592,121.45777,"25°04'53.73""N","121°27'27.97""E"
New Taipei City,,,24.935478,121.364678,"24°56'07.72""N","121°21'52.84""E"
New Taipei City,,,25.073002,121.479639,"25°04'22.81""N","121°28'46.70""E"
New Taipei City,,,25.073009,121.479578,"25°04'22.83""N","121°28'46.48""E"
New Taipei City,,,25.073014,121.479525,"25°04'22.85""N","121°28'46.29""E"
New Taipei City,,,25.07302,121.479471,"25°04'22.87""N","121°28'46.10""E"
New Taipei City,,,25.004407,121.41517,"25°00'15.87""N","121°24'54.61""E"
New Taipei City,,,25.004461,121.415166,"25°00'16.06""N","121°24'54.60""E"
New Taipei City,,,25.004515,121.415162,"25°00'16.25""N","121°24'54.58""E"
New Taipei City,,,25.073026,121.479416,"25°04'22.89""N","121°28'45.90""E"
New Taipei City,,,25.005258,121.414891,"25°00'18.93""N","121°24'53.61""E"
New Taipei City,,,25.004556,121.415007,"25°00'16.40""N","121°24'54.03""E"
New Taipei City,,,25.073049,121.479199,"25°04'22.98""N","121°28'45.12""E"
New Taipei City,,,25.073057,121.479136,"25°04'23.01""N","121°28'44.89""E"
New Taipei City,,,25.073063,121.479082,"25°04'23.03""N","121°28'44.70""E"
New Taipei City,,,25.069637,121.476939,"25°04'10.69""N","121°28'36.98""E"
New Taipei City,,,25.083306,121.462481,"25°04'59.90""N","121°27'44.93""E"
New Taipei City,,,25.08327,121.462519,"25°04'59.77""N","121°27'45.07""E"
New Taipei City,,,25.083232,121.46256,"25°04'59.64""N","121°27'45.22""E"
New Taipei City,,,25.083177,121.462619,"25°04'59.44""N","121°27'45.43""E"
New Taipei City,,,25.089207,121.478816,"25°05'21.15""N","121°28'43.74""E"
New Taipei City,,,25.089611,121.479671,"25°05'22.60""N","121°28'46.82""E"
New Taipei City,,,25.092054,121.462882,"25°05'31.39""N","121°27'46.38""E"
New Taipei City,,,25.092113,121.462806,"25°05'31.61""N","121°27'46.10""E"
New Taipei City,,,25.092143,121.462769,"25°05'31.71""N","121°27'45.97""E"
New Taipei City,,,25.092328,121.462552,"25°05'32.38""N","121°27'45.19""E"
New Taipei City,,,25.092265,121.462623,"25°05'32.15""N","121°27'45.44""E"
New Taipei City,,,25.092203,121.462695,"25°05'31.93""N","121°27'45.70""E"
New Taipei City,,,25.092296,121.462587,"25°05'32.27""N","121°27'45.31""E"
New Taipei City,,,25.092415,121.462464,"25°05'32.69""N","121°27'44.87""E"
New Taipei City,,,25.092448,121.46243,"25°05'32.81""N","121°27'44.75""E"
New Taipei City,,,25.092481,121.462396,"25°05'32.93""N","121°27'44.63""E"
New Taipei City,,,25.092514,121.462362,"25°05'33.05""N","121°27'44.50""E"
New Taipei City,,,25.092548,121.462329,"25°05'33.17""N","121°27'44.38""E"
New Taipei City,,,25.092581,121.462295,"25°05'33.29""N","121°27'44.26""E"
New Taipei City,,,25.092109,121.462479,"25°05'31.59""N","121°27'44.92""E"
New Taipei City,,,25.092041,121.46256,"25°05'31.35""N","121°27'45.22""E"
New Taipei City,,,25.092149,121.462434,"25°05'31.74""N","121°27'44.76""E"
New Taipei City,,,25.091833,121.462831,"25°05'30.60""N","121°27'46.19""E"
New Taipei City,,,25.090134,121.467207,"25°05'24.48""N","121°28'01.95""E"
New Taipei City,,,25.090111,121.467251,"25°05'24.40""N","121°28'02.10""E"
New Taipei City,,,25.089859,121.467696,"25°05'23.49""N","121°28'03.71""E"
New Taipei City,,,25.091996,121.462959,"25°05'31.19""N","121°27'46.65""E"
New Taipei City,,,25.091968,121.462998,"25°05'31.08""N","121°27'46.79""E"
New Taipei City,,,25.091915,121.463078,"25°05'30.89""N","121°27'47.08""E"
New Taipei City,,,25.067459,121.45793,"25°04'02.85""N","121°27'28.55""E"
New Taipei City,,,25.08948,121.490082,"25°05'22.13""N","121°29'24.30""E"
New Taipei City,,,25.089835,121.459392,"25°05'23.41""N","121°27'33.81""E"
New Taipei City,,,24.943842,121.377096,"24°56'37.83""N","121°22'37.55""E"
New Taipei City,,,24.9466,121.383783,"24°56'47.76""N","121°23'01.62""E"
New Taipei City,,,24.942044,121.37467,"24°56'31.36""N","121°22'28.81""E"
New Taipei City,,,24.9449,121.378928,"24°56'41.64""N","121°22'44.14""E"
New Taipei City,,,24.944923,121.378976,"24°56'41.72""N","121°22'44.31""E"
New Taipei City,,,24.943215,121.376224,"24°56'35.57""N","121°22'34.41""E"
New Taipei City,,,24.944946,121.379024,"24°56'41.81""N","121°22'44.49""E"
New Taipei City,,,24.946707,121.384665,"24°56'48.15""N","121°23'04.79""E"
New Taipei City,,,24.946345,121.382432,"24°56'46.84""N","121°22'56.76""E"
New Taipei City,,,24.946357,121.382485,"24°56'46.89""N","121°22'56.95""E"
New Taipei City,,,24.943813,121.377052,"24°56'37.73""N","121°22'37.39""E"
New Taipei City,,,24.946439,121.382876,"24°56'47.18""N","121°22'58.35""E"
New Taipei City,,,24.946148,121.381636,"24°56'46.13""N","121°22'53.89""E"
New Taipei City,,,24.944248,121.377339,"24°56'39.29""N","121°22'38.42""E"
New Taipei City,,,24.946188,121.382654,"24°56'46.28""N","121°22'57.55""E"
New Taipei City,,,24.944333,121.377473,"24°56'39.60""N","121°22'38.90""E"
New Taipei City,,,25.009254,121.430052,"25°00'33.31""N","121°25'48.19""E"
New Taipei City,,,25.00943,121.429832,"25°00'33.95""N","121°25'47.40""E"
New Taipei City,,,25.009562,121.429664,"25°00'34.42""N","121°25'46.79""E"
New Taipei City,,,25.045411,121.465452,"25°02'43.48""N","121°27'55.63""E"
New Taipei City,,,25.162492,121.421268,"25°09'44.97""N","121°25'16.56""E"
New Taipei City,,,25.162503,121.421157,"25°09'45.01""N","121°25'16.17""E"
New Taipei City,,,24.946577,121.383677,"24°56'47.68""N","121°23'01.24""E"
New Taipei City,,,24.94652,121.383361,"24°56'47.47""N","121°23'00.10""E"
New Taipei City,,,24.945954,121.380996,"24°56'45.43""N","121°22'51.59""E"
New Taipei City,,,24.94354,121.37631,"24°56'36.74""N","121°22'34.72""E"
New Taipei City,,,24.946052,121.381317,"24°56'45.79""N","121°22'52.74""E"
New Taipei City,,,25.162509,121.421101,"25°09'45.03""N","121°25'15.96""E"
New Taipei City,,,24.946429,121.382823,"24°56'47.14""N","121°22'58.16""E"
New Taipei City,,,24.945799,121.380537,"24°56'44.88""N","121°22'49.93""E"
New Taipei City,,,24.946491,121.383172,"24°56'47.37""N","121°22'59.42""E"
New Taipei City,,,25.022192,121.480947,"25°01'19.89""N","121°28'51.41""E"
New Taipei City,,,25.02245,121.480936,"25°01'20.82""N","121°28'51.37""E"
New Taipei City,,,25.022712,121.480917,"25°01'21.76""N","121°28'51.30""E"
New Taipei City,,,25.023512,121.478989,"25°01'24.64""N","121°28'44.36""E"
New Taipei City,,,24.995068,121.462258,"24°59'42.24""N","121°27'44.13""E"
New Taipei City,,,24.995954,121.461935,"24°59'45.43""N","121°27'42.97""E"
New Taipei City,,,24.995704,121.46199,"24°59'44.53""N","121°27'43.16""E"
New Taipei City,,,25.026368,121.47366,"25°01'34.92""N","121°28'25.18""E"
New Taipei City,,,24.997983,121.468218,"24°59'52.74""N","121°28'05.58""E"
New Taipei City,,,24.986733,121.537753,"24°59'12.24""N","121°32'15.91""E"
New Taipei City,,,24.988715,121.429791,"24°59'19.37""N","121°25'47.25""E"
New Taipei City,,,24.988801,121.429638,"24°59'19.68""N","121°25'46.70""E"
New Taipei City,,,24.988883,121.42949,"24°59'19.98""N","121°25'46.16""E"
New Taipei City,,,24.988909,121.429443,"24°59'20.07""N","121°25'45.99""E"
New Taipei City,,,24.988994,121.429294,"24°59'20.38""N","121°25'45.46""E"
New Taipei City,,,25.149153,121.398915,"25°08'56.95""N","121°23'56.09""E"
New Taipei City,,,24.986709,121.537914,"24°59'12.15""N","121°32'16.49""E"
New Taipei City,,,24.99783,121.468183,"24°59'52.19""N","121°28'05.46""E"
New Taipei City,,,24.997704,121.468155,"24°59'51.73""N","121°28'05.36""E"
New Taipei City,,,24.986725,121.537807,"24°59'12.21""N","121°32'16.11""E"
New Taipei City,,,24.972289,121.332293,"24°58'20.24""N","121°19'56.25""E"
New Taipei City,,,24.972211,121.332361,"24°58'19.96""N","121°19'56.50""E"
New Taipei City,,,24.971884,121.332637,"24°58'18.78""N","121°19'57.49""E"
New Taipei City,,,24.995395,121.459577,"24°59'43.42""N","121°27'34.48""E"
New Taipei City,,,24.986717,121.537861,"24°59'12.18""N","121°32'16.30""E"
New Taipei City,,,25.069827,121.35979,"25°04'11.38""N","121°21'35.24""E"
New Taipei City,,,24.995449,121.459578,"24°59'43.62""N","121°27'34.48""E"
New Taipei City,,,24.995341,121.459577,"24°59'43.23""N","121°27'34.48""E"
New Taipei City,,,24.995314,121.459576,"24°59'43.13""N","121°27'34.47""E"
New Taipei City,,,24.994881,121.459571,"24°59'41.57""N","121°27'34.46""E"
New Taipei City,,,24.995422,121.459578,"24°59'43.52""N","121°27'34.48""E"
New Taipei City,,,25.005623,121.432362,"25°00'20.24""N","121°25'56.50""E"
New Taipei City,,,24.953426,121.349469,"24°57'12.33""N","121°20'58.09""E"
New Taipei City,,,24.953554,121.348677,"24°57'12.79""N","121°20'55.24""E"
New Taipei City,,,24.953429,121.349388,"24°57'12.34""N","121°20'57.80""E"
New Taipei City,,,24.953414,121.347812,"24°57'12.29""N","121°20'52.12""E"
New Taipei City,,,24.953362,121.347239,"24°57'12.10""N","121°20'50.06""E"
New Taipei City,,,24.953375,121.347357,"24°57'12.15""N","121°20'50.49""E"
New Taipei City,,,24.955534,121.342807,"24°57'19.92""N","121°20'34.11""E"
New Taipei City,,,24.953096,121.346079,"24°57'11.15""N","121°20'45.88""E"
New Taipei City,,,24.952937,121.345736,"24°57'10.57""N","121°20'44.65""E"
New Taipei City,,,24.952783,121.345413,"24°57'10.02""N","121°20'43.49""E"
New Taipei City,,,24.95276,121.345365,"24°57'09.94""N","121°20'43.31""E"
New Taipei City,,,24.952807,121.345461,"24°57'10.11""N","121°20'43.66""E"
New Taipei City,,,24.95283,121.345509,"24°57'10.19""N","121°20'43.83""E"
New Taipei City,,,24.952611,121.345054,"24°57'09.40""N","121°20'42.19""E"
New Taipei City,,,24.952634,121.345102,"24°57'09.48""N","121°20'42.37""E"
New Taipei City,,,24.952657,121.34515,"24°57'09.57""N","121°20'42.54""E"
New Taipei City,,,24.952409,121.344621,"24°57'08.67""N","121°20'40.64""E"
New Taipei City,,,24.952388,121.344571,"24°57'08.60""N","121°20'40.46""E"
New Taipei City,,,24.952216,121.344136,"24°57'07.98""N","121°20'38.89""E"
New Taipei City,,,24.952542,121.34491,"24°57'09.15""N","121°20'41.68""E"
New Taipei City,,,24.952519,121.344862,"24°57'09.07""N","121°20'41.50""E"
New Taipei City,,,24.95188,121.343291,"24°57'06.77""N","121°20'35.85""E"
New Taipei City,,,24.952006,121.343602,"24°57'07.22""N","121°20'36.97""E"
New Taipei City,,,25.149286,121.398892,"25°08'57.43""N","121°23'56.01""E"
New Taipei City,,,24.952028,121.343658,"24°57'07.30""N","121°20'37.17""E"
New Taipei City,,,24.994397,121.5104,"24°59'39.83""N","121°30'37.44""E"
New Taipei City,,,25.075554,121.363813,"25°04'31.99""N","121°21'49.73""E"
New Taipei City,,,24.99442,121.510352,"24°59'39.91""N","121°30'37.27""E"
New Taipei City,,,25.020223,121.471035,"25°01'12.80""N","121°28'15.73""E"
New Taipei City,,,25.020307,121.470978,"25°01'13.11""N","121°28'15.52""E"
New Taipei City,,,25.080806,121.458267,"25°04'50.90""N","121°27'29.76""E"
New Taipei City,,,25.02018,121.471063,"25°01'12.65""N","121°28'15.83""E"
New Taipei City,,,25.020477,121.470864,"25°01'13.72""N","121°28'15.11""E"
New Taipei City,,,25.020434,121.470892,"25°01'13.56""N","121°28'15.21""E"
New Taipei City,,,25.020392,121.470921,"25°01'13.41""N","121°28'15.32""E"
New Taipei City,,,25.08417,121.461796,"25°05'03.01""N","121°27'42.47""E"
New Taipei City,,,25.080783,121.458325,"25°04'50.82""N","121°27'29.97""E"
New Taipei City,,,25.048941,121.442776,"25°02'56.19""N","121°26'33.99""E"
New Taipei City,,,25.048941,121.442831,"25°02'56.19""N","121°26'34.19""E"
New Taipei City,,,25.048942,121.442885,"25°02'56.19""N","121°26'34.39""E"
New Taipei City,,,25.048943,121.44294,"25°02'56.19""N","121°26'34.58""E"
New Taipei City,,,25.048944,121.443049,"25°02'56.20""N","121°26'34.98""E"
New Taipei City,,,25.048944,121.443103,"25°02'56.20""N","121°26'35.17""E"
New Taipei City,,,25.048945,121.443158,"25°02'56.20""N","121°26'35.37""E"
New Taipei City,,,25.048955,121.443438,"25°02'56.24""N","121°26'36.38""E"
New Taipei City,,,25.048956,121.443492,"25°02'56.24""N","121°26'36.57""E"
New Taipei City,,,25.043471,121.451767,"25°02'36.50""N","121°27'06.36""E"
New Taipei City,,,25.04348,121.451815,"25°02'36.53""N","121°27'06.53""E"
New Taipei City,,,25.015516,121.425958,"25°00'55.86""N","121°25'33.45""E"
New Taipei City,,,25.015795,121.426106,"25°00'56.86""N","121°25'33.98""E"
New Taipei City,,,25.014703,121.425923,"25°00'52.93""N","121°25'33.32""E"
New Taipei City,,,25.01492,121.42604,"25°00'53.71""N","121°25'33.74""E"
New Taipei City,,,25.013491,121.425979,"25°00'48.57""N","121°25'33.52""E"
New Taipei City,,,25.009545,121.429521,"25°00'34.36""N","121°25'46.28""E"
New Taipei City,,,25.009512,121.429562,"25°00'34.24""N","121°25'46.42""E"
New Taipei City,,,25.009425,121.429674,"25°00'33.93""N","121°25'46.83""E"
New Taipei City,,,25.009055,121.430149,"25°00'32.60""N","121°25'48.54""E"
New Taipei City,,,25.009001,121.430218,"25°00'32.40""N","121°25'48.78""E"
New Taipei City,,,25.072966,121.48011,"25°04'22.68""N","121°28'48.40""E"
New Taipei City,,,25.005205,121.414903,"25°00'18.74""N","121°24'53.65""E"
New Taipei City,,,25.004502,121.41501,"25°00'16.21""N","121°24'54.04""E"
New Taipei City,,,25.004252,121.415187,"25°00'15.31""N","121°24'54.67""E"
New Taipei City,,,24.997547,121.468119,"24°59'51.17""N","121°28'05.23""E"
New Taipei City,,,24.997777,121.468171,"24°59'52.00""N","121°28'05.42""E"
New Taipei City,,,25.000233,121.468605,"25°00'00.84""N","121°28'06.98""E"
New Taipei City,,,24.994954,121.467295,"24°59'41.83""N","121°28'02.26""E"
New Taipei City,,,24.997058,121.468001,"24°59'49.41""N","121°28'04.80""E"
New Taipei City,,,24.996054,121.467763,"24°59'45.79""N","121°28'03.95""E"
New Taipei City,,,25.073128,121.478597,"25°04'23.26""N","121°28'42.95""E"
New Taipei City,,,24.981718,121.550558,"24°58'54.18""N","121°33'02.01""E"
New Taipei City,,,24.981758,121.550526,"24°58'54.33""N","121°33'01.89""E"
New Taipei City,,,25.073135,121.478543,"25°04'23.29""N","121°28'42.75""E"
New Taipei City,,,25.073142,121.478489,"25°04'23.31""N","121°28'42.56""E"
New Taipei City,,,25.07315,121.478435,"25°04'23.34""N","121°28'42.37""E"
New Taipei City,,,25.073159,121.478381,"25°04'23.37""N","121°28'42.17""E"
New Taipei City,,,25.073167,121.478328,"25°04'23.40""N","121°28'41.98""E"
New Taipei City,,,25.073184,121.478221,"25°04'23.46""N","121°28'41.60""E"
New Taipei City,,,25.073193,121.478157,"25°04'23.49""N","121°28'41.37""E"
New Taipei City,,,25.073203,121.478104,"25°04'23.53""N","121°28'41.17""E"
New Taipei City,,,25.073212,121.47805,"25°04'23.56""N","121°28'40.98""E"
New Taipei City,,,25.073528,121.476535,"25°04'24.70""N","121°28'35.53""E"
New Taipei City,,,25.073563,121.476376,"25°04'24.83""N","121°28'34.95""E"
New Taipei City,,,25.073678,121.475861,"25°04'25.24""N","121°28'33.10""E"
New Taipei City,,,25.073702,121.475755,"25°04'25.33""N","121°28'32.72""E"
New Taipei City,,,25.00302,121.488102,"25°00'10.87""N","121°29'17.17""E"
New Taipei City,,,24.985089,121.551962,"24°59'06.32""N","121°33'07.06""E"
New Taipei City,,,24.985128,121.551929,"24°59'06.46""N","121°33'06.94""E"
New Taipei City,,,24.985246,121.551829,"24°59'06.89""N","121°33'06.58""E"
New Taipei City,,,24.98495,121.551927,"24°59'05.82""N","121°33'06.94""E"
New Taipei City,,,24.984675,121.55216,"24°59'04.83""N","121°33'07.78""E"
New Taipei City,,,25.001904,121.4599,"25°00'06.85""N","121°27'35.64""E"
New Taipei City,,,24.961309,121.540503,"24°57'40.71""N","121°32'25.81""E"
New Taipei City,,,24.961167,121.540639,"24°57'40.20""N","121°32'26.30""E"
New Taipei City,,,24.971961,121.541035,"24°58'19.06""N","121°32'27.73""E"
New Taipei City,,,24.971926,121.541084,"24°58'18.93""N","121°32'27.90""E"
New Taipei City,,,24.971985,121.541313,"24°58'19.15""N","121°32'28.73""E"
New Taipei City,,,24.972016,121.54127,"24°58'19.26""N","121°32'28.57""E"
New Taipei City,,,24.972047,121.541228,"24°58'19.37""N","121°32'28.42""E"
New Taipei City,,,24.972088,121.541171,"24°58'19.52""N","121°32'28.22""E"
New Taipei City,,,25.000148,121.426801,"25°00'00.53""N","121°25'36.48""E"
New Taipei City,,,24.960759,121.540317,"24°57'38.73""N","121°32'25.14""E"
New Taipei City,,,24.960838,121.540384,"24°57'39.02""N","121°32'25.38""E"
New Taipei City,,,24.986417,121.541843,"24°59'11.10""N","121°32'30.63""E"
New Taipei City,,,24.986368,121.541845,"24°59'10.92""N","121°32'30.64""E"
New Taipei City,,,24.986275,121.541852,"24°59'10.59""N","121°32'30.67""E"
New Taipei City,,,24.97391,121.538265,"24°58'26.08""N","121°32'17.75""E"
New Taipei City,,,24.974814,121.536783,"24°58'29.33""N","121°32'12.42""E"
New Taipei City,,,24.974786,121.536829,"24°58'29.23""N","121°32'12.58""E"
New Taipei City,,,24.974646,121.537066,"24°58'28.73""N","121°32'13.44""E"
New Taipei City,,,24.996467,121.528004,"24°59'47.28""N","121°31'40.81""E"
New Taipei City,,,25.011081,121.504951,"25°00'39.89""N","121°30'17.82""E"
New Taipei City,,,25.01253,121.509742,"25°00'45.11""N","121°30'35.07""E"
New Taipei City,,,24.972557,121.394659,"24°58'21.21""N","121°23'40.77""E"
New Taipei City,,,24.972678,121.534416,"24°58'21.64""N","121°32'03.90""E"
New Taipei City,,,24.972343,121.534889,"24°58'20.43""N","121°32'05.60""E"
New Taipei City,,,25.069043,121.479685,"25°04'08.55""N","121°28'46.87""E"
New Taipei City,,,25.004534,121.512397,"25°00'16.32""N","121°30'44.63""E"
New Taipei City,,,25.008861,121.518445,"25°00'31.90""N","121°31'06.40""E"
New Taipei City,,,24.971609,121.539249,"24°58'17.79""N","121°32'21.30""E"
New Taipei City,,,25.005821,121.471856,"25°00'20.96""N","121°28'18.68""E"
New Taipei City,,,24.977112,121.540319,"24°58'37.60""N","121°32'25.15""E"
New Taipei City,,,25.003368,121.523996,"25°00'12.12""N","121°31'26.39""E"
New Taipei City,,,24.976569,121.331928,"24°58'35.65""N","121°19'54.94""E"
New Taipei City,,,24.976533,121.331966,"24°58'35.52""N","121°19'55.08""E"
New Taipei City,,,24.976604,121.331889,"24°58'35.77""N","121°19'54.80""E"
New Taipei City,,,25.062876,121.653965,"25°03'46.35""N","121°39'14.27""E"
New Taipei City,,,25.057039,121.494205,"25°03'25.34""N","121°29'39.14""E"
New Taipei City,,,25.149354,121.398985,"25°08'57.67""N","121°23'56.35""E"
New Taipei City,,,25.064693,121.655612,"25°03'52.89""N","121°39'20.20""E"
New Taipei City,,,25.06523,121.630842,"25°03'54.83""N","121°37'51.03""E"
New Taipei City,,,25.034109,121.454952,"25°02'02.79""N","121°27'17.83""E"
New Taipei City,,,25.034563,121.45566,"25°02'04.43""N","121°27'20.38""E"
New Taipei City,,,25.012188,121.509269,"25°00'43.88""N","121°30'33.37""E"
New Taipei City,,,25.000661,121.477748,"25°00'02.38""N","121°28'39.89""E"
New Taipei City,,,25.000733,121.477774,"25°00'02.64""N","121°28'39.99""E"
New Taipei City,,,25.00078,121.477792,"25°00'02.81""N","121°28'40.05""E"
New Taipei City,,,25.000827,121.47781,"25°00'02.98""N","121°28'40.12""E"
New Taipei City,,,25.000874,121.477828,"25°00'03.15""N","121°28'40.18""E"
New Taipei City,,,25.000921,121.477846,"25°00'03.32""N","121°28'40.25""E"
New Taipei City,,,24.929505,121.370994,"24°55'46.22""N","121°22'15.58""E"
New Taipei City,,,25.000145,121.477553,"25°00'00.52""N","121°28'39.19""E"
New Taipei City,,,25.000192,121.47757,"25°00'00.69""N","121°28'39.25""E"
New Taipei City,,,25.000239,121.477588,"25°00'00.86""N","121°28'39.32""E"
New Taipei City,,,25.000285,121.477606,"25°00'01.03""N","121°28'39.38""E"
New Taipei City,,,25.000332,121.477624,"25°00'01.20""N","121°28'39.45""E"
New Taipei City,,,25.000426,121.477659,"25°00'01.53""N","121°28'39.57""E"
New Taipei City,,,25.000473,121.477677,"25°00'01.70""N","121°28'39.64""E"
New Taipei City,,,25.00052,121.477695,"25°00'01.87""N","121°28'39.70""E"
New Taipei City,,,25.000567,121.477713,"25°00'02.04""N","121°28'39.77""E"
New Taipei City,,,25.000614,121.47773,"25°00'02.21""N","121°28'39.83""E"
New Taipei City,,,25.048422,121.489483,"25°02'54.32""N","121°29'22.14""E"
New Taipei City,,,24.975946,121.538722,"24°58'33.41""N","121°32'19.40""E"
New Taipei City,,,25.089728,121.459378,"25°05'23.02""N","121°27'33.76""E"
New Taipei City,,,25.065773,121.490248,"25°03'56.78""N","121°29'24.89""E"
New Taipei City,,,25.065751,121.490297,"25°03'56.70""N","121°29'25.07""E"
New Taipei City,,,25.066552,121.494794,"25°03'59.59""N","121°29'41.26""E"
New Taipei City,,,25.066587,121.494675,"25°03'59.71""N","121°29'40.83""E"
New Taipei City,,,25.066672,121.49442,"25°04'00.02""N","121°29'39.91""E"
New Taipei City,,,25.08657,121.460152,"25°05'11.65""N","121°27'36.55""E"
New Taipei City,,,25.00735,121.483094,"25°00'26.46""N","121°28'59.14""E"
New Taipei City,,,25.007633,121.482918,"25°00'27.48""N","121°28'58.50""E"
New Taipei City,,,25.007676,121.482891,"25°00'27.63""N","121°28'58.41""E"
New Taipei City,,,25.087057,121.459895,"25°05'13.41""N","121°27'35.62""E"
New Taipei City,,,25.087195,121.459822,"25°05'13.90""N","121°27'35.36""E"
New Taipei City,,,25.087243,121.459798,"25°05'14.07""N","121°27'35.27""E"
New Taipei City,,,25.059164,121.486612,"25°03'32.99""N","121°29'11.80""E"
New Taipei City,,,25.059209,121.486613,"25°03'33.15""N","121°29'11.81""E"
New Taipei City,,,25.059254,121.486615,"25°03'33.31""N","121°29'11.81""E"
New Taipei City,,,25.059299,121.486616,"25°03'33.48""N","121°29'11.82""E"
New Taipei City,,,25.087802,121.459572,"25°05'16.09""N","121°27'34.46""E"
New Taipei City,,,25.087851,121.459563,"25°05'16.26""N","121°27'34.43""E"
New Taipei City,,,25.087938,121.459551,"25°05'16.58""N","121°27'34.38""E"
New Taipei City,,,25.088089,121.459375,"25°05'17.12""N","121°27'33.75""E"
New Taipei City,,,25.087711,121.459416,"25°05'15.76""N","121°27'33.90""E"
New Taipei City,,,25.087663,121.459431,"25°05'15.59""N","121°27'33.95""E"
New Taipei City,,,25.087759,121.459404,"25°05'15.93""N","121°27'33.85""E"
New Taipei City,,,25.087468,121.459506,"25°05'14.88""N","121°27'34.22""E"
New Taipei City,,,25.087147,121.459679,"25°05'13.73""N","121°27'34.84""E"
New Taipei City,,,25.087099,121.459704,"25°05'13.56""N","121°27'34.93""E"
New Taipei City,,,25.086444,121.460053,"25°05'11.20""N","121°27'36.19""E"
New Taipei City,,,25.086486,121.460029,"25°05'11.35""N","121°27'36.10""E"
New Taipei City,,,25.083517,121.462469,"25°05'00.66""N","121°27'44.89""E"
New Taipei City,,,24.946675,121.384405,"24°56'48.03""N","121°23'03.86""E"
New Taipei City,,,24.945851,121.38069,"24°56'45.06""N","121°22'50.48""E"
New Taipei City,,,24.942082,121.374706,"24°56'31.50""N","121°22'28.94""E"
New Taipei City,,,24.9467,121.384612,"24°56'48.12""N","121°23'04.60""E"
New Taipei City,,,24.945869,121.380741,"24°56'45.13""N","121°22'50.67""E"
New Taipei City,,,24.946168,121.382563,"24°56'46.20""N","121°22'57.23""E"
New Taipei City,,,24.945834,121.380639,"24°56'45.00""N","121°22'50.30""E"
New Taipei City,,,24.946286,121.383191,"24°56'46.63""N","121°22'59.49""E"
New Taipei City,,,24.945816,121.380588,"24°56'44.94""N","121°22'50.12""E"
New Taipei City,,,24.946294,121.383245,"24°56'46.66""N","121°22'59.68""E"
New Taipei City,,,24.946099,121.381472,"24°56'45.96""N","121°22'53.30""E"
New Taipei City,,,24.946301,121.383299,"24°56'46.68""N","121°22'59.88""E"
New Taipei City,,,24.941931,121.374564,"24°56'30.95""N","121°22'28.43""E"
New Taipei City,,,24.946337,121.383553,"24°56'46.81""N","121°23'00.79""E"
New Taipei City,,,24.946345,121.383607,"24°56'46.84""N","121°23'00.99""E"
New Taipei City,,,24.946447,121.384509,"24°56'47.21""N","121°23'04.23""E"
New Taipei City,,,24.946359,121.383715,"24°56'46.89""N","121°23'01.37""E"
New Taipei City,,,25.044521,121.464885,"25°02'40.28""N","121°27'53.59""E"
New Taipei City,,,25.044518,121.464939,"25°02'40.26""N","121°27'53.78""E"
New Taipei City,,,25.054583,121.488465,"25°03'16.50""N","121°29'18.47""E"
New Taipei City,,,24.946367,121.383769,"24°56'46.92""N","121°23'01.57""E"
New Taipei City,,,24.946374,121.383823,"24°56'46.95""N","121°23'01.76""E"
New Taipei City,,,24.946199,121.382707,"24°56'46.32""N","121°22'57.75""E"
New Taipei City,,,24.944691,121.378084,"24°56'40.89""N","121°22'41.10""E"
New Taipei City,,,24.945699,121.380866,"24°56'44.52""N","121°22'51.12""E"
New Taipei City,,,24.945886,121.380792,"24°56'45.19""N","121°22'50.85""E"
New Taipei City,,,24.945904,121.380844,"24°56'45.25""N","121°22'51.04""E"
New Taipei City,,,24.945681,121.380816,"24°56'44.45""N","121°22'50.94""E"
New Taipei City,,,24.945792,121.381151,"24°56'44.85""N","121°22'52.14""E"
New Taipei City,,,24.945808,121.381203,"24°56'44.91""N","121°22'52.33""E"
New Taipei City,,,24.945824,121.381255,"24°56'44.97""N","121°22'52.52""E"
New Taipei City,,,24.94584,121.381306,"24°56'45.02""N","121°22'52.70""E"
New Taipei City,,,24.952048,121.343708,"24°57'07.37""N","121°20'37.35""E"
New Taipei City,,,24.952068,121.343758,"24°57'07.44""N","121°20'37.53""E"
New Taipei City,,,24.951903,121.343347,"24°57'06.85""N","121°20'36.05""E"
New Taipei City,,,24.951923,121.343397,"24°57'06.92""N","121°20'36.23""E"
New Taipei City,,,24.951708,121.342886,"24°57'06.15""N","121°20'34.39""E"
New Taipei City,,,24.951729,121.342935,"24°57'06.22""N","121°20'34.57""E"
New Taipei City,,,24.951535,121.342488,"24°57'05.53""N","121°20'32.96""E"
New Taipei City,,,24.951513,121.342439,"24°57'05.45""N","121°20'32.78""E"
New Taipei City,,,24.951818,121.343142,"24°57'06.54""N","121°20'35.31""E"
New Taipei City,,,24.95186,121.343241,"24°57'06.70""N","121°20'35.67""E"
New Taipei City,,,24.951797,121.343093,"24°57'06.47""N","121°20'35.13""E"
New Taipei City,,,24.951839,121.343191,"24°57'06.62""N","121°20'35.49""E"
New Taipei City,,,24.95175,121.342985,"24°57'06.30""N","121°20'34.75""E"
New Taipei City,,,24.951772,121.343034,"24°57'06.38""N","121°20'34.92""E"
New Taipei City,,,24.950556,121.340726,"24°57'02.00""N","121°20'26.61""E"
New Taipei City,,,24.950586,121.340769,"24°57'02.11""N","121°20'26.77""E"
New Taipei City,,,24.950074,121.340014,"24°57'00.27""N","121°20'24.05""E"
New Taipei City,,,24.95004,121.339968,"24°57'00.14""N","121°20'23.88""E"
New Taipei City,,,24.950652,121.340864,"24°57'02.35""N","121°20'27.11""E"
New Taipei City,,,24.950682,121.340907,"24°57'02.46""N","121°20'27.27""E"
New Taipei City,,,24.950712,121.34095,"24°57'02.56""N","121°20'27.42""E"
New Taipei City,,,24.950617,121.340812,"24°57'02.22""N","121°20'26.92""E"
New Taipei City,,,24.950831,121.341124,"24°57'02.99""N","121°20'28.05""E"
New Taipei City,,,24.950802,121.341082,"24°57'02.89""N","121°20'27.90""E"
New Taipei City,,,24.950772,121.341038,"24°57'02.78""N","121°20'27.74""E"
New Taipei City,,,24.951029,121.341417,"24°57'03.70""N","121°20'29.10""E"
New Taipei City,,,25.093597,121.444611,"25°05'36.95""N","121°26'40.60""E"
New Taipei City,,,25.008862,121.430393,"25°00'31.90""N","121°25'49.41""E"
New Taipei City,,,25.008829,121.430434,"25°00'31.78""N","121°25'49.56""E"
New Taipei City,,,25.008797,121.430476,"25°00'31.67""N","121°25'49.71""E"
New Taipei City,,,25.008943,121.430478,"25°00'32.19""N","121°25'49.72""E"
New Taipei City,,,25.00902,121.430373,"25°00'32.47""N","121°25'49.34""E"
New Taipei City,,,25.009052,121.43033,"25°00'32.59""N","121°25'49.19""E"
New Taipei City,,,25.009083,121.430288,"25°00'32.70""N","121°25'49.04""E"
New Taipei City,,,25.009114,121.430246,"25°00'32.81""N","121°25'48.89""E"
New Taipei City,,,25.009146,121.430204,"25°00'32.93""N","121°25'48.73""E"
New Taipei City,,,25.009594,121.429622,"25°00'34.54""N","121°25'46.64""E"
New Taipei City,,,25.04443,121.460912,"25°02'39.95""N","121°27'39.28""E"
New Taipei City,,,25.044431,121.461021,"25°02'39.95""N","121°27'39.68""E"
New Taipei City,,,25.044428,121.460803,"25°02'39.94""N","121°27'38.89""E"
New Taipei City,,,25.04443,121.460967,"25°02'39.95""N","121°27'39.48""E"
New Taipei City,,,25.044429,121.460858,"25°02'39.94""N","121°27'39.09""E"
New Taipei City,,,25.048635,121.465671,"25°02'55.09""N","121°27'56.42""E"
New Taipei City,,,25.045362,121.465442,"25°02'43.30""N","121°27'55.59""E"
New Taipei City,,,25.04546,121.465461,"25°02'43.66""N","121°27'55.66""E"
New Taipei City,,,25.048684,121.465676,"25°02'55.26""N","121°27'56.43""E"
New Taipei City,,,25.048576,121.465666,"25°02'54.87""N","121°27'56.40""E"
New Taipei City,,,25.044455,121.462083,"25°02'40.04""N","121°27'43.50""E"
New Taipei City,,,25.044518,121.464007,"25°02'40.26""N","121°27'50.43""E"
New Taipei City,,,25.044521,121.464135,"25°02'40.28""N","121°27'50.89""E"
New Taipei City,,,25.044529,121.464776,"25°02'40.30""N","121°27'53.19""E"
New Taipei City,,,25.044525,121.464831,"25°02'40.29""N","121°27'53.39""E"
New Taipei City,,,25.043283,121.450695,"25°02'35.82""N","121°27'02.50""E"
New Taipei City,,,25.043291,121.450744,"25°02'35.85""N","121°27'02.68""E"
New Taipei City,,,25.043303,121.450802,"25°02'35.89""N","121°27'02.89""E"
New Taipei City,,,25.043311,121.45085,"25°02'35.92""N","121°27'03.06""E"
New Taipei City,,,25.043331,121.450957,"25°02'35.99""N","121°27'03.45""E"
New Taipei City,,,25.043341,121.451016,"25°02'36.03""N","121°27'03.66""E"
New Taipei City,,,25.049339,121.454015,"25°02'57.62""N","121°27'14.45""E"
New Taipei City,,,25.005748,121.432303,"25°00'20.69""N","121°25'56.29""E"
New Taipei City,,,25.005725,121.43226,"25°00'20.61""N","121°25'56.14""E"
New Taipei City,,,25.000299,121.46862,"25°00'01.08""N","121°28'07.03""E"
New Taipei City,,,25.005771,121.432345,"25°00'20.78""N","121°25'56.44""E"
New Taipei City,,,25.065736,121.456328,"25°03'56.65""N","121°27'22.78""E"
New Taipei City,,,25.065773,121.456365,"25°03'56.78""N","121°27'22.91""E"
New Taipei City,,,25.073006,121.43551,"25°04'22.82""N","121°26'07.84""E"
New Taipei City,,,25.039731,121.450218,"25°02'23.03""N","121°27'00.78""E"
New Taipei City,,,25.004014,121.429373,"25°00'14.45""N","121°25'45.74""E"
New Taipei City,,,25.004062,121.429468,"25°00'14.62""N","121°25'46.08""E"
New Taipei City,,,25.004087,121.429515,"25°00'14.71""N","121°25'46.25""E"
New Taipei City,,,25.004111,121.429563,"25°00'14.80""N","121°25'46.43""E"
New Taipei City,,,25.004136,121.42961,"25°00'14.89""N","121°25'46.60""E"
New Taipei City,,,25.004038,121.429421,"25°00'14.54""N","121°25'45.92""E"
New Taipei City,,,25.004496,121.430293,"25°00'16.19""N","121°25'49.05""E"
New Taipei City,,,25.004605,121.430508,"25°00'16.58""N","121°25'49.83""E"
New Taipei City,,,25.004724,121.430747,"25°00'17.01""N","121°25'50.69""E"
New Taipei City,,,25.005368,121.431896,"25°00'19.32""N","121°25'54.83""E"
New Taipei City,,,25.004048,121.429117,"25°00'14.57""N","121°25'44.82""E"
New Taipei City,,,25.004093,121.429204,"25°00'14.73""N","121°25'45.13""E"
New Taipei City,,,24.970551,121.333508,"24°58'13.98""N","121°20'00.63""E"
New Taipei City,,,24.970509,121.333537,"24°58'13.83""N","121°20'00.73""E"
New Taipei City,,,25.017199,121.423967,"25°01'01.92""N","121°25'26.28""E"
New Taipei City,,,25.017144,121.423959,"25°01'01.72""N","121°25'26.25""E"
New Taipei City,,,25.016843,121.423918,"25°01'00.63""N","121°25'26.10""E"
New Taipei City,,,25.016888,121.423925,"25°01'00.80""N","121°25'26.13""E"
New Taipei City,,,25.016794,121.423913,"25°01'00.46""N","121°25'26.09""E"
New Taipei City,,,25.016749,121.423907,"25°01'00.30""N","121°25'26.07""E"
New Taipei City,,,25.016654,121.423893,"25°00'59.95""N","121°25'26.01""E"
New Taipei City,,,25.016699,121.4239,"25°01'00.12""N","121°25'26.04""E"
New Taipei City,,,25.0166,121.423884,"25°00'59.76""N","121°25'25.98""E"
New Taipei City,,,25.016556,121.423874,"25°00'59.60""N","121°25'25.95""E"
New Taipei City,,,25.016457,121.423851,"25°00'59.25""N","121°25'25.86""E"
New Taipei City,,,25.016501,121.423861,"25°00'59.40""N","121°25'25.90""E"
New Taipei City,,,25.016404,121.423839,"25°00'59.05""N","121°25'25.82""E"
New Taipei City,,,25.083556,121.462428,"25°05'00.80""N","121°27'44.74""E"
New Taipei City,,,25.083438,121.462343,"25°05'00.38""N","121°27'44.43""E"
New Taipei City,,,25.083474,121.462306,"25°05'00.51""N","121°27'44.30""E"
New Taipei City,,,25.082707,121.463291,"25°04'57.75""N","121°27'47.85""E"
New Taipei City,,,25.082744,121.463255,"25°04'57.88""N","121°27'47.72""E"
New Taipei City,,,25.082781,121.463219,"25°04'58.01""N","121°27'47.59""E"
New Taipei City,,,25.082827,121.463174,"25°04'58.18""N","121°27'47.43""E"
New Taipei City,,,25.082995,121.463008,"25°04'58.78""N","121°27'46.83""E"
New Taipei City,,,25.088475,121.466415,"25°05'18.51""N","121°27'59.09""E"
New Taipei City,,,25.088436,121.46645,"25°05'18.37""N","121°27'59.22""E"
New Taipei City,,,25.088397,121.466483,"25°05'18.23""N","121°27'59.34""E"
New Taipei City,,,25.088358,121.466517,"25°05'18.09""N","121°27'59.46""E"
New Taipei City,,,25.082049,121.463941,"25°04'55.38""N","121°27'50.19""E"
New Taipei City,,,25.082083,121.463902,"25°04'55.50""N","121°27'50.05""E"
New Taipei City,,,25.082263,121.463726,"25°04'56.15""N","121°27'49.41""E"
New Taipei City,,,25.082437,121.46336,"25°04'56.77""N","121°27'48.10""E"
New Taipei City,,,25.082292,121.463502,"25°04'56.25""N","121°27'48.61""E"
New Taipei City,,,25.07826,121.483674,"25°04'41.74""N","121°29'01.23""E"
New Taipei City,,,25.078234,121.483721,"25°04'41.64""N","121°29'01.40""E"
New Taipei City,,,25.060773,121.486894,"25°03'38.78""N","121°29'12.82""E"
New Taipei City,,,25.060867,121.486657,"25°03'39.12""N","121°29'11.97""E"
New Taipei City,,,25.060912,121.486659,"25°03'39.28""N","121°29'11.97""E"
New Taipei City,,,25.060653,121.486651,"25°03'38.35""N","121°29'11.94""E"
New Taipei City,,,25.060608,121.48665,"25°03'38.19""N","121°29'11.94""E"
New Taipei City,,,25.060545,121.486649,"25°03'37.96""N","121°29'11.94""E"
New Taipei City,,,25.067416,121.500701,"25°04'02.70""N","121°30'02.52""E"
New Taipei City,,,25.067709,121.500374,"25°04'03.75""N","121°30'01.35""E"
New Taipei City,,,25.067808,121.500264,"25°04'04.11""N","121°30'00.95""E"
New Taipei City,,,25.072304,121.49387,"25°04'20.29""N","121°29'37.93""E"
New Taipei City,,,25.072232,121.493974,"25°04'20.04""N","121°29'38.31""E"
New Taipei City,,,24.951,121.341373,"24°57'03.60""N","121°20'28.94""E"
New Taipei City,,,24.951085,121.341507,"24°57'03.91""N","121°20'29.43""E"
New Taipei City,,,24.951057,121.341462,"24°57'03.81""N","121°20'29.26""E"
New Taipei City,,,24.951115,121.341569,"24°57'04.01""N","121°20'29.65""E"
New Taipei City,,,24.951165,121.341664,"24°57'04.19""N","121°20'29.99""E"
New Taipei City,,,24.95119,121.341711,"24°57'04.28""N","121°20'30.16""E"
New Taipei City,,,24.95124,121.341805,"24°57'04.46""N","121°20'30.50""E"
New Taipei City,,,24.95132,121.341965,"24°57'04.75""N","121°20'31.07""E"
New Taipei City,,,24.951297,121.341917,"24°57'04.67""N","121°20'30.90""E"
New Taipei City,,,24.951273,121.341869,"24°57'04.58""N","121°20'30.73""E"
New Taipei City,,,24.950868,121.341177,"24°57'03.12""N","121°20'28.24""E"
New Taipei City,,,24.950926,121.341265,"24°57'03.33""N","121°20'28.55""E"
New Taipei City,,,24.950897,121.341221,"24°57'03.23""N","121°20'28.40""E"
New Taipei City,,,24.950006,121.339922,"24°57'00.02""N","121°20'23.72""E"
New Taipei City,,,24.951215,121.341758,"24°57'04.37""N","121°20'30.33""E"
New Taipei City,,,24.95114,121.341616,"24°57'04.10""N","121°20'29.82""E"
New Taipei City,,,24.949971,121.339876,"24°56'59.90""N","121°20'23.55""E"
New Taipei City,,,24.949887,121.339575,"24°56'59.59""N","121°20'22.47""E"
New Taipei City,,,24.949826,121.33949,"24°56'59.37""N","121°20'22.16""E"
New Taipei City,,,24.949856,121.339533,"24°56'59.48""N","121°20'22.32""E"
New Taipei City,,,24.950086,121.339869,"24°57'00.31""N","121°20'23.53""E"
New Taipei City,,,24.950057,121.339826,"24°57'00.21""N","121°20'23.37""E"
New Taipei City,,,24.950021,121.339772,"24°57'00.08""N","121°20'23.18""E"
New Taipei City,,,24.95141,121.341944,"24°57'05.08""N","121°20'31.00""E"
New Taipei City,,,24.951377,121.341866,"24°57'04.96""N","121°20'30.72""E"
New Taipei City,,,24.95133,121.34177,"24°57'04.79""N","121°20'30.37""E"
New Taipei City,,,24.951353,121.341818,"24°57'04.87""N","121°20'30.54""E"
New Taipei City,,,25.005291,121.62305,"25°00'19.05""N","121°37'22.98""E"
New Taipei City,,,25.005351,121.6232,"25°00'19.26""N","121°37'23.52""E"
New Taipei City,,,25.069698,121.369824,"25°04'10.91""N","121°22'11.37""E"
New Taipei City,,,25.175509,121.429959,"25°10'31.83""N","121°25'47.85""E"
New Taipei City,,,25.175524,121.429483,"25°10'31.89""N","121°25'46.14""E"
New Taipei City,,,25.175526,121.429364,"25°10'31.89""N","121°25'45.71""E"
New Taipei City,,,25.175524,121.429542,"25°10'31.89""N","121°25'46.35""E"
New Taipei City,,,25.006468,121.482421,"25°00'23.28""N","121°28'56.72""E"
New Taipei City,,,25.175542,121.429186,"25°10'31.95""N","121°25'45.07""E"
New Taipei City,,,24.992525,121.502706,"24°59'33.09""N","121°30'09.74""E"
New Taipei City,,,24.980872,121.425691,"24°58'51.14""N","121°25'32.49""E"
New Taipei City,,,25.175535,121.429245,"25°10'31.93""N","121°25'45.28""E"
New Taipei City,,,25.175581,121.429011,"25°10'32.09""N","121°25'44.44""E"
New Taipei City,,,24.980823,121.425701,"24°58'50.96""N","121°25'32.52""E"
New Taipei City,,,24.980774,121.425711,"24°58'50.79""N","121°25'32.56""E"
New Taipei City,,,24.980725,121.425721,"24°58'50.61""N","121°25'32.60""E"
New Taipei City,,,24.980969,121.425668,"24°58'51.49""N","121°25'32.40""E"
New Taipei City,,,24.98092,121.425679,"24°58'51.31""N","121°25'32.44""E"
New Taipei City,,,25.086176,121.46837,"25°05'10.23""N","121°28'06.13""E"
New Taipei City,,,25.08605,121.468457,"25°05'09.78""N","121°28'06.45""E"
New Taipei City,,,24.981439,121.425559,"24°58'53.18""N","121°25'32.01""E"
New Taipei City,,,24.98139,121.42557,"24°58'53.00""N","121°25'32.05""E"
New Taipei City,,,24.981342,121.425581,"24°58'52.83""N","121°25'32.09""E"
New Taipei City,,,24.981293,121.425592,"24°58'52.65""N","121°25'32.13""E"
New Taipei City,,,24.991728,121.45316,"24°59'30.22""N","121°27'11.38""E"
New Taipei City,,,24.98063,121.425739,"24°58'50.27""N","121°25'32.66""E"
New Taipei City,,,24.980538,121.425757,"24°58'49.94""N","121°25'32.73""E"
New Taipei City,,,24.980489,121.425766,"24°58'49.76""N","121°25'32.76""E"
New Taipei City,,,24.98044,121.425774,"24°58'49.58""N","121°25'32.79""E"
New Taipei City,,,24.980391,121.425783,"24°58'49.41""N","121°25'32.82""E"
New Taipei City,,,24.980342,121.425793,"24°58'49.23""N","121°25'32.85""E"
New Taipei City,,,24.980448,121.425919,"24°58'49.61""N","121°25'33.31""E"
New Taipei City,,,25.08635,121.468248,"25°05'10.86""N","121°28'05.69""E"
New Taipei City,,,25.003318,121.523997,"25°00'11.94""N","121°31'26.39""E"
New Taipei City,,,25.003782,121.488119,"25°00'13.62""N","121°29'17.23""E"
New Taipei City,,,25.068307,121.481363,"25°04'05.91""N","121°28'52.91""E"
New Taipei City,,,24.993757,121.467841,"24°59'37.53""N","121°28'04.23""E"
New Taipei City,,,24.993726,121.467799,"24°59'37.41""N","121°28'04.08""E"
New Taipei City,,,24.99397,121.468119,"24°59'38.29""N","121°28'05.23""E"
New Taipei City,,,25.012171,121.509065,"25°00'43.82""N","121°30'32.63""E"
New Taipei City,,,25.012138,121.509015,"25°00'43.70""N","121°30'32.45""E"
New Taipei City,,,24.978844,121.538821,"24°58'43.84""N","121°32'19.76""E"
New Taipei City,,,24.978729,121.538926,"24°58'43.42""N","121°32'20.13""E"
New Taipei City,,,25.052218,121.455339,"25°03'07.98""N","121°27'19.22""E"
New Taipei City,,,25.052223,121.455517,"25°03'08.00""N","121°27'19.86""E"
New Taipei City,,,25.014383,121.508174,"25°00'51.78""N","121°30'29.43""E"
New Taipei City,,,25.075242,121.468901,"25°04'30.87""N","121°28'08.04""E"
New Taipei City,,,25.088176,121.487501,"25°05'17.43""N","121°29'15.00""E"
New Taipei City,,,25.055985,121.656691,"25°03'21.55""N","121°39'24.09""E"
New Taipei City,,,25.055761,121.656806,"25°03'20.74""N","121°39'24.50""E"
New Taipei City,,,25.070142,121.628717,"25°04'12.51""N","121°37'43.38""E"
New Taipei City,,,25.071711,121.463856,"25°04'18.16""N","121°27'49.88""E"
New Taipei City,,,25.069201,121.479064,"25°04'09.12""N","121°28'44.63""E"
New Taipei City,,,25.069212,121.479011,"25°04'09.16""N","121°28'44.44""E"
New Taipei City,,,25.073727,121.494627,"25°04'25.42""N","121°29'40.66""E"
New Taipei City,,,25.07138,121.635124,"25°04'16.97""N","121°38'06.45""E"
New Taipei City,,,24.994773,121.492687,"24°59'41.18""N","121°29'33.67""E"
New Taipei City,,,25.132362,121.450513,"25°07'56.50""N","121°27'01.85""E"
New Taipei City,,,25.132416,121.450509,"25°07'56.70""N","121°27'01.83""E"
New Taipei City,,,25.083455,121.376991,"25°05'00.44""N","121°22'37.17""E"
New Taipei City,,,25.083499,121.377025,"25°05'00.60""N","121°22'37.29""E"
New Taipei City,,,25.079694,121.379728,"25°04'46.90""N","121°22'47.02""E"
New Taipei City,,,25.044513,121.46379,"25°02'40.25""N","121°27'49.64""E"
New Taipei City,,,25.054437,121.453519,"25°03'15.97""N","121°27'12.67""E"
New Taipei City,,,25.005223,121.431632,"25°00'18.80""N","121°25'53.88""E"
New Taipei City,,,25.049338,121.453961,"25°02'57.62""N","121°27'14.26""E"
New Taipei City,,,25.162808,121.418126,"25°09'46.11""N","121°25'05.25""E"
New Taipei City,,,24.945998,121.381862,"24°56'45.59""N","121°22'54.70""E"
New Taipei City,,,24.943929,121.377229,"24°56'38.14""N","121°22'38.02""E"
New Taipei City,,,24.945388,121.379496,"24°56'43.40""N","121°22'46.19""E"
New Taipei City,,,24.9439,121.377185,"24°56'38.04""N","121°22'37.87""E"
New Taipei City,,,24.943615,121.37641,"24°56'37.01""N","121°22'35.08""E"
New Taipei City,,,24.943477,121.376226,"24°56'36.52""N","121°22'34.41""E"
New Taipei City,,,24.945367,121.379447,"24°56'43.32""N","121°22'46.01""E"
New Taipei City,,,25.162648,121.419724,"25°09'45.53""N","121°25'11.01""E"
New Taipei City,,,24.943341,121.376386,"24°56'36.03""N","121°22'34.99""E"
New Taipei City,,,24.943372,121.376429,"24°56'36.14""N","121°22'35.14""E"
New Taipei City,,,24.943403,121.376471,"24°56'36.25""N","121°22'35.30""E"
New Taipei City,,,24.945346,121.379398,"24°56'43.25""N","121°22'45.83""E"
New Taipei City,,,24.945303,121.3793,"24°56'43.09""N","121°22'45.48""E"
New Taipei City,,,24.944969,121.379072,"24°56'41.89""N","121°22'44.66""E"
New Taipei City,,,24.944305,121.377428,"24°56'39.50""N","121°22'38.74""E"
New Taipei City,,,24.944277,121.377383,"24°56'39.40""N","121°22'38.58""E"
New Taipei City,,,24.944059,121.377047,"24°56'38.61""N","121°22'37.37""E"
New Taipei City,,,24.946162,121.381688,"24°56'46.18""N","121°22'54.08""E"
New Taipei City,,,24.943247,121.376265,"24°56'35.69""N","121°22'34.55""E"
New Taipei City,,,24.94403,121.377003,"24°56'38.51""N","121°22'37.21""E"
New Taipei City,,,24.944853,121.378829,"24°56'41.47""N","121°22'43.78""E"
New Taipei City,,,24.945856,121.381358,"24°56'45.08""N","121°22'52.89""E"
New Taipei City,,,24.945304,121.379819,"24°56'43.09""N","121°22'47.35""E"
New Taipei City,,,24.945325,121.379868,"24°56'43.17""N","121°22'47.52""E"
New Taipei City,,,24.946023,121.381953,"24°56'45.68""N","121°22'55.03""E"
New Taipei City,,,24.946589,121.38373,"24°56'47.72""N","121°23'01.43""E"
New Taipei City,,,24.946309,121.383353,"24°56'46.71""N","121°23'00.07""E"
New Taipei City,,,24.958875,121.512487,"24°57'31.95""N","121°30'44.95""E"
New Taipei City,,,24.976275,121.539013,"24°58'34.59""N","121°32'20.45""E"
New Taipei City,,,24.97631,121.539044,"24°58'34.72""N","121°32'20.56""E"
New Taipei City,,,24.976381,121.539105,"24°58'34.97""N","121°32'20.78""E"
New Taipei City,,,24.976345,121.539075,"24°58'34.84""N","121°32'20.67""E"
New Taipei City,,,24.976452,121.539167,"24°58'35.23""N","121°32'21.00""E"
New Taipei City,,,24.976416,121.539136,"24°58'35.10""N","121°32'20.89""E"
New Taipei City,,,24.97603,121.538797,"24°58'33.71""N","121°32'19.67""E"
New Taipei City,,,24.976065,121.538828,"24°58'33.83""N","121°32'19.78""E"
New Taipei City,,,24.976136,121.538889,"24°58'34.09""N","121°32'20.00""E"
New Taipei City,,,24.9761,121.538858,"24°58'33.96""N","121°32'19.89""E"
New Taipei City,,,24.976206,121.538951,"24°58'34.34""N","121°32'20.22""E"
New Taipei City,,,25.004188,121.470294,"25°00'15.08""N","121°28'13.06""E"
New Taipei City,,,24.960561,121.533608,"24°57'38.02""N","121°32'00.99""E"
New Taipei City,,,24.960579,121.533603,"24°57'38.08""N","121°32'00.97""E"
New Taipei City,,,24.960597,121.533598,"24°57'38.15""N","121°32'00.95""E"
New Taipei City,,,24.960614,121.533594,"24°57'38.21""N","121°32'00.94""E"
New Taipei City,,,24.960632,121.533589,"24°57'38.28""N","121°32'00.92""E"
New Taipei City,,,24.960649,121.533585,"24°57'38.34""N","121°32'00.91""E"
New Taipei City,,,24.960474,121.533631,"24°57'37.71""N","121°32'01.07""E"
New Taipei City,,,24.960491,121.533626,"24°57'37.77""N","121°32'01.05""E"
New Taipei City,,,24.960509,121.533622,"24°57'37.83""N","121°32'01.04""E"
New Taipei City,,,24.960526,121.533617,"24°57'37.89""N","121°32'01.02""E"
New Taipei City,,,24.960544,121.533612,"24°57'37.96""N","121°32'01.00""E"
New Taipei City,,,25.047873,121.489227,"25°02'52.34""N","121°29'21.22""E"
New Taipei City,,,24.975437,121.415803,"24°58'31.57""N","121°24'56.89""E"
New Taipei City,,,25.009658,121.470895,"25°00'34.77""N","121°28'15.22""E"
New Taipei City,,,24.975138,121.413277,"24°58'30.50""N","121°24'47.80""E"
New Taipei City,,,24.952983,121.542308,"24°57'10.74""N","121°32'32.31""E"
New Taipei City,,,25.067555,121.482244,"25°04'03.20""N","121°28'56.08""E"
New Taipei City,,,25.067487,121.482341,"25°04'02.95""N","121°28'56.43""E"
New Taipei City,,,25.067453,121.48239,"25°04'02.83""N","121°28'56.60""E"
New Taipei City,,,25.014085,121.425934,"25°00'50.71""N","121°25'33.36""E"
New Taipei City,,,25.08275,121.475517,"25°04'57.90""N","121°28'31.86""E"
New Taipei City,,,25.06895,121.469203,"25°04'08.22""N","121°28'09.13""E"
New Taipei City,,,24.980382,121.425928,"24°58'49.38""N","121°25'33.34""E"
New Taipei City,,,24.980508,121.425911,"24°58'49.83""N","121°25'33.28""E"
New Taipei City,,,24.980064,121.425944,"24°58'48.23""N","121°25'33.40""E"
New Taipei City,,,24.981245,121.425603,"24°58'52.48""N","121°25'32.17""E"
New Taipei City,,,24.981537,121.425536,"24°58'53.53""N","121°25'31.93""E"
New Taipei City,,,24.981197,121.425614,"24°58'52.31""N","121°25'32.21""E"
New Taipei City,,,24.981117,121.425633,"24°58'52.02""N","121°25'32.28""E"
New Taipei City,,,24.981068,121.425644,"24°58'51.84""N","121°25'32.32""E"
New Taipei City,,,25.111986,121.457947,"25°06'43.15""N","121°27'28.61""E"
New Taipei City,,,25.111998,121.457962,"25°06'43.19""N","121°27'28.66""E"
New Taipei City,,,25.11201,121.457977,"25°06'43.24""N","121°27'28.72""E"
New Taipei City,,,25.112046,121.458021,"25°06'43.37""N","121°27'28.88""E"
New Taipei City,,,25.11207,121.458051,"25°06'43.45""N","121°27'28.98""E"
New Taipei City,,,25.112082,121.458066,"25°06'43.50""N","121°27'29.04""E"
New Taipei City,,,25.004491,121.518455,"25°00'16.17""N","121°31'06.44""E"
New Taipei City,,,25.002758,121.488097,"25°00'09.93""N","121°29'17.15""E"
New Taipei City,,,25.002895,121.4881,"25°00'10.42""N","121°29'17.16""E"
New Taipei City,,,25.00297,121.488102,"25°00'10.69""N","121°29'17.17""E"
New Taipei City,,,25.112034,121.458006,"25°06'43.32""N","121°27'28.82""E"
New Taipei City,,,25.112058,121.458036,"25°06'43.41""N","121°27'28.93""E"
New Taipei City,,,25.112094,121.45808,"25°06'43.54""N","121°27'29.09""E"
New Taipei City,,,25.093561,121.447554,"25°05'36.82""N","121°26'51.19""E"
New Taipei City,,,25.112022,121.457991,"25°06'43.28""N","121°27'28.77""E"
New Taipei City,,,25.052268,121.466452,"25°03'08.16""N","121°27'59.23""E"
New Taipei City,,,24.992987,121.459816,"24°59'34.75""N","121°27'35.34""E"
New Taipei City,,,25.112106,121.458095,"25°06'43.58""N","121°27'29.14""E"
New Taipei City,,,25.161412,121.41786,"25°09'41.08""N","121°25'04.30""E"
New Taipei City,,,25.001183,121.477204,"25°00'04.26""N","121°28'37.93""E"
New Taipei City,,,25.052266,121.466699,"25°03'08.16""N","121°28'00.12""E"
New Taipei City,,,25.052268,121.466501,"25°03'08.16""N","121°27'59.40""E"
New Taipei City,,,25.052269,121.466402,"25°03'08.17""N","121°27'59.05""E"
New Taipei City,,,25.01636,121.423829,"25°00'58.90""N","121°25'25.78""E"
New Taipei City,,,25.016307,121.423816,"25°00'58.71""N","121°25'25.74""E"
New Taipei City,,,25.016065,121.423757,"25°00'57.83""N","121°25'25.53""E"
New Taipei City,,,25.016009,121.423744,"25°00'57.63""N","121°25'25.48""E"
New Taipei City,,,25.015911,121.423719,"25°00'57.28""N","121°25'25.39""E"
New Taipei City,,,25.015868,121.423707,"25°00'57.12""N","121°25'25.35""E"
New Taipei City,,,25.015815,121.423695,"25°00'56.93""N","121°25'25.30""E"
New Taipei City,,,25.015771,121.423684,"25°00'56.78""N","121°25'25.26""E"
New Taipei City,,,25.015713,121.42367,"25°00'56.57""N","121°25'25.21""E"
New Taipei City,,,25.015665,121.423666,"25°00'56.39""N","121°25'25.20""E"
New Taipei City,,,25.015567,121.423688,"25°00'56.04""N","121°25'25.28""E"
New Taipei City,,,25.01561,121.423675,"25°00'56.20""N","121°25'25.23""E"
New Taipei City,,,25.015504,121.423707,"25°00'55.81""N","121°25'25.35""E"
New Taipei City,,,25.015461,121.423721,"25°00'55.66""N","121°25'25.40""E"
New Taipei City,,,25.015418,121.423735,"25°00'55.50""N","121°25'25.45""E"
New Taipei City,,,25.015375,121.423748,"25°00'55.35""N","121°25'25.49""E"
New Taipei City,,,25.015276,121.423779,"25°00'54.99""N","121°25'25.60""E"
New Taipei City,,,25.01532,121.423766,"25°00'55.15""N","121°25'25.56""E"
New Taipei City,,,25.015219,121.423797,"25°00'54.79""N","121°25'25.67""E"
New Taipei City,,,25.015176,121.423811,"25°00'54.63""N","121°25'25.72""E"
New Taipei City,,,25.0059,121.482495,"25°00'21.24""N","121°28'56.98""E"
New Taipei City,,,25.005755,121.482462,"25°00'20.72""N","121°28'56.86""E"
New Taipei City,,,25.015246,121.423993,"25°00'54.89""N","121°25'26.37""E"
New Taipei City,,,25.016572,121.424079,"25°00'59.66""N","121°25'26.68""E"
New Taipei City,,,25.0153,121.423976,"25°00'55.08""N","121°25'26.31""E"
New Taipei City,,,25.015398,121.423945,"25°00'55.43""N","121°25'26.20""E"
New Taipei City,,,25.015739,121.423875,"25°00'56.66""N","121°25'25.95""E"
New Taipei City,,,25.015697,121.423864,"25°00'56.51""N","121°25'25.91""E"
New Taipei City,,,25.015795,121.423889,"25°00'56.86""N","121°25'26.00""E"
New Taipei City,,,25.015838,121.4239,"25°00'57.02""N","121°25'26.04""E"
New Taipei City,,,25.015894,121.423913,"25°00'57.22""N","121°25'26.09""E"
New Taipei City,,,25.015936,121.423923,"25°00'57.37""N","121°25'26.12""E"
New Taipei City,,,25.015994,121.423937,"25°00'57.58""N","121°25'26.17""E"
New Taipei City,,,25.016036,121.423948,"25°00'57.73""N","121°25'26.21""E"
New Taipei City,,,25.016133,121.423972,"25°00'58.08""N","121°25'26.30""E"
New Taipei City,,,25.049327,121.453685,"25°02'57.58""N","121°27'13.27""E"
New Taipei City,,,25.049281,121.454766,"25°02'57.41""N","121°27'17.16""E"
New Taipei City,,,25.049285,121.454871,"25°02'57.43""N","121°27'17.54""E"
New Taipei City,,,25.049292,121.455056,"25°02'57.45""N","121°27'18.20""E"
New Taipei City,,,25.049297,121.455186,"25°02'57.47""N","121°27'18.67""E"
New Taipei City,,,25.049393,121.455297,"25°02'57.81""N","121°27'19.07""E"
New Taipei City,,,25.049384,121.455141,"25°02'57.78""N","121°27'18.51""E"
New Taipei City,,,25.004898,121.519868,"25°00'17.63""N","121°31'11.52""E"
New Taipei City,,,25.004971,121.519942,"25°00'17.90""N","121°31'11.79""E"
New Taipei City,,,25.049373,121.454892,"25°02'57.74""N","121°27'17.61""E"
New Taipei City,,,25.04937,121.454814,"25°02'57.73""N","121°27'17.33""E"
New Taipei City,,,25.049367,121.454751,"25°02'57.72""N","121°27'17.10""E"
New Taipei City,,,25.091896,121.472895,"25°05'30.83""N","121°28'22.42""E"
New Taipei City,,,25.087901,121.474109,"25°05'16.44""N","121°28'26.79""E"
New Taipei City,,,25.008519,121.431004,"25°00'30.67""N","121°25'51.61""E"
New Taipei City,,,25.017492,121.42648,"25°01'02.97""N","121°25'35.33""E"
New Taipei City,,,25.017612,121.426516,"25°01'03.40""N","121°25'35.46""E"
New Taipei City,,,25.044207,121.455854,"25°02'39.15""N","121°27'21.07""E"
New Taipei City,,,25.044219,121.455152,"25°02'39.19""N","121°27'18.55""E"
New Taipei City,,,25.044199,121.45504,"25°02'39.12""N","121°27'18.14""E"
New Taipei City,,,25.087794,121.474381,"25°05'16.06""N","121°28'27.77""E"
New Taipei City,,,25.034761,121.438973,"25°02'05.14""N","121°26'20.30""E"
New Taipei City,,,25.034781,121.438923,"25°02'05.21""N","121°26'20.12""E"
New Taipei City,,,25.087801,121.47423,"25°05'16.08""N","121°28'27.23""E"
New Taipei City,,,25.087768,121.474272,"25°05'15.96""N","121°28'27.38""E"
New Taipei City,,,25.034851,121.438749,"25°02'05.46""N","121°26'19.50""E"
New Taipei City,,,25.087635,121.474434,"25°05'15.49""N","121°28'27.96""E"
New Taipei City,,,25.037384,121.434202,"25°02'14.58""N","121°26'03.13""E"
New Taipei City,,,25.037357,121.434248,"25°02'14.49""N","121°26'03.29""E"
New Taipei City,,,25.037166,121.434566,"25°02'13.80""N","121°26'04.44""E"
New Taipei City,,,25.037138,121.434611,"25°02'13.70""N","121°26'04.60""E"
New Taipei City,,,25.037111,121.434657,"25°02'13.60""N","121°26'04.77""E"
New Taipei City,,,25.036837,121.435112,"25°02'12.61""N","121°26'06.40""E"
New Taipei City,,,25.036783,121.435203,"25°02'12.42""N","121°26'06.73""E"
New Taipei City,,,25.036755,121.435248,"25°02'12.32""N","121°26'06.89""E"
New Taipei City,,,25.070513,121.370182,"25°04'13.85""N","121°22'12.66""E"
New Taipei City,,,25.084583,121.488039,"25°05'04.50""N","121°29'16.94""E"
New Taipei City,,,24.990348,121.491586,"24°59'25.25""N","121°29'29.71""E"
New Taipei City,,,24.990432,121.491622,"24°59'25.56""N","121°29'29.84""E"
New Taipei City,,,25.074995,121.47052,"25°04'29.98""N","121°28'13.87""E"
New Taipei City,,,25.074956,121.470734,"25°04'29.84""N","121°28'14.64""E"
New Taipei City,,,25.095184,121.447405,"25°05'42.66""N","121°26'50.66""E"
New Taipei City,,,25.088229,121.487417,"25°05'17.62""N","121°29'14.70""E"
New Taipei City,,,25.071011,121.373303,"25°04'15.64""N","121°22'23.89""E"
New Taipei City,,,25.070945,121.373215,"25°04'15.40""N","121°22'23.57""E"
New Taipei City,,,25.070885,121.373133,"25°04'15.19""N","121°22'23.28""E"
New Taipei City,,,25.07131,121.373254,"25°04'16.72""N","121°22'23.71""E"
New Taipei City,,,25.076415,121.373957,"25°04'35.09""N","121°22'26.25""E"
New Taipei City,,,25.076776,121.500288,"25°04'36.39""N","121°30'01.04""E"
New Taipei City,,,25.075881,121.470249,"25°04'33.17""N","121°28'12.90""E"
New Taipei City,,,25.062084,121.623594,"25°03'43.50""N","121°37'24.94""E"
New Taipei City,,,25.061565,121.623702,"25°03'41.63""N","121°37'25.33""E"
New Taipei City,,,25.061519,121.623722,"25°03'41.47""N","121°37'25.40""E"
New Taipei City,,,25.06122,121.623862,"25°03'40.39""N","121°37'25.90""E"
New Taipei City,,,24.998598,121.431053,"24°59'54.95""N","121°25'51.79""E"
New Taipei City,,,24.998641,121.431085,"24°59'55.11""N","121°25'51.91""E"
New Taipei City,,,25.067028,121.642398,"25°04'01.30""N","121°38'32.63""E"
New Taipei City,,,25.085253,121.380646,"25°05'06.91""N","121°22'50.33""E"
New Taipei City,,,25.084214,121.380355,"25°05'03.17""N","121°22'49.28""E"
New Taipei City,,,25.1872,121.435998,"25°11'13.92""N","121°26'09.59""E"
New Taipei City,,,25.187146,121.436001,"25°11'13.73""N","121°26'09.60""E"
New Taipei City,,,25.088141,121.487463,"25°05'17.31""N","121°29'14.87""E"
New Taipei City,,,25.18783,121.438485,"25°11'16.19""N","121°26'18.55""E"
New Taipei City,,,25.219271,121.636826,"25°13'09.38""N","121°38'12.57""E"
New Taipei City,,,25.149117,121.398659,"25°08'56.82""N","121°23'55.17""E"
New Taipei City,,,25.089285,121.460389,"25°05'21.43""N","121°27'37.40""E"
New Taipei City,,,25.149184,121.398752,"25°08'57.06""N","121°23'55.51""E"
New Taipei City,,,25.072172,121.494061,"25°04'19.82""N","121°29'38.62""E"
New Taipei City,,,25.079091,121.482169,"25°04'44.73""N","121°28'55.81""E"
New Taipei City,,,25.084358,121.481336,"25°05'03.69""N","121°28'52.81""E"
New Taipei City,,,25.061463,121.490344,"25°03'41.27""N","121°29'25.24""E"
New Taipei City,,,25.084404,121.481356,"25°05'03.85""N","121°28'52.88""E"
New Taipei City,,,25.084588,121.48144,"25°05'04.52""N","121°28'53.18""E"
New Taipei City,,,25.06847,121.481076,"25°04'06.49""N","121°28'51.87""E"
New Taipei City,,,25.068495,121.481029,"25°04'06.58""N","121°28'51.70""E"
New Taipei City,,,25.06852,121.480981,"25°04'06.67""N","121°28'51.53""E"
New Taipei City,,,25.068544,121.480934,"25°04'06.76""N","121°28'51.36""E"
New Taipei City,,,25.068569,121.480887,"25°04'06.85""N","121°28'51.19""E"
New Taipei City,,,25.084704,121.481237,"25°05'04.93""N","121°28'52.45""E"
New Taipei City,,,25.084658,121.481215,"25°05'04.77""N","121°28'52.37""E"
New Taipei City,,,25.065822,121.484998,"25°03'56.96""N","121°29'05.99""E"
New Taipei City,,,25.086285,121.482562,"25°05'10.63""N","121°28'57.22""E"
New Taipei City,,,25.059722,121.486833,"25°03'35.00""N","121°29'12.60""E"
New Taipei City,,,25.082994,121.480759,"25°04'58.78""N","121°28'50.73""E"
New Taipei City,,,25.083053,121.480784,"25°04'58.99""N","121°28'50.82""E"
New Taipei City,,,25.0831,121.480803,"25°04'59.16""N","121°28'50.89""E"
New Taipei City,,,25.083553,121.480993,"25°05'00.79""N","121°28'51.57""E"
New Taipei City,,,25.089421,121.490353,"25°05'21.92""N","121°29'25.27""E"
New Taipei City,,,25.061876,121.486919,"25°03'42.75""N","121°29'12.91""E"
New Taipei City,,,25.057744,121.486786,"25°03'27.88""N","121°29'12.43""E"
New Taipei City,,,25.057904,121.486579,"25°03'28.45""N","121°29'11.68""E"
New Taipei City,,,25.059672,121.486832,"25°03'34.82""N","121°29'12.60""E"
New Taipei City,,,25.059609,121.48683,"25°03'34.59""N","121°29'12.59""E"
New Taipei City,,,25.071762,121.494622,"25°04'18.34""N","121°29'40.64""E"
New Taipei City,,,25.086999,121.471644,"25°05'13.20""N","121°28'17.92""E"
New Taipei City,,,25.08318,121.463852,"25°04'59.45""N","121°27'49.87""E"
New Taipei City,,,25.053594,121.48871,"25°03'12.94""N","121°29'19.36""E"
New Taipei City,,,25.053502,121.488789,"25°03'12.61""N","121°29'19.64""E"
New Taipei City,,,25.053645,121.488677,"25°03'13.12""N","121°29'19.24""E"
New Taipei City,,,25.053583,121.488848,"25°03'12.90""N","121°29'19.85""E"
New Taipei City,,,24.951237,121.341597,"24°57'04.45""N","121°20'29.75""E"
New Taipei City,,,24.951262,121.341643,"24°57'04.54""N","121°20'29.91""E"
New Taipei City,,,24.951177,121.341486,"24°57'04.24""N","121°20'29.35""E"
New Taipei City,,,25.14915,121.398706,"25°08'56.94""N","121°23'55.34""E"
New Taipei City,,,24.957951,121.418089,"24°57'28.62""N","121°25'05.12""E"
New Taipei City,,,24.957907,121.418124,"24°57'28.47""N","121°25'05.25""E"
New Taipei City,,,24.957864,121.418159,"24°57'28.31""N","121°25'05.37""E"
New Taipei City,,,25.006689,121.48799,"25°00'24.08""N","121°29'16.76""E"
New Taipei City,,,25.006646,121.487963,"25°00'23.93""N","121°29'16.67""E"
New Taipei City,,,25.089173,121.447545,"25°05'21.02""N","121°26'51.16""E"
New Taipei City,,,25.000304,121.49048,"25°00'01.09""N","121°29'25.73""E"
New Taipei City,,,25.0003,121.490806,"25°00'01.08""N","121°29'26.90""E"
New Taipei City,,,25.000304,121.490534,"25°00'01.09""N","121°29'25.92""E"
New Taipei City,,,25.000299,121.490861,"25°00'01.08""N","121°29'27.10""E"
New Taipei City,,,25.000301,121.490752,"25°00'01.08""N","121°29'26.71""E"
New Taipei City,,,25.000301,121.490698,"25°00'01.08""N","121°29'26.51""E"
New Taipei City,,,25.000303,121.490589,"25°00'01.09""N","121°29'26.12""E"
New Taipei City,,,25.000306,121.490316,"25°00'01.10""N","121°29'25.14""E"
New Taipei City,,,25.000307,121.490207,"25°00'01.11""N","121°29'24.75""E"
New Taipei City,,,25.000305,121.490425,"25°00'01.10""N","121°29'25.53""E"
New Taipei City,,,25.000308,121.490152,"25°00'01.11""N","121°29'24.55""E"
New Taipei City,,,25.000307,121.490261,"25°00'01.11""N","121°29'24.94""E"
New Taipei City,,,25.000309,121.489817,"25°00'01.11""N","121°29'23.34""E"
New Taipei City,,,25.000309,121.489708,"25°00'01.11""N","121°29'22.95""E"
New Taipei City,,,25.000309,121.489654,"25°00'01.11""N","121°29'22.75""E"
New Taipei City,,,25.000308,121.489599,"25°00'01.11""N","121°29'22.56""E"
New Taipei City,,,25.000308,121.489366,"25°00'01.11""N","121°29'21.72""E"
New Taipei City,,,25.000309,121.489311,"25°00'01.11""N","121°29'21.52""E"
New Taipei City,,,25.000309,121.489257,"25°00'01.11""N","121°29'21.33""E"
New Taipei City,,,24.946664,121.38429,"24°56'47.99""N","121°23'03.44""E"
New Taipei City,,,24.94668,121.384459,"24°56'48.05""N","121°23'04.05""E"
New Taipei City,,,24.943646,121.376453,"24°56'37.13""N","121°22'35.23""E"
New Taipei City,,,24.943509,121.376268,"24°56'36.63""N","121°22'34.56""E"
New Taipei City,,,24.976459,121.412748,"24°58'35.25""N","121°24'45.89""E"
New Taipei City,,,24.976447,121.412695,"24°58'35.21""N","121°24'45.70""E"
New Taipei City,,,24.976436,121.412642,"24°58'35.17""N","121°24'45.51""E"
New Taipei City,,,24.976413,121.412536,"24°58'35.09""N","121°24'45.13""E"
New Taipei City,,,24.976424,121.412589,"24°58'35.13""N","121°24'45.32""E"
New Taipei City,,,24.976401,121.412483,"24°58'35.04""N","121°24'44.94""E"
New Taipei City,,,24.976297,121.411995,"24°58'34.67""N","121°24'43.18""E"
New Taipei City,,,24.976275,121.411888,"24°58'34.59""N","121°24'42.80""E"
New Taipei City,,,24.97633,121.412154,"24°58'34.79""N","121°24'43.75""E"
New Taipei City,,,24.976319,121.412101,"24°58'34.75""N","121°24'43.56""E"
New Taipei City,,,24.976308,121.412048,"24°58'34.71""N","121°24'43.37""E"
New Taipei City,,,24.976286,121.411942,"24°58'34.63""N","121°24'42.99""E"
New Taipei City,,,24.976164,121.411989,"24°58'34.19""N","121°24'43.16""E"
New Taipei City,,,24.976175,121.412042,"24°58'34.23""N","121°24'43.35""E"
New Taipei City,,,24.976186,121.412095,"24°58'34.27""N","121°24'43.54""E"
New Taipei City,,,24.976146,121.411899,"24°58'34.13""N","121°24'42.84""E"
New Taipei City,,,24.976317,121.412658,"24°58'34.74""N","121°24'45.57""E"
New Taipei City,,,24.976453,121.413327,"24°58'35.23""N","121°24'47.98""E"
New Taipei City,,,24.976394,121.413053,"24°58'35.02""N","121°24'46.99""E"
New Taipei City,,,24.976262,121.41243,"24°58'34.54""N","121°24'44.75""E"
New Taipei City,,,24.976291,121.412552,"24°58'34.65""N","121°24'45.19""E"
New Taipei City,,,24.976304,121.412605,"24°58'34.69""N","121°24'45.38""E"
New Taipei City,,,24.976383,121.413,"24°58'34.98""N","121°24'46.80""E"
New Taipei City,,,24.976413,121.413139,"24°58'35.09""N","121°24'47.30""E"
New Taipei City,,,24.976341,121.412207,"24°58'34.83""N","121°24'43.95""E"
New Taipei City,,,25.036947,121.43493,"25°02'13.01""N","121°26'05.75""E"
New Taipei City,,,25.036919,121.434975,"25°02'12.91""N","121°26'05.91""E"
New Taipei City,,,25.1628,121.418237,"25°09'46.08""N","121°25'05.65""E"
New Taipei City,,,25.162774,121.418578,"25°09'45.99""N","121°25'06.88""E"
New Taipei City,,,25.162779,121.418522,"25°09'46.00""N","121°25'06.68""E"
New Taipei City,,,25.069557,121.468024,"25°04'10.41""N","121°28'04.89""E"
New Taipei City,,,25.075207,121.469173,"25°04'30.75""N","121°28'09.02""E"
New Taipei City,,,24.969251,121.515839,"24°58'09.30""N","121°30'57.02""E"
New Taipei City,,,24.949305,121.374987,"24°56'57.50""N","121°22'29.95""E"
New Taipei City,,,24.949286,121.374937,"24°56'57.43""N","121°22'29.77""E"
New Taipei City,,,24.962765,121.541353,"24°57'45.95""N","121°32'28.87""E"
New Taipei City,,,24.962681,121.541294,"24°57'45.65""N","121°32'28.66""E"
New Taipei City,,,24.99738,121.505229,"24°59'50.57""N","121°30'18.82""E"
New Taipei City,,,24.997368,121.505033,"24°59'50.52""N","121°30'18.12""E"
New Taipei City,,,25.002616,121.522876,"25°00'09.42""N","121°31'22.35""E"
New Taipei City,,,25.002609,121.52293,"25°00'09.39""N","121°31'22.55""E"
New Taipei City,,,24.994847,121.509068,"24°59'41.45""N","121°30'32.64""E"
New Taipei City,,,24.994872,121.508996,"24°59'41.54""N","121°30'32.39""E"
New Taipei City,,,24.995565,121.507516,"24°59'44.03""N","121°30'27.06""E"
New Taipei City,,,24.995536,121.50756,"24°59'43.93""N","121°30'27.22""E"
New Taipei City,,,25.04774,121.489065,"25°02'51.86""N","121°29'20.63""E"
New Taipei City,,,24.995624,121.507428,"24°59'44.25""N","121°30'26.74""E"
New Taipei City,,,24.961098,121.534426,"24°57'39.95""N","121°32'03.93""E"
New Taipei City,,,24.961146,121.534412,"24°57'40.13""N","121°32'03.88""E"
New Taipei City,,,24.961195,121.534399,"24°57'40.30""N","121°32'03.84""E"
New Taipei City,,,24.961243,121.534386,"24°57'40.47""N","121°32'03.79""E"
New Taipei City,,,24.961291,121.534373,"24°57'40.65""N","121°32'03.74""E"
New Taipei City,,,24.961339,121.53436,"24°57'40.82""N","121°32'03.70""E"
New Taipei City,,,25.059508,121.488359,"25°03'34.23""N","121°29'18.09""E"
New Taipei City,,,24.986004,121.416579,"24°59'09.61""N","121°24'59.68""E"
New Taipei City,,,24.961553,121.534319,"24°57'41.59""N","121°32'03.55""E"
New Taipei City,,,24.961602,121.53431,"24°57'41.77""N","121°32'03.52""E"
New Taipei City,,,24.961651,121.534301,"24°57'41.94""N","121°32'03.48""E"
New Taipei City,,,24.961779,121.534278,"24°57'42.40""N","121°32'03.40""E"
New Taipei City,,,24.961828,121.534271,"24°57'42.58""N","121°32'03.38""E"
New Taipei City,,,24.961877,121.534263,"24°57'42.76""N","121°32'03.35""E"
New Taipei City,,,24.961925,121.534251,"24°57'42.93""N","121°32'03.30""E"
New Taipei City,,,24.961973,121.534235,"24°57'43.10""N","121°32'03.25""E"
New Taipei City,,,25.001167,121.477256,"25°00'04.20""N","121°28'38.12""E"
New Taipei City,,,24.992088,121.452448,"24°59'31.52""N","121°27'08.81""E"
New Taipei City,,,25.059499,121.486622,"25°03'34.20""N","121°29'11.84""E"
New Taipei City,,,25.059544,121.486622,"25°03'34.36""N","121°29'11.84""E"
New Taipei City,,,25.051818,121.488379,"25°03'06.54""N","121°29'18.16""E"
New Taipei City,,,25.051859,121.48841,"25°03'06.69""N","121°29'18.28""E"
New Taipei City,,,25.0519,121.48844,"25°03'06.84""N","121°29'18.38""E"
New Taipei City,,,25.051735,121.488319,"25°03'06.25""N","121°29'17.95""E"
New Taipei City,,,25.057852,121.498954,"25°03'28.27""N","121°29'56.23""E"
New Taipei City,,,25.057901,121.498942,"25°03'28.44""N","121°29'56.19""E"
New Taipei City,,,25.010454,121.488119,"25°00'37.63""N","121°29'17.23""E"
New Taipei City,,,25.057949,121.49893,"25°03'28.62""N","121°29'56.15""E"
New Taipei City,,,25.057998,121.498919,"25°03'28.79""N","121°29'56.11""E"
New Taipei City,,,25.057182,121.499109,"25°03'25.86""N","121°29'56.79""E"
New Taipei City,,,25.057231,121.4991,"25°03'26.03""N","121°29'56.76""E"
New Taipei City,,,25.001094,121.477498,"25°00'03.94""N","121°28'38.99""E"
New Taipei City,,,25.001078,121.477549,"25°00'03.88""N","121°28'39.18""E"
New Taipei City,,,25.012601,121.507519,"25°00'45.36""N","121°30'27.07""E"
New Taipei City,,,25.012558,121.507564,"25°00'45.21""N","121°30'27.23""E"
New Taipei City,,,25.05728,121.499091,"25°03'26.21""N","121°29'56.73""E"
New Taipei City,,,25.057329,121.499082,"25°03'26.38""N","121°29'56.70""E"
New Taipei City,,,25.008331,121.518657,"25°00'29.99""N","121°31'07.17""E"
New Taipei City,,,25.009874,121.518042,"25°00'35.55""N","121°31'04.95""E"
New Taipei City,,,24.997234,121.471013,"24°59'50.04""N","121°28'15.65""E"
New Taipei City,,,25.010633,121.517986,"25°00'38.28""N","121°31'04.75""E"
New Taipei City,,,24.99552,121.469605,"24°59'43.87""N","121°28'10.58""E"
New Taipei City,,,25.083381,121.380342,"25°05'00.17""N","121°22'49.23""E"
New Taipei City,,,24.996754,121.470616,"24°59'48.31""N","121°28'14.22""E"
New Taipei City,,,24.996715,121.470583,"24°59'48.17""N","121°28'14.10""E"
New Taipei City,,,24.99661,121.470498,"24°59'47.80""N","121°28'13.79""E"
New Taipei City,,,24.996026,121.4702,"24°59'45.69""N","121°28'12.72""E"
New Taipei City,,,24.996066,121.470233,"24°59'45.84""N","121°28'12.84""E"
New Taipei City,,,25.058244,121.447897,"25°03'29.68""N","121°26'52.43""E"
New Taipei City,,,24.998886,121.488209,"24°59'55.99""N","121°29'17.55""E"
New Taipei City,,,24.999609,121.48818,"24°59'58.59""N","121°29'17.45""E"
New Taipei City,,,25.09621,121.460263,"25°05'46.36""N","121°27'36.95""E"
New Taipei City,,,24.988965,121.429343,"24°59'20.27""N","121°25'45.63""E"
New Taipei City,,,25.149929,121.399776,"25°08'59.74""N","121°23'59.19""E"
New Taipei City,,,25.068231,121.491525,"25°04'05.63""N","121°29'29.49""E"
New Taipei City,,,25.026419,121.461854,"25°01'35.11""N","121°27'42.67""E"
New Taipei City,,,25.068212,121.491846,"25°04'05.56""N","121°29'30.65""E"
New Taipei City,,,25.017724,121.426919,"25°01'03.81""N","121°25'36.91""E"
New Taipei City,,,25.00227,121.455303,"25°00'08.17""N","121°27'19.09""E"
New Taipei City,,,25.066074,121.658495,"25°03'57.87""N","121°39'30.58""E"
New Taipei City,,,25.020608,121.432043,"25°01'14.19""N","121°25'55.35""E"
New Taipei City,,,25.021239,121.41765,"25°01'16.46""N","121°25'03.54""E"
New Taipei City,,,25.002358,121.455397,"25°00'08.49""N","121°27'19.43""E"
New Taipei City,,,25.085327,121.441565,"25°05'07.18""N","121°26'29.63""E"
New Taipei City,,,25.001853,121.454865,"25°00'06.67""N","121°27'17.51""E"
New Taipei City,,,25.01877,121.485233,"25°01'07.57""N","121°29'06.84""E"
New Taipei City,,,25.018662,121.484864,"25°01'07.18""N","121°29'05.51""E"
New Taipei City,,,25.048744,121.490274,"25°02'55.48""N","121°29'24.99""E"
New Taipei City,,,25.052279,121.457086,"25°03'08.20""N","121°27'25.51""E"
New Taipei City,,,25.150166,121.400102,"25°09'00.60""N","121°24'00.37""E"
New Taipei City,,,25.01813,121.483598,"25°01'05.27""N","121°29'00.95""E"
New Taipei City,,,25.018149,121.483857,"25°01'05.34""N","121°29'01.89""E"
New Taipei City,,,25.073525,121.362691,"25°04'24.69""N","121°21'45.69""E"
New Taipei City,,,25.071698,121.363199,"25°04'18.11""N","121°21'47.52""E"
New Taipei City,,,25.071666,121.363244,"25°04'18.00""N","121°21'47.68""E"
New Taipei City,,,25.015811,121.456718,"25°00'56.92""N","121°27'24.18""E"
New Taipei City,,,25.067182,121.481448,"25°04'01.86""N","121°28'53.21""E"
New Taipei City,,,24.996403,121.463104,"24°59'47.05""N","121°27'47.17""E"
New Taipei City,,,24.996498,121.463217,"24°59'47.39""N","121°27'47.58""E"
New Taipei City,,,25.150132,121.400056,"25°09'00.48""N","121°24'00.20""E"
New Taipei City,,,24.99751,121.461794,"24°59'51.04""N","121°27'42.46""E"
New Taipei City,,,25.162784,121.418467,"25°09'46.02""N","121°25'06.48""E"
New Taipei City,,,25.069075,121.450837,"25°04'08.67""N","121°27'03.01""E"
New Taipei City,,,25.06877,121.451389,"25°04'07.57""N","121°27'05.00""E"
New Taipei City,,,25.069074,121.451,"25°04'08.67""N","121°27'03.60""E"
New Taipei City,,,25.068739,121.451432,"25°04'07.46""N","121°27'05.16""E"
New Taipei City,,,25.069252,121.450782,"25°04'09.31""N","121°27'02.82""E"
New Taipei City,,,25.069185,121.450865,"25°04'09.07""N","121°27'03.11""E"
New Taipei City,,,25.069107,121.450959,"25°04'08.79""N","121°27'03.45""E"
New Taipei City,,,25.069152,121.450905,"25°04'08.95""N","121°27'03.26""E"
New Taipei City,,,25.0688,121.451346,"25°04'07.68""N","121°27'04.85""E"
New Taipei City,,,25.068811,121.45117,"25°04'07.72""N","121°27'04.21""E"
New Taipei City,,,25.068942,121.450999,"25°04'08.19""N","121°27'03.60""E"
New Taipei City,,,25.063317,121.447578,"25°03'47.94""N","121°26'51.28""E"
New Taipei City,,,25.038006,121.433356,"25°02'16.82""N","121°26'00.08""E"
New Taipei City,,,25.069009,121.450918,"25°04'08.43""N","121°27'03.30""E"
New Taipei City,,,25.068976,121.450958,"25°04'08.31""N","121°27'03.45""E"
New Taipei City,,,25.069042,121.450877,"25°04'08.55""N","121°27'03.16""E"
New Taipei City,,,25.068778,121.451211,"25°04'07.60""N","121°27'04.36""E"
New Taipei City,,,25.063356,121.447612,"25°03'48.08""N","121°26'51.40""E"
New Taipei City,,,25.063395,121.447645,"25°03'48.22""N","121°26'51.52""E"
New Taipei City,,,25.038033,121.43331,"25°02'16.92""N","121°25'59.92""E"
New Taipei City,,,25.063512,121.447746,"25°03'48.64""N","121°26'51.89""E"
New Taipei City,,,25.06737,121.450854,"25°04'02.53""N","121°27'03.07""E"
New Taipei City,,,25.067448,121.450911,"25°04'02.81""N","121°27'03.28""E"
New Taipei City,,,25.067815,121.451198,"25°04'04.13""N","121°27'04.31""E"
New Taipei City,,,25.068884,121.453097,"25°04'07.98""N","121°27'11.15""E"
New Taipei City,,,25.0689,121.453149,"25°04'08.04""N","121°27'11.34""E"
New Taipei City,,,25.069166,121.454087,"25°04'09.00""N","121°27'14.71""E"
New Taipei City,,,25.069176,121.454141,"25°04'09.03""N","121°27'14.91""E"
New Taipei City,,,25.07029,121.456359,"25°04'13.04""N","121°27'22.89""E"
New Taipei City,,,25.067199,121.450524,"25°04'01.92""N","121°27'01.89""E"
New Taipei City,,,25.067158,121.450493,"25°04'01.77""N","121°27'01.77""E"
New Taipei City,,,25.067039,121.450401,"25°04'01.34""N","121°27'01.44""E"
New Taipei City,,,24.984831,121.45198,"24°59'05.39""N","121°27'07.13""E"
New Taipei City,,,24.972012,121.437656,"24°58'19.24""N","121°26'15.56""E"
New Taipei City,,,25.016091,121.423961,"25°00'57.93""N","121°25'26.26""E"
New Taipei City,,,25.016231,121.423995,"25°00'58.43""N","121°25'26.38""E"
New Taipei City,,,25.016331,121.42402,"25°00'58.79""N","121°25'26.47""E"
New Taipei City,,,25.016288,121.424009,"25°00'58.64""N","121°25'26.43""E"
New Taipei City,,,25.016387,121.424034,"25°00'58.99""N","121°25'26.52""E"
New Taipei City,,,25.016482,121.424058,"25°00'59.34""N","121°25'26.61""E"
New Taipei City,,,25.016521,121.424068,"25°00'59.48""N","121°25'26.64""E"
New Taipei City,,,25.01554,121.423781,"25°00'55.94""N","121°25'25.61""E"
New Taipei City,,,25.015597,121.423764,"25°00'56.15""N","121°25'25.55""E"
New Taipei City,,,25.015732,121.423759,"25°00'56.64""N","121°25'25.53""E"
New Taipei City,,,25.015829,121.423782,"25°00'56.98""N","121°25'25.62""E"
New Taipei City,,,25.015786,121.423772,"25°00'56.83""N","121°25'25.58""E"
New Taipei City,,,25.015884,121.423796,"25°00'57.18""N","121°25'25.67""E"
New Taipei City,,,25.015982,121.42382,"25°00'57.54""N","121°25'25.75""E"
New Taipei City,,,25.016024,121.42383,"25°00'57.69""N","121°25'25.79""E"
New Taipei City,,,25.016079,121.423844,"25°00'57.88""N","121°25'25.84""E"
New Taipei City,,,25.016122,121.423854,"25°00'58.04""N","121°25'25.87""E"
New Taipei City,,,25.016372,121.423915,"25°00'58.94""N","121°25'26.09""E"
New Taipei City,,,25.016415,121.423925,"25°00'59.09""N","121°25'26.13""E"
New Taipei City,,,25.016511,121.423949,"25°00'59.44""N","121°25'26.22""E"
New Taipei City,,,25.016611,121.42397,"25°00'59.80""N","121°25'26.29""E"
New Taipei City,,,25.016567,121.423962,"25°00'59.64""N","121°25'26.26""E"
New Taipei City,,,25.016664,121.423978,"25°00'59.99""N","121°25'26.32""E"
New Taipei City,,,25.016805,121.423998,"25°01'00.50""N","121°25'26.39""E"
New Taipei City,,,25.016762,121.423992,"25°01'00.34""N","121°25'26.37""E"
New Taipei City,,,25.01686,121.424005,"25°01'00.70""N","121°25'26.42""E"
New Taipei City,,,25.016903,121.424011,"25°01'00.85""N","121°25'26.44""E"
New Taipei City,,,25.017104,121.42404,"25°01'01.57""N","121°25'26.54""E"
New Taipei City,,,25.017061,121.424034,"25°01'01.42""N","121°25'26.52""E"
New Taipei City,,,25.052321,121.464125,"25°03'08.36""N","121°27'50.85""E"
New Taipei City,,,25.071212,121.485135,"25°04'16.36""N","121°29'06.49""E"
New Taipei City,,,25.071004,121.485369,"25°04'15.61""N","121°29'07.33""E"
New Taipei City,,,25.085357,121.462779,"25°05'07.29""N","121°27'46.00""E"
New Taipei City,,,25.013983,121.423943,"25°00'50.34""N","121°25'26.19""E"
New Taipei City,,,25.014359,121.42404,"25°00'51.69""N","121°25'26.54""E"
New Taipei City,,,25.036728,121.435294,"25°02'12.22""N","121°26'07.06""E"
New Taipei City,,,25.03683,121.43535,"25°02'12.59""N","121°26'07.26""E"
New Taipei City,,,25.036875,121.435277,"25°02'12.75""N","121°26'07.00""E"
New Taipei City,,,25.036922,121.435201,"25°02'12.92""N","121°26'06.72""E"
New Taipei City,,,25.037489,121.434257,"25°02'14.96""N","121°26'03.33""E"
New Taipei City,,,25.037515,121.434211,"25°02'15.05""N","121°26'03.16""E"
New Taipei City,,,25.037621,121.434026,"25°02'15.44""N","121°26'02.49""E"
New Taipei City,,,25.039145,121.431431,"25°02'20.92""N","121°25'53.15""E"
New Taipei City,,,25.039171,121.431385,"25°02'21.02""N","121°25'52.99""E"
New Taipei City,,,25.0443,121.457168,"25°02'39.48""N","121°27'25.80""E"
New Taipei City,,,24.996146,121.470298,"24°59'46.13""N","121°28'13.07""E"
New Taipei City,,,25.089172,121.447201,"25°05'21.02""N","121°26'49.92""E"
New Taipei City,,,25.044395,121.45691,"25°02'39.82""N","121°27'24.88""E"
New Taipei City,,,25.06951,121.489137,"25°04'10.24""N","121°29'20.89""E"
New Taipei City,,,25.016369,121.426085,"25°00'58.93""N","121°25'33.91""E"
New Taipei City,,,25.072561,121.435594,"25°04'21.22""N","121°26'08.14""E"
New Taipei City,,,25.016165,121.426046,"25°00'58.19""N","121°25'33.77""E"
New Taipei City,,,25.015069,121.426041,"25°00'54.25""N","121°25'33.75""E"
New Taipei City,,,25.015325,121.426047,"25°00'55.17""N","121°25'33.77""E"
New Taipei City,,,25.013976,121.425939,"25°00'50.31""N","121°25'33.38""E"
New Taipei City,,,25.013927,121.425942,"25°00'50.14""N","121°25'33.39""E"
New Taipei City,,,25.01377,121.426059,"25°00'49.57""N","121°25'33.81""E"
New Taipei City,,,25.014035,121.426043,"25°00'50.53""N","121°25'33.75""E"
New Taipei City,,,25.010498,121.428246,"25°00'37.79""N","121°25'41.69""E"
New Taipei City,,,25.010407,121.428375,"25°00'37.47""N","121°25'42.15""E"
New Taipei City,,,25.010706,121.428129,"25°00'38.54""N","121°25'41.26""E"
New Taipei City,,,25.049488,121.463638,"25°02'58.16""N","121°27'49.10""E"
New Taipei City,,,25.052558,121.464054,"25°03'09.21""N","121°27'50.59""E"
New Taipei City,,,25.052558,121.464113,"25°03'09.21""N","121°27'50.81""E"
New Taipei City,,,25.049473,121.463965,"25°02'58.10""N","121°27'50.27""E"
New Taipei City,,,25.049465,121.464157,"25°02'58.07""N","121°27'50.97""E"
New Taipei City,,,25.000182,121.49224,"25°00'00.66""N","121°29'32.06""E"
New Taipei City,,,25.049401,121.462362,"25°02'57.84""N","121°27'44.50""E"
New Taipei City,,,25.049402,121.462485,"25°02'57.85""N","121°27'44.95""E"
New Taipei City,,,25.049395,121.463736,"25°02'57.82""N","121°27'49.45""E"
New Taipei City,,,25.064703,121.488086,"25°03'52.93""N","121°29'17.11""E"
New Taipei City,,,25.064743,121.488108,"25°03'53.07""N","121°29'17.19""E"
New Taipei City,,,25.064783,121.488131,"25°03'53.22""N","121°29'17.27""E"
New Taipei City,,,25.064823,121.488154,"25°03'53.36""N","121°29'17.35""E"
New Taipei City,,,25.064863,121.488177,"25°03'53.51""N","121°29'17.44""E"
New Taipei City,,,25.064663,121.488063,"25°03'52.79""N","121°29'17.03""E"
New Taipei City,,,25.063606,121.487999,"25°03'48.98""N","121°29'16.80""E"
New Taipei City,,,25.065996,121.488827,"25°03'57.59""N","121°29'19.78""E"
New Taipei City,,,25.064367,121.487896,"25°03'51.72""N","121°29'16.43""E"
New Taipei City,,,25.064247,121.487829,"25°03'51.29""N","121°29'16.18""E"
New Taipei City,,,25.065447,121.488266,"25°03'55.61""N","121°29'17.76""E"
New Taipei City,,,25.065551,121.488324,"25°03'55.98""N","121°29'17.97""E"
New Taipei City,,,25.065192,121.488134,"25°03'54.69""N","121°29'17.28""E"
New Taipei City,,,25.06509,121.488074,"25°03'54.32""N","121°29'17.07""E"
New Taipei City,,,25.068136,121.481631,"25°04'05.29""N","121°28'53.87""E"
New Taipei City,,,25.091379,121.445736,"25°05'28.96""N","121°26'44.65""E"
New Taipei City,,,25.086824,121.471846,"25°05'12.57""N","121°28'18.65""E"
New Taipei City,,,25.092429,121.460624,"25°05'32.74""N","121°27'38.25""E"
New Taipei City,,,25.092506,121.460691,"25°05'33.02""N","121°27'38.49""E"
New Taipei City,,,25.092175,121.460341,"25°05'31.83""N","121°27'37.23""E"
New Taipei City,,,25.09054,121.459816,"25°05'25.94""N","121°27'35.34""E"
New Taipei City,,,25.090585,121.459838,"25°05'26.11""N","121°27'35.42""E"
New Taipei City,,,25.090693,121.459889,"25°05'26.49""N","121°27'35.60""E"
New Taipei City,,,25.092657,121.460648,"25°05'33.57""N","121°27'38.33""E"
New Taipei City,,,25.092623,121.460612,"25°05'33.44""N","121°27'38.20""E"
New Taipei City,,,25.092716,121.460709,"25°05'33.78""N","121°27'38.55""E"
New Taipei City,,,25.0736,121.494419,"25°04'24.96""N","121°29'39.91""E"
New Taipei City,,,25.091138,121.460095,"25°05'28.10""N","121°27'36.34""E"
New Taipei City,,,25.091184,121.460116,"25°05'28.26""N","121°27'36.42""E"
New Taipei City,,,25.091534,121.460251,"25°05'29.52""N","121°27'36.90""E"
New Taipei City,,,25.00031,121.489202,"25°00'01.12""N","121°29'21.13""E"
New Taipei City,,,25.000305,121.49037,"25°00'01.10""N","121°29'25.33""E"
New Taipei City,,,25.00031,121.489981,"25°00'01.12""N","121°29'23.93""E"
New Taipei City,,,25.00031,121.489926,"25°00'01.12""N","121°29'23.73""E"
New Taipei City,,,25.00031,121.489872,"25°00'01.12""N","121°29'23.54""E"
New Taipei City,,,24.947735,121.376795,"24°56'51.85""N","121°22'36.46""E"
New Taipei City,,,24.997682,121.430819,"24°59'51.66""N","121°25'50.95""E"
New Taipei City,,,24.997783,121.430849,"24°59'52.02""N","121°25'51.06""E"
New Taipei City,,,24.997834,121.430864,"24°59'52.20""N","121°25'51.11""E"
New Taipei City,,,24.997733,121.430834,"24°59'51.84""N","121°25'51.00""E"
New Taipei City,,,24.997887,121.430879,"24°59'52.39""N","121°25'51.16""E"
New Taipei City,,,24.997937,121.430894,"24°59'52.57""N","121°25'51.22""E"
New Taipei City,,,24.997988,121.43091,"24°59'52.76""N","121°25'51.28""E"
New Taipei City,,,25.065298,121.660066,"25°03'55.07""N","121°39'36.24""E"
New Taipei City,,,25.065276,121.660017,"25°03'54.99""N","121°39'36.06""E"
New Taipei City,,,25.065416,121.660325,"25°03'55.50""N","121°39'37.17""E"
New Taipei City,,,25.065394,121.660276,"25°03'55.42""N","121°39'36.99""E"
New Taipei City,,,25.065438,121.660374,"25°03'55.58""N","121°39'37.35""E"
New Taipei City,,,25.065984,121.661363,"25°03'57.54""N","121°39'40.91""E"
New Taipei City,,,25.065956,121.661325,"25°03'57.44""N","121°39'40.77""E"
New Taipei City,,,25.065928,121.661286,"25°03'57.34""N","121°39'40.63""E"
New Taipei City,,,25.0659,121.661247,"25°03'57.24""N","121°39'40.49""E"
New Taipei City,,,25.093208,121.447225,"25°05'35.55""N","121°26'50.01""E"
New Taipei City,,,25.067454,121.662989,"25°04'02.83""N","121°39'46.76""E"
New Taipei City,,,25.068516,121.664059,"25°04'06.66""N","121°39'50.61""E"
New Taipei City,,,25.068758,121.664304,"25°04'07.53""N","121°39'51.49""E"
New Taipei City,,,25.068908,121.664455,"25°04'08.07""N","121°39'52.04""E"
New Taipei City,,,25.069207,121.664734,"25°04'09.15""N","121°39'53.04""E"
New Taipei City,,,25.069657,121.665158,"25°04'10.77""N","121°39'54.57""E"
New Taipei City,,,25.070353,121.665575,"25°04'13.27""N","121°39'56.07""E"
New Taipei City,,,25.070397,121.665599,"25°04'13.43""N","121°39'56.16""E"
New Taipei City,,,24.996889,121.470728,"24°59'48.80""N","121°28'14.62""E"
New Taipei City,,,24.999553,121.472822,"24°59'58.39""N","121°28'22.16""E"
New Taipei City,,,24.999799,121.472846,"24°59'59.28""N","121°28'22.25""E"
New Taipei City,,,25.083432,121.380363,"25°05'00.36""N","121°22'49.31""E"
New Taipei City,,,25.083482,121.380381,"25°05'00.54""N","121°22'49.37""E"
New Taipei City,,,25.003514,121.469002,"25°00'12.65""N","121°28'08.41""E"
New Taipei City,,,25.003581,121.469173,"25°00'12.89""N","121°28'09.02""E"
New Taipei City,,,24.978831,121.524689,"24°58'43.79""N","121°31'28.88""E"
New Taipei City,,,25.006075,121.509544,"25°00'21.87""N","121°30'34.36""E"
New Taipei City,,,25.072955,121.360691,"25°04'22.64""N","121°21'38.49""E"
New Taipei City,,,24.973288,121.332174,"24°58'23.84""N","121°19'55.83""E"
New Taipei City,,,24.984035,121.442816,"24°59'02.53""N","121°26'34.14""E"
New Taipei City,,,24.989098,121.446734,"24°59'20.75""N","121°26'48.24""E"
New Taipei City,,,24.955769,121.345737,"24°57'20.77""N","121°20'44.65""E"
New Taipei City,,,24.955771,121.345791,"24°57'20.78""N","121°20'44.85""E"
New Taipei City,,,24.955772,121.345846,"24°57'20.78""N","121°20'45.05""E"
New Taipei City,,,24.955774,121.3459,"24°57'20.79""N","121°20'45.24""E"
New Taipei City,,,24.955779,121.346118,"24°57'20.80""N","121°20'46.02""E"
New Taipei City,,,24.955781,121.346172,"24°57'20.81""N","121°20'46.22""E"
New Taipei City,,,25.04414,121.455286,"25°02'38.90""N","121°27'19.03""E"
New Taipei City,,,24.960397,121.533944,"24°57'37.43""N","121°32'02.20""E"
New Taipei City,,,24.9604,121.533963,"24°57'37.44""N","121°32'02.27""E"
New Taipei City,,,24.969246,121.332516,"24°58'09.29""N","121°19'57.06""E"
New Taipei City,,,24.969192,121.332424,"24°58'09.09""N","121°19'56.73""E"
New Taipei City,,,25.068734,121.480551,"25°04'07.44""N","121°28'49.98""E"
New Taipei City,,,25.068712,121.4806,"25°04'07.36""N","121°28'50.16""E"
New Taipei City,,,25.068756,121.480502,"25°04'07.52""N","121°28'49.81""E"
New Taipei City,,,25.06869,121.480649,"25°04'07.28""N","121°28'50.34""E"
New Taipei City,,,25.083232,121.380273,"25°04'59.64""N","121°22'48.98""E"
New Taipei City,,,24.978901,121.524752,"24°58'44.04""N","121°31'29.11""E"
New Taipei City,,,24.978936,121.524783,"24°58'44.17""N","121°31'29.22""E"
New Taipei City,,,24.995309,121.469611,"24°59'43.11""N","121°28'10.60""E"
New Taipei City,,,24.962194,121.534159,"24°57'43.90""N","121°32'02.97""E"
New Taipei City,,,24.962241,121.534142,"24°57'44.07""N","121°32'02.91""E"
New Taipei City,,,24.962289,121.534125,"24°57'44.24""N","121°32'02.85""E"
New Taipei City,,,24.962495,121.534041,"24°57'44.98""N","121°32'02.55""E"
New Taipei City,,,24.962542,121.534021,"24°57'45.15""N","121°32'02.48""E"
New Taipei City,,,24.962588,121.534001,"24°57'45.32""N","121°32'02.40""E"
New Taipei City,,,24.962836,121.533877,"24°57'46.21""N","121°32'01.96""E"
New Taipei City,,,24.96304,121.533759,"24°57'46.94""N","121°32'01.53""E"
New Taipei City,,,24.96312,121.533714,"24°57'47.23""N","121°32'01.37""E"
New Taipei City,,,24.963165,121.533689,"24°57'47.39""N","121°32'01.28""E"
New Taipei City,,,24.963209,121.533665,"24°57'47.55""N","121°32'01.19""E"
New Taipei City,,,24.963325,121.5336,"24°57'47.97""N","121°32'00.96""E"
New Taipei City,,,24.963369,121.533575,"24°57'48.13""N","121°32'00.87""E"
New Taipei City,,,24.96356,121.53346,"24°57'48.82""N","121°32'00.46""E"
New Taipei City,,,24.963603,121.533432,"24°57'48.97""N","121°32'00.36""E"
New Taipei City,,,24.963646,121.533405,"24°57'49.13""N","121°32'00.26""E"
New Taipei City,,,24.963689,121.533377,"24°57'49.28""N","121°32'00.16""E"
New Taipei City,,,24.963731,121.533348,"24°57'49.43""N","121°32'00.05""E"
New Taipei City,,,25.086308,121.485296,"25°05'10.71""N","121°29'07.07""E"
New Taipei City,,,25.087499,121.474597,"25°05'15.00""N","121°28'28.55""E"
New Taipei City,,,25.056075,121.656645,"25°03'21.87""N","121°39'23.92""E"
New Taipei City,,,25.05603,121.656668,"25°03'21.71""N","121°39'24.00""E"
New Taipei City,,,25.065157,121.664282,"25°03'54.57""N","121°39'51.42""E"
New Taipei City,,,25.063,121.640178,"25°03'46.80""N","121°38'24.64""E"
New Taipei City,,,25.063004,121.640233,"25°03'46.81""N","121°38'24.84""E"
New Taipei City,,,24.959043,121.333171,"24°57'32.55""N","121°19'59.42""E"
New Taipei City,,,24.958994,121.33318,"24°57'32.38""N","121°19'59.45""E"
New Taipei City,,,24.958945,121.333188,"24°57'32.20""N","121°19'59.48""E"
New Taipei City,,,24.959583,121.333658,"24°57'34.50""N","121°20'01.17""E"
New Taipei City,,,24.975795,121.332926,"24°58'32.86""N","121°19'58.53""E"
New Taipei City,,,24.975725,121.333004,"24°58'32.61""N","121°19'58.81""E"
New Taipei City,,,24.97576,121.332965,"24°58'32.74""N","121°19'58.67""E"
New Taipei City,,,24.975691,121.333043,"24°58'32.49""N","121°19'58.95""E"
New Taipei City,,,25.010467,121.428288,"25°00'37.68""N","121°25'41.84""E"
New Taipei City,,,25.091187,121.459957,"25°05'28.27""N","121°27'35.85""E"
New Taipei City,,,25.010437,121.428332,"25°00'37.57""N","121°25'42.00""E"
New Taipei City,,,25.161873,121.426993,"25°09'42.74""N","121°25'37.17""E"
New Taipei City,,,25.142452,121.387914,"25°08'32.83""N","121°23'16.49""E"
New Taipei City,,,25.053305,121.45969,"25°03'11.90""N","121°27'34.88""E"
New Taipei City,,,25.016935,121.432894,"25°01'00.97""N","121°25'58.42""E"
New Taipei City,,,25.015594,121.432691,"25°00'56.14""N","121°25'57.69""E"
New Taipei City,,,25.013813,121.432586,"25°00'49.73""N","121°25'57.31""E"
New Taipei City,,,24.956067,121.538427,"24°57'21.84""N","121°32'18.34""E"
New Taipei City,,,24.958912,121.512526,"24°57'32.08""N","121°30'45.09""E"
New Taipei City,,,25.027818,121.47132,"25°01'40.14""N","121°28'16.75""E"
New Taipei City,,,24.986769,121.465706,"24°59'12.37""N","121°27'56.54""E"
New Taipei City,,,25.088457,121.461256,"25°05'18.45""N","121°27'40.52""E"
New Taipei City,,,24.97378,121.328594,"24°58'25.61""N","121°19'42.94""E"
New Taipei City,,,24.97392,121.328826,"24°58'26.11""N","121°19'43.77""E"
New Taipei City,,,24.973975,121.328917,"24°58'26.31""N","121°19'44.10""E"
New Taipei City,,,24.973948,121.328871,"24°58'26.21""N","121°19'43.94""E"
New Taipei City,,,24.974003,121.328962,"24°58'26.41""N","121°19'44.26""E"
New Taipei City,,,25.067345,121.481794,"25°04'02.44""N","121°28'54.46""E"
New Taipei City,,,25.075037,121.375175,"25°04'30.13""N","121°22'30.63""E"
New Taipei City,,,24.989962,121.467147,"24°59'23.86""N","121°28'01.73""E"
New Taipei City,,,25.01212,121.487721,"25°00'43.63""N","121°29'15.80""E"
New Taipei City,,,25.012069,121.487636,"25°00'43.45""N","121°29'15.49""E"
New Taipei City,,,25.012019,121.487553,"25°00'43.27""N","121°29'15.19""E"
New Taipei City,,,25.015649,121.482546,"25°00'56.34""N","121°28'57.17""E"
New Taipei City,,,25.015645,121.482494,"25°00'56.32""N","121°28'56.98""E"
New Taipei City,,,25.015719,121.483899,"25°00'56.59""N","121°29'02.04""E"
New Taipei City,,,25.000168,121.500945,"25°00'00.60""N","121°30'03.40""E"
New Taipei City,,,25.000167,121.500891,"25°00'00.60""N","121°30'03.21""E"
New Taipei City,,,25.000166,121.500836,"25°00'00.60""N","121°30'03.01""E"
New Taipei City,,,24.967411,121.545006,"24°58'02.68""N","121°32'42.02""E"
New Taipei City,,,25.053307,121.490703,"25°03'11.91""N","121°29'26.53""E"
New Taipei City,,,25.051481,121.454882,"25°03'05.33""N","121°27'17.58""E"
New Taipei City,,,25.052736,121.448591,"25°03'09.85""N","121°26'54.93""E"
New Taipei City,,,25.017926,121.458482,"25°01'04.53""N","121°27'30.54""E"
New Taipei City,,,24.990228,121.659386,"24°59'24.82""N","121°39'33.79""E"
New Taipei City,,,24.990278,121.659407,"24°59'25.00""N","121°39'33.87""E"
New Taipei City,,,24.990329,121.659429,"24°59'25.18""N","121°39'33.94""E"
New Taipei City,,,24.990379,121.65945,"24°59'25.36""N","121°39'34.02""E"
New Taipei City,,,24.99043,121.659472,"24°59'25.55""N","121°39'34.10""E"
New Taipei City,,,24.976453,121.545165,"24°58'35.23""N","121°32'42.59""E"
New Taipei City,,,25.018093,121.426,"25°01'05.13""N","121°25'33.60""E"
New Taipei City,,,24.978149,121.406995,"24°58'41.34""N","121°24'25.18""E"
New Taipei City,,,24.978302,121.406855,"24°58'41.89""N","121°24'24.68""E"
New Taipei City,,,25.054455,121.456596,"25°03'16.04""N","121°27'23.75""E"
New Taipei City,,,25.002795,121.603675,"25°00'10.06""N","121°36'13.23""E"
New Taipei City,,,24.995722,121.460149,"24°59'44.60""N","121°27'36.54""E"
New Taipei City,,,25.001441,121.607334,"25°00'05.19""N","121°36'26.40""E"
New Taipei City,,,25.052944,121.459692,"25°03'10.60""N","121°27'34.89""E"
New Taipei City,,,25.162429,121.420973,"25°09'44.74""N","121°25'15.50""E"
New Taipei City,,,25.002969,121.526182,"25°00'10.69""N","121°31'34.26""E"
New Taipei City,,,24.978738,121.446083,"24°58'43.46""N","121°26'45.90""E"
New Taipei City,,,24.978657,121.445946,"24°58'43.17""N","121°26'45.41""E"
New Taipei City,,,25.025707,121.420854,"25°01'32.55""N","121°25'15.07""E"
New Taipei City,,,24.966258,121.439902,"24°57'58.53""N","121°26'23.65""E"
New Taipei City,,,24.966293,121.439942,"24°57'58.65""N","121°26'23.79""E"
New Taipei City,,,24.965319,121.438836,"24°57'55.15""N","121°26'19.81""E"
New Taipei City,,,25.00395,121.524758,"25°00'14.22""N","121°31'29.13""E"
New Taipei City,,,25.150098,121.400009,"25°09'00.35""N","121°24'00.03""E"
New Taipei City,,,25.150064,121.399962,"25°09'00.23""N","121°23'59.86""E"
New Taipei City,,,25.149963,121.399823,"25°08'59.87""N","121°23'59.36""E"
New Taipei City,,,25.08213,121.388085,"25°04'55.67""N","121°23'17.11""E"
New Taipei City,,,25.070166,121.665601,"25°04'12.60""N","121°39'56.16""E"
New Taipei City,,,25.071629,121.665886,"25°04'17.86""N","121°39'57.19""E"
New Taipei City,,,25.071028,121.665898,"25°04'15.70""N","121°39'57.23""E"
New Taipei City,,,25.071527,121.665986,"25°04'17.50""N","121°39'57.55""E"
New Taipei City,,,25.071163,121.665811,"25°04'16.19""N","121°39'56.92""E"
New Taipei City,,,25.071965,121.665948,"25°04'19.07""N","121°39'57.41""E"
New Taipei City,,,25.072348,121.666014,"25°04'20.45""N","121°39'57.65""E"
New Taipei City,,,25.072611,121.666055,"25°04'21.40""N","121°39'57.80""E"
New Taipei City,,,25.072507,121.66604,"25°04'21.03""N","121°39'57.74""E"
New Taipei City,,,25.072438,121.666027,"25°04'20.78""N","121°39'57.70""E"
New Taipei City,,,25.074581,121.666443,"25°04'28.49""N","121°39'59.19""E"
New Taipei City,,,25.074628,121.666461,"25°04'28.66""N","121°39'59.26""E"
New Taipei City,,,25.075237,121.66677,"25°04'30.85""N","121°40'00.37""E"
New Taipei City,,,25.075192,121.666747,"25°04'30.69""N","121°40'00.29""E"
New Taipei City,,,25.090157,121.446098,"25°05'24.57""N","121°26'45.95""E"
New Taipei City,,,25.075141,121.666594,"25°04'30.51""N","121°39'59.74""E"
New Taipei City,,,25.075231,121.666641,"25°04'30.83""N","121°39'59.91""E"
New Taipei City,,,25.075275,121.666664,"25°04'30.99""N","121°39'59.99""E"
New Taipei City,,,25.075186,121.666617,"25°04'30.67""N","121°39'59.82""E"
New Taipei City,,,25.075318,121.666686,"25°04'31.14""N","121°40'00.07""E"
New Taipei City,,,25.075493,121.666904,"25°04'31.77""N","121°40'00.85""E"
New Taipei City,,,25.075525,121.666793,"25°04'31.89""N","121°40'00.45""E"
New Taipei City,,,25.001047,121.477653,"25°00'03.77""N","121°28'39.55""E"
New Taipei City,,,25.001062,121.477601,"25°00'03.82""N","121°28'39.36""E"
New Taipei City,,,24.9832,121.46577,"24°58'59.52""N","121°27'56.77""E"
New Taipei City,,,24.998718,121.42494,"24°59'55.38""N","121°25'29.78""E"
New Taipei City,,,24.998088,121.430941,"24°59'53.12""N","121°25'51.39""E"
New Taipei City,,,24.998687,121.431287,"24°59'55.27""N","121°25'52.63""E"
New Taipei City,,,24.998559,121.431187,"24°59'54.81""N","121°25'52.27""E"
New Taipei City,,,24.998602,121.43122,"24°59'54.97""N","121°25'52.39""E"
New Taipei City,,,24.998645,121.431254,"24°59'55.12""N","121°25'52.51""E"
New Taipei City,,,25.014459,121.424023,"25°00'52.05""N","121°25'26.48""E"
New Taipei City,,,25.014416,121.42403,"25°00'51.90""N","121°25'26.51""E"
New Taipei City,,,25.014516,121.424013,"25°00'52.26""N","121°25'26.45""E"
New Taipei City,,,25.01456,121.424008,"25°00'52.42""N","121°25'26.43""E"
New Taipei City,,,25.014656,121.424022,"25°00'52.76""N","121°25'26.48""E"
New Taipei City,,,25.014613,121.424016,"25°00'52.61""N","121°25'26.46""E"
New Taipei City,,,25.014857,121.424054,"25°00'53.49""N","121°25'26.59""E"
New Taipei City,,,25.014914,121.424063,"25°00'53.69""N","121°25'26.63""E"
New Taipei City,,,25.014957,121.42407,"25°00'53.85""N","121°25'26.65""E"
New Taipei City,,,25.015011,121.424066,"25°00'54.04""N","121°25'26.64""E"
New Taipei City,,,25.014286,121.423937,"25°00'51.43""N","121°25'26.17""E"
New Taipei City,,,25.014343,121.423928,"25°00'51.63""N","121°25'26.14""E"
New Taipei City,,,25.014444,121.423911,"25°00'52.00""N","121°25'26.08""E"
New Taipei City,,,25.014489,121.423904,"25°00'52.16""N","121°25'26.05""E"
New Taipei City,,,25.014545,121.423896,"25°00'52.36""N","121°25'26.03""E"
New Taipei City,,,25.014648,121.423909,"25°00'52.73""N","121°25'26.07""E"
New Taipei City,,,25.01475,121.423925,"25°00'53.10""N","121°25'26.13""E"
New Taipei City,,,25.014793,121.423931,"25°00'53.25""N","121°25'26.15""E"
New Taipei City,,,25.039529,121.449511,"25°02'22.30""N","121°26'58.24""E"
New Taipei City,,,25.039466,121.449323,"25°02'22.08""N","121°26'57.56""E"
New Taipei City,,,25.039382,121.449066,"25°02'21.78""N","121°26'56.64""E"
New Taipei City,,,25.039399,121.449118,"25°02'21.84""N","121°26'56.82""E"
New Taipei City,,,25.039432,121.44922,"25°02'21.96""N","121°26'57.19""E"
New Taipei City,,,25.039449,121.449271,"25°02'22.02""N","121°26'57.38""E"
New Taipei City,,,25.039415,121.449169,"25°02'21.89""N","121°26'57.01""E"
New Taipei City,,,25.039177,121.44852,"25°02'21.04""N","121°26'54.67""E"
New Taipei City,,,25.039218,121.44863,"25°02'21.18""N","121°26'55.07""E"
New Taipei City,,,25.039239,121.448685,"25°02'21.26""N","121°26'55.27""E"
New Taipei City,,,25.039197,121.448575,"25°02'21.11""N","121°26'54.87""E"
New Taipei City,,,25.03926,121.44874,"25°02'21.34""N","121°26'55.46""E"
New Taipei City,,,25.03928,121.448795,"25°02'21.41""N","121°26'55.66""E"
New Taipei City,,,25.039157,121.448467,"25°02'20.97""N","121°26'54.48""E"
New Taipei City,,,25.049388,121.464014,"25°02'57.80""N","121°27'50.45""E"
New Taipei City,,,25.049376,121.464291,"25°02'57.75""N","121°27'51.45""E"
New Taipei City,,,24.992655,121.424075,"24°59'33.56""N","121°25'26.67""E"
New Taipei City,,,24.992583,121.424032,"24°59'33.30""N","121°25'26.52""E"
New Taipei City,,,25.049359,121.464667,"25°02'57.69""N","121°27'52.80""E"
New Taipei City,,,25.149289,121.399101,"25°08'57.44""N","121°23'56.76""E"
New Taipei City,,,25.043393,121.451345,"25°02'36.21""N","121°27'04.84""E"
New Taipei City,,,25.04341,121.451454,"25°02'36.28""N","121°27'05.23""E"
New Taipei City,,,25.04343,121.451558,"25°02'36.35""N","121°27'05.61""E"
New Taipei City,,,24.982704,121.412084,"24°58'57.73""N","121°24'43.50""E"
New Taipei City,,,24.98268,121.412129,"24°58'57.65""N","121°24'43.66""E"
New Taipei City,,,25.043439,121.451607,"25°02'36.38""N","121°27'05.79""E"
New Taipei City,,,25.043452,121.45167,"25°02'36.43""N","121°27'06.01""E"
New Taipei City,,,25.043462,121.451719,"25°02'36.46""N","121°27'06.19""E"
New Taipei City,,,25.053187,121.459691,"25°03'11.47""N","121°27'34.89""E"
New Taipei City,,,25.052998,121.459692,"25°03'10.79""N","121°27'34.89""E"
New Taipei City,,,25.015371,121.432827,"25°00'55.34""N","121°25'58.18""E"
New Taipei City,,,25.000182,121.492185,"25°00'00.66""N","121°29'31.87""E"
New Taipei City,,,25.077196,121.466963,"25°04'37.91""N","121°28'01.07""E"
New Taipei City,,,25.08634,121.471043,"25°05'10.82""N","121°28'15.75""E"
New Taipei City,,,25.086299,121.471067,"25°05'10.68""N","121°28'15.84""E"
New Taipei City,,,25.086108,121.471172,"25°05'09.99""N","121°28'16.22""E"
New Taipei City,,,25.085792,121.471345,"25°05'08.85""N","121°28'16.84""E"
New Taipei City,,,25.072776,121.435556,"25°04'21.99""N","121°26'08.00""E"
New Taipei City,,,25.08607,121.471303,"25°05'09.85""N","121°28'16.69""E"
New Taipei City,,,25.015749,121.432843,"25°00'56.70""N","121°25'58.23""E"
New Taipei City,,,25.015794,121.432844,"25°00'56.86""N","121°25'58.24""E"
New Taipei City,,,25.015523,121.432833,"25°00'55.88""N","121°25'58.20""E"
New Taipei City,,,25.015658,121.432839,"25°00'56.37""N","121°25'58.22""E"
New Taipei City,,,25.015568,121.432835,"25°00'56.04""N","121°25'58.21""E"
New Taipei City,,,25.015613,121.432837,"25°00'56.21""N","121°25'58.21""E"
New Taipei City,,,25.015478,121.432831,"25°00'55.72""N","121°25'58.19""E"
New Taipei City,,,25.091581,121.460269,"25°05'29.69""N","121°27'36.97""E"
New Taipei City,,,25.091628,121.460287,"25°05'29.86""N","121°27'37.03""E"
New Taipei City,,,25.091675,121.460304,"25°05'30.03""N","121°27'37.09""E"
New Taipei City,,,25.091792,121.460349,"25°05'30.45""N","121°27'37.26""E"
New Taipei City,,,25.075949,121.496969,"25°04'33.42""N","121°29'49.09""E"
New Taipei City,,,25.06355,121.488118,"25°03'48.78""N","121°29'17.22""E"
New Taipei City,,,25.070979,121.492274,"25°04'15.52""N","121°29'32.19""E"
New Taipei City,,,25.075384,121.50108,"25°04'31.38""N","121°30'03.89""E"
New Taipei City,,,25.064903,121.4882,"25°03'53.65""N","121°29'17.52""E"
New Taipei City,,,25.075426,121.501063,"25°04'31.53""N","121°30'03.83""E"
New Taipei City,,,25.075177,121.495911,"25°04'30.64""N","121°29'45.28""E"
New Taipei City,,,25.074837,121.495499,"25°04'29.41""N","121°29'43.80""E"
New Taipei City,,,25.076155,121.497778,"25°04'34.16""N","121°29'52.00""E"
New Taipei City,,,25.076142,121.497726,"25°04'34.11""N","121°29'51.81""E"
New Taipei City,,,25.076286,121.498268,"25°04'34.63""N","121°29'53.76""E"
New Taipei City,,,25.076217,121.49801,"25°04'34.38""N","121°29'52.84""E"
New Taipei City,,,25.076205,121.497962,"25°04'34.34""N","121°29'52.66""E"
New Taipei City,,,25.076193,121.497915,"25°04'34.29""N","121°29'52.49""E"
New Taipei City,,,25.07618,121.497862,"25°04'34.25""N","121°29'52.30""E"
New Taipei City,,,25.074105,121.491467,"25°04'26.78""N","121°29'29.28""E"
New Taipei City,,,25.073106,121.478759,"25°04'23.18""N","121°28'43.53""E"
New Taipei City,,,25.079653,121.434369,"25°04'46.75""N","121°26'03.73""E"
New Taipei City,,,25.073796,121.475281,"25°04'25.67""N","121°28'31.01""E"
New Taipei City,,,25.073867,121.474999,"25°04'25.92""N","121°28'30.00""E"
New Taipei City,,,25.07388,121.474947,"25°04'25.97""N","121°28'29.81""E"
New Taipei City,,,25.073906,121.474841,"25°04'26.06""N","121°28'29.43""E"
New Taipei City,,,25.075716,121.496182,"25°04'32.58""N","121°29'46.26""E"
New Taipei City,,,25.075735,121.496238,"25°04'32.65""N","121°29'46.46""E"
New Taipei City,,,25.075782,121.496391,"25°04'32.82""N","121°29'47.01""E"
New Taipei City,,,25.054444,121.491424,"25°03'16.00""N","121°29'29.13""E"
New Taipei City,,,25.076371,121.4986,"25°04'34.94""N","121°29'54.96""E"
New Taipei City,,,25.076353,121.49853,"25°04'34.87""N","121°29'54.71""E"
New Taipei City,,,24.987047,121.454933,"24°59'13.37""N","121°27'17.76""E"
New Taipei City,,,25.087877,121.470542,"25°05'16.36""N","121°28'13.95""E"
New Taipei City,,,25.012398,121.509465,"25°00'44.63""N","121°30'34.07""E"
New Taipei City,,,25.061119,121.628075,"25°03'40.03""N","121°37'41.07""E"
New Taipei City,,,25.15003,121.399916,"25°09'00.11""N","121°23'59.70""E"
New Taipei City,,,25.149996,121.399869,"25°08'59.99""N","121°23'59.53""E"
New Taipei City,,,25.074391,121.482674,"25°04'27.81""N","121°28'57.63""E"
New Taipei City,,,25.149861,121.399683,"25°08'59.50""N","121°23'58.86""E"
New Taipei City,,,24.949319,121.385556,"24°56'57.55""N","121°23'08.00""E"
New Taipei City,,,25.029656,121.413833,"25°01'46.76""N","121°24'49.80""E"
New Taipei City,,,25.066474,121.359408,"25°03'59.31""N","121°21'33.87""E"
New Taipei City,,,25.029857,121.423756,"25°01'47.49""N","121°25'25.52""E"
New Taipei City,,,25.068818,121.434414,"25°04'07.74""N","121°26'03.89""E"
New Taipei City,,,25.048723,121.61936,"25°02'55.40""N","121°37'09.70""E"
New Taipei City,,,25.017099,121.423953,"25°01'01.56""N","121°25'26.23""E"
New Taipei City,,,25.159051,121.408691,"25°09'32.58""N","121°24'31.29""E"
New Taipei City,,,25.016263,121.423805,"25°00'58.55""N","121°25'25.70""E"
New Taipei City,,,25.016963,121.42402,"25°01'01.07""N","121°25'26.47""E"
New Taipei City,,,25.071352,121.48498,"25°04'16.87""N","121°29'05.93""E"
New Taipei City,,,25.071177,121.485174,"25°04'16.24""N","121°29'06.63""E"
New Taipei City,,,25.061527,121.628682,"25°03'41.50""N","121°37'43.26""E"
New Taipei City,,,25.074089,121.368758,"25°04'26.72""N","121°22'07.53""E"
New Taipei City,,,25.089689,121.460296,"25°05'22.88""N","121°27'37.07""E"
New Taipei City,,,25.004066,121.463335,"25°00'14.64""N","121°27'48.01""E"
New Taipei City,,,25.004129,121.463722,"25°00'14.86""N","121°27'49.40""E"
New Taipei City,,,24.928431,121.376375,"24°55'42.35""N","121°22'34.95""E"
New Taipei City,,,24.996269,121.492099,"24°59'46.57""N","121°29'31.56""E"
New Taipei City,,,25.09093,121.462514,"25°05'27.35""N","121°27'45.05""E"
New Taipei City,,,25.007528,121.414985,"25°00'27.10""N","121°24'53.95""E"
New Taipei City,,,25.007793,121.414969,"25°00'28.05""N","121°24'53.89""E"
New Taipei City,,,25.067203,121.640525,"25°04'01.93""N","121°38'25.89""E"
New Taipei City,,,25.059424,121.624748,"25°03'33.93""N","121°37'29.09""E"
New Taipei City,,,25.059381,121.624776,"25°03'33.77""N","121°37'29.19""E"
New Taipei City,,,24.97583,121.332888,"24°58'32.99""N","121°19'58.40""E"
New Taipei City,,,25.075643,121.639289,"25°04'32.31""N","121°38'21.44""E"
New Taipei City,,,25.075658,121.639278,"25°04'32.37""N","121°38'21.40""E"
New Taipei City,,,25.075552,121.639355,"25°04'31.99""N","121°38'21.68""E"
New Taipei City,,,25.075568,121.639344,"25°04'32.04""N","121°38'21.64""E"
New Taipei City,,,25.075583,121.639333,"25°04'32.10""N","121°38'21.60""E"
New Taipei City,,,25.070423,121.475814,"25°04'13.52""N","121°28'32.93""E"
New Taipei City,,,25.059697,121.488449,"25°03'34.91""N","121°29'18.42""E"
New Taipei City,,,25.059657,121.48848,"25°03'34.77""N","121°29'18.53""E"
New Taipei City,,,25.061464,121.490267,"25°03'41.27""N","121°29'24.96""E"
New Taipei City,,,25.066436,121.484097,"25°03'59.17""N","121°29'02.75""E"
New Taipei City,,,25.066338,121.484227,"25°03'58.82""N","121°29'03.22""E"
New Taipei City,,,25.071763,121.472161,"25°04'18.35""N","121°28'19.78""E"
New Taipei City,,,25.066811,121.483571,"25°04'00.52""N","121°29'00.86""E"
New Taipei City,,,25.063195,121.488969,"25°03'47.50""N","121°29'20.29""E"
New Taipei City,,,25.065759,121.484855,"25°03'56.73""N","121°29'05.48""E"
New Taipei City,,,25.069292,121.478612,"25°04'09.45""N","121°28'43.00""E"
New Taipei City,,,25.071627,121.472793,"25°04'17.86""N","121°28'22.05""E"
New Taipei City,,,25.013045,121.506956,"25°00'46.96""N","121°30'25.04""E"
New Taipei City,,,25.01301,121.506924,"25°00'46.84""N","121°30'24.93""E"
New Taipei City,,,24.996235,121.527833,"24°59'46.45""N","121°31'40.20""E"
New Taipei City,,,24.996282,121.527852,"24°59'46.62""N","121°31'40.27""E"
New Taipei City,,,25.073333,121.461614,"25°04'24.00""N","121°27'41.81""E"
New Taipei City,,,25.069303,121.478559,"25°04'09.49""N","121°28'42.81""E"
New Taipei City,,,25.086851,121.386601,"25°05'12.66""N","121°23'11.76""E"
New Taipei City,,,25.086996,121.386682,"25°05'13.19""N","121°23'12.06""E"
New Taipei City,,,25.087044,121.386709,"25°05'13.36""N","121°23'12.15""E"
New Taipei City,,,25.087093,121.386736,"25°05'13.53""N","121°23'12.25""E"
New Taipei City,,,25.08719,121.386794,"25°05'13.88""N","121°23'12.46""E"
New Taipei City,,,25.087238,121.386822,"25°05'14.06""N","121°23'12.56""E"
New Taipei City,,,25.087286,121.386849,"25°05'14.23""N","121°23'12.66""E"
New Taipei City,,,25.087333,121.386877,"25°05'14.40""N","121°23'12.76""E"
New Taipei City,,,24.995111,121.469447,"24°59'42.40""N","121°28'10.01""E"
New Taipei City,,,24.99515,121.46948,"24°59'42.54""N","121°28'10.13""E"
New Taipei City,,,25.036974,121.434884,"25°02'13.11""N","121°26'05.58""E"
New Taipei City,,,24.982985,121.413491,"24°58'58.75""N","121°24'48.57""E"
New Taipei City,,,24.983009,121.413539,"24°58'58.83""N","121°24'48.74""E"
New Taipei City,,,25.014229,121.512379,"25°00'51.22""N","121°30'44.56""E"
New Taipei City,,,25.037594,121.434072,"25°02'15.34""N","121°26'02.66""E"
New Taipei City,,,24.969219,121.33247,"24°58'09.19""N","121°19'56.89""E"
New Taipei City,,,24.969272,121.332562,"24°58'09.38""N","121°19'57.22""E"
New Taipei City,,,25.034267,121.455304,"25°02'03.36""N","121°27'19.09""E"
New Taipei City,,,24.97975,121.533827,"24°58'47.10""N","121°32'01.78""E"
New Taipei City,,,25.033513,121.453693,"25°02'00.65""N","121°27'13.29""E"
New Taipei City,,,24.983032,121.413587,"24°58'58.92""N","121°24'48.91""E"
New Taipei City,,,24.982652,121.41218,"24°58'57.55""N","121°24'43.85""E"
New Taipei City,,,24.987607,121.422646,"24°59'15.39""N","121°25'21.53""E"
New Taipei City,,,24.993359,121.423571,"24°59'36.09""N","121°25'24.86""E"
New Taipei City,,,25.063434,121.447679,"25°03'48.36""N","121°26'51.64""E"
New Taipei City,,,25.063473,121.447712,"25°03'48.50""N","121°26'51.76""E"
New Taipei City,,,25.063551,121.44778,"25°03'48.78""N","121°26'52.01""E"
New Taipei City,,,25.06359,121.447814,"25°03'48.92""N","121°26'52.13""E"
New Taipei City,,,25.065228,121.449106,"25°03'54.82""N","121°26'56.78""E"
New Taipei City,,,25.065305,121.449162,"25°03'55.10""N","121°26'56.98""E"
New Taipei City,,,25.065344,121.449195,"25°03'55.24""N","121°26'57.10""E"
New Taipei City,,,25.065427,121.449271,"25°03'55.54""N","121°26'57.38""E"
New Taipei City,,,25.065466,121.449304,"25°03'55.68""N","121°26'57.49""E"
New Taipei City,,,25.002259,121.515009,"25°00'08.13""N","121°30'54.03""E"
New Taipei City,,,25.002341,121.514987,"25°00'08.43""N","121°30'53.95""E"
New Taipei City,,,25.016634,121.432736,"25°00'59.88""N","121°25'57.85""E"
New Taipei City,,,25.06664,121.450296,"25°03'59.90""N","121°27'01.07""E"
New Taipei City,,,25.066781,121.450407,"25°04'00.41""N","121°27'01.47""E"
New Taipei City,,,25.066821,121.450438,"25°04'00.56""N","121°27'01.58""E"
New Taipei City,,,25.066942,121.45052,"25°04'00.99""N","121°27'01.87""E"
New Taipei City,,,25.066983,121.450551,"25°04'01.14""N","121°27'01.98""E"
New Taipei City,,,25.000165,121.500782,"25°00'00.59""N","121°30'02.82""E"
New Taipei City,,,25.000169,121.501,"25°00'00.61""N","121°30'03.60""E"
New Taipei City,,,24.998962,121.469786,"24°59'56.26""N","121°28'11.23""E"
New Taipei City,,,24.998919,121.469758,"24°59'56.11""N","121°28'11.13""E"
New Taipei City,,,24.998877,121.46973,"24°59'55.96""N","121°28'11.03""E"
New Taipei City,,,24.979086,121.538849,"24°58'44.71""N","121°32'19.86""E"
New Taipei City,,,25.081859,121.47544,"25°04'54.69""N","121°28'31.58""E"
New Taipei City,,,24.979124,121.538814,"24°58'44.85""N","121°32'19.73""E"
New Taipei City,,,25.005038,121.622454,"25°00'18.14""N","121°37'20.83""E"
New Taipei City,,,24.987367,121.539443,"24°59'14.52""N","121°32'21.99""E"
New Taipei City,,,24.987369,121.539385,"24°59'14.53""N","121°32'21.79""E"
New Taipei City,,,24.987371,121.539328,"24°59'14.54""N","121°32'21.58""E"
New Taipei City,,,24.987431,121.538944,"24°59'14.75""N","121°32'20.20""E"
New Taipei City,,,24.987443,121.538888,"24°59'14.79""N","121°32'20.00""E"
New Taipei City,,,24.987455,121.538832,"24°59'14.84""N","121°32'19.80""E"
New Taipei City,,,24.987466,121.538776,"24°59'14.88""N","121°32'19.59""E"
New Taipei City,,,24.987478,121.53872,"24°59'14.92""N","121°32'19.39""E"
New Taipei City,,,25.005017,121.622405,"25°00'18.06""N","121°37'20.66""E"
New Taipei City,,,25.004995,121.622356,"25°00'17.98""N","121°37'20.48""E"
New Taipei City,,,24.98749,121.538664,"24°59'14.96""N","121°32'19.19""E"
New Taipei City,,,24.987652,121.538056,"24°59'15.55""N","121°32'17.00""E"
New Taipei City,,,24.987669,121.53801,"24°59'15.61""N","121°32'16.84""E"
New Taipei City,,,24.987684,121.537963,"24°59'15.66""N","121°32'16.67""E"
New Taipei City,,,24.9877,121.537917,"24°59'15.72""N","121°32'16.50""E"
New Taipei City,,,24.987715,121.53787,"24°59'15.77""N","121°32'16.33""E"
New Taipei City,,,24.9878,121.53764,"24°59'16.08""N","121°32'15.50""E"
New Taipei City,,,24.987819,121.537595,"24°59'16.15""N","121°32'15.34""E"
New Taipei City,,,24.987838,121.53755,"24°59'16.22""N","121°32'15.18""E"
New Taipei City,,,24.987941,121.537329,"24°59'16.59""N","121°32'14.38""E"
New Taipei City,,,24.987964,121.537286,"24°59'16.67""N","121°32'14.23""E"
New Taipei City,,,24.987987,121.537244,"24°59'16.75""N","121°32'14.08""E"
New Taipei City,,,24.998794,121.431369,"24°59'55.66""N","121°25'52.93""E"
New Taipei City,,,24.998881,121.431442,"24°59'55.97""N","121°25'53.19""E"
New Taipei City,,,24.998921,121.43148,"24°59'56.12""N","121°25'53.33""E"
New Taipei City,,,25.062984,121.654237,"25°03'46.74""N","121°39'15.25""E"
New Taipei City,,,25.069274,121.664677,"25°04'09.39""N","121°39'52.84""E"
New Taipei City,,,24.999992,121.433984,"24°59'59.97""N","121°26'02.34""E"
New Taipei City,,,25.000015,121.434154,"25°00'00.05""N","121°26'02.95""E"
New Taipei City,,,25.057242,121.49969,"25°03'26.07""N","121°29'58.88""E"
New Taipei City,,,25.056946,121.499323,"25°03'25.01""N","121°29'57.56""E"
New Taipei City,,,25.057176,121.499608,"25°03'25.83""N","121°29'58.59""E"
New Taipei City,,,25.009312,121.469023,"25°00'33.52""N","121°28'08.48""E"
New Taipei City,,,25.009291,121.468972,"25°00'33.45""N","121°28'08.30""E"
New Taipei City,,,25.048335,121.619275,"25°02'54.01""N","121°37'09.39""E"
New Taipei City,,,24.994115,121.462407,"24°59'38.81""N","121°27'44.67""E"
New Taipei City,,,25.219781,121.641811,"25°13'11.21""N","121°38'30.52""E"
New Taipei City,,,25.219646,121.6418,"25°13'10.73""N","121°38'30.48""E"
New Taipei City,,,25.072817,121.373306,"25°04'22.14""N","121°22'23.90""E"
New Taipei City,,,25.072554,121.373559,"25°04'21.19""N","121°22'24.81""E"
New Taipei City,,,25.062657,121.481085,"25°03'45.57""N","121°28'51.91""E"
New Taipei City,,,25.062659,121.480922,"25°03'45.57""N","121°28'51.32""E"
New Taipei City,,,24.994159,121.4624,"24°59'38.97""N","121°27'44.64""E"
New Taipei City,,,25.062658,121.481031,"25°03'45.57""N","121°28'51.71""E"
New Taipei City,,,25.062655,121.481139,"25°03'45.56""N","121°28'52.10""E"
New Taipei City,,,25.062653,121.481248,"25°03'45.55""N","121°28'52.49""E"
New Taipei City,,,25.062654,121.481194,"25°03'45.55""N","121°28'52.30""E"
New Taipei City,,,25.062652,121.481303,"25°03'45.55""N","121°28'52.69""E"
New Taipei City,,,25.062658,121.480976,"25°03'45.57""N","121°28'51.51""E"
New Taipei City,,,25.062577,121.481134,"25°03'45.28""N","121°28'52.08""E"
New Taipei City,,,25.062576,121.481188,"25°03'45.27""N","121°28'52.28""E"
New Taipei City,,,25.062578,121.481079,"25°03'45.28""N","121°28'51.88""E"
New Taipei City,,,25.086429,121.457402,"25°05'11.14""N","121°27'26.65""E"
New Taipei City,,,25.062585,121.466315,"25°03'45.31""N","121°27'58.73""E"
New Taipei City,,,25.039119,121.448367,"25°02'20.83""N","121°26'54.12""E"
New Taipei City,,,25.039138,121.448417,"25°02'20.90""N","121°26'54.30""E"
New Taipei City,,,25.063516,121.452366,"25°03'48.66""N","121°27'08.52""E"
New Taipei City,,,25.06449,121.453183,"25°03'52.16""N","121°27'11.46""E"
New Taipei City,,,25.06445,121.45315,"25°03'52.02""N","121°27'11.34""E"
New Taipei City,,,25.064906,121.453412,"25°03'53.66""N","121°27'12.28""E"
New Taipei City,,,25.022966,121.45659,"25°01'22.68""N","121°27'23.72""E"
New Taipei City,,,25.022997,121.456539,"25°01'22.79""N","121°27'23.54""E"
New Taipei City,,,25.023323,121.456018,"25°01'23.96""N","121°27'21.66""E"
New Taipei City,,,25.023293,121.456058,"25°01'23.85""N","121°27'21.81""E"
New Taipei City,,,25.023359,121.455969,"25°01'24.09""N","121°27'21.49""E"
New Taipei City,,,25.023439,121.455869,"25°01'24.38""N","121°27'21.13""E"
New Taipei City,,,25.023468,121.455831,"25°01'24.48""N","121°27'20.99""E"
New Taipei City,,,25.023506,121.455782,"25°01'24.62""N","121°27'20.82""E"
New Taipei City,,,25.023535,121.455744,"25°01'24.73""N","121°27'20.68""E"
New Taipei City,,,25.023573,121.455695,"25°01'24.86""N","121°27'20.50""E"
New Taipei City,,,25.023602,121.455657,"25°01'24.97""N","121°27'20.37""E"
New Taipei City,,,25.024034,121.454924,"25°01'26.52""N","121°27'17.73""E"
New Taipei City,,,25.02398,121.454994,"25°01'26.33""N","121°27'17.98""E"
New Taipei City,,,25.023869,121.455145,"25°01'25.93""N","121°27'18.52""E"
New Taipei City,,,25.023814,121.455217,"25°01'25.73""N","121°27'18.78""E"
New Taipei City,,,25.023749,121.455299,"25°01'25.50""N","121°27'19.08""E"
New Taipei City,,,25.02371,121.455349,"25°01'25.36""N","121°27'19.26""E"
New Taipei City,,,25.023653,121.455422,"25°01'25.15""N","121°27'19.52""E"
New Taipei City,,,25.023611,121.455476,"25°01'25.00""N","121°27'19.71""E"
New Taipei City,,,25.023525,121.455587,"25°01'24.69""N","121°27'20.11""E"
New Taipei City,,,25.023486,121.455637,"25°01'24.55""N","121°27'20.29""E"
New Taipei City,,,25.02344,121.455697,"25°01'24.38""N","121°27'20.51""E"
New Taipei City,,,25.02339,121.455761,"25°01'24.20""N","121°27'20.74""E"
New Taipei City,,,25.023323,121.455846,"25°01'23.96""N","121°27'21.05""E"
New Taipei City,,,25.023275,121.455907,"25°01'23.79""N","121°27'21.27""E"
New Taipei City,,,25.023222,121.455975,"25°01'23.60""N","121°27'21.51""E"
New Taipei City,,,25.023127,121.45612,"25°01'23.26""N","121°27'22.03""E"
New Taipei City,,,25.015433,121.432829,"25°00'55.56""N","121°25'58.18""E"
New Taipei City,,,25.015703,121.432841,"25°00'56.53""N","121°25'58.23""E"
New Taipei City,,,25.015071,121.432813,"25°00'54.26""N","121°25'58.13""E"
New Taipei City,,,25.014981,121.432809,"25°00'53.93""N","121°25'58.11""E"
New Taipei City,,,25.016422,121.432872,"25°00'59.12""N","121°25'58.34""E"
New Taipei City,,,25.016512,121.432876,"25°00'59.44""N","121°25'58.35""E"
New Taipei City,,,25.016331,121.432868,"25°00'58.79""N","121°25'58.32""E"
New Taipei City,,,25.016467,121.432874,"25°00'59.28""N","121°25'58.35""E"
New Taipei City,,,25.016376,121.43287,"25°00'58.95""N","121°25'58.33""E"
New Taipei City,,,25.016665,121.432883,"25°00'59.99""N","121°25'58.38""E"
New Taipei City,,,25.01662,121.432881,"25°00'59.83""N","121°25'58.37""E"
New Taipei City,,,25.0168,121.432888,"25°01'00.48""N","121°25'58.40""E"
New Taipei City,,,25.01671,121.432885,"25°01'00.16""N","121°25'58.39""E"
New Taipei City,,,25.01689,121.432892,"25°01'00.80""N","121°25'58.41""E"
New Taipei City,,,25.016755,121.432886,"25°01'00.32""N","121°25'58.39""E"
New Taipei City,,,25.016845,121.43289,"25°01'00.64""N","121°25'58.40""E"
New Taipei City,,,25.01825,121.432809,"25°01'05.70""N","121°25'58.11""E"
New Taipei City,,,25.017816,121.432782,"25°01'04.14""N","121°25'58.02""E"
New Taipei City,,,25.017771,121.43278,"25°01'03.98""N","121°25'58.01""E"
New Taipei City,,,25.017726,121.432777,"25°01'03.81""N","121°25'58.00""E"
New Taipei City,,,25.016453,121.432726,"25°00'59.23""N","121°25'57.81""E"
New Taipei City,,,25.016407,121.432725,"25°00'59.07""N","121°25'57.81""E"
New Taipei City,,,25.016499,121.432729,"25°00'59.40""N","121°25'57.82""E"
New Taipei City,,,25.016362,121.432722,"25°00'58.90""N","121°25'57.80""E"
New Taipei City,,,25.016544,121.432732,"25°00'59.56""N","121°25'57.84""E"
New Taipei City,,,25.016589,121.432734,"25°00'59.72""N","121°25'57.84""E"
New Taipei City,,,25.086407,121.471115,"25°05'11.07""N","121°28'16.01""E"
New Taipei City,,,25.016679,121.432738,"25°01'00.04""N","121°25'57.86""E"
New Taipei City,,,25.016725,121.432739,"25°01'00.21""N","121°25'57.86""E"
New Taipei City,,,25.016815,121.432743,"25°01'00.53""N","121°25'57.87""E"
New Taipei City,,,25.017504,121.432778,"25°01'03.01""N","121°25'58.00""E"
New Taipei City,,,25.086447,121.471093,"25°05'11.21""N","121°28'15.93""E"
New Taipei City,,,25.015639,121.432692,"25°00'56.30""N","121°25'57.69""E"
New Taipei City,,,25.015684,121.432694,"25°00'56.46""N","121°25'57.70""E"
New Taipei City,,,25.01452,121.432635,"25°00'52.27""N","121°25'57.49""E"
New Taipei City,,,25.067117,121.450656,"25°04'01.62""N","121°27'02.36""E"
New Taipei City,,,25.068707,121.452563,"25°04'07.35""N","121°27'09.23""E"
New Taipei City,,,25.068814,121.452882,"25°04'07.73""N","121°27'10.38""E"
New Taipei City,,,25.069186,121.454194,"25°04'09.07""N","121°27'15.10""E"
New Taipei City,,,25.069225,121.454367,"25°04'09.21""N","121°27'15.72""E"
New Taipei City,,,25.06924,121.454418,"25°04'09.26""N","121°27'15.90""E"
New Taipei City,,,25.069323,121.454616,"25°04'09.56""N","121°27'16.62""E"
New Taipei City,,,25.069414,121.454787,"25°04'09.89""N","121°27'17.23""E"
New Taipei City,,,25.069511,121.454972,"25°04'10.24""N","121°27'17.90""E"
New Taipei City,,,25.069569,121.455101,"25°04'10.45""N","121°27'18.36""E"
New Taipei City,,,25.069604,121.455203,"25°04'10.57""N","121°27'18.73""E"
New Taipei City,,,25.069587,121.455152,"25°04'10.51""N","121°27'18.55""E"
New Taipei City,,,25.069941,121.456139,"25°04'11.79""N","121°27'22.10""E"
New Taipei City,,,25.06996,121.456189,"25°04'11.86""N","121°27'22.28""E"
New Taipei City,,,25.070107,121.456552,"25°04'12.39""N","121°27'23.59""E"
New Taipei City,,,25.070127,121.456602,"25°04'12.46""N","121°27'23.77""E"
New Taipei City,,,25.070146,121.456652,"25°04'12.53""N","121°27'23.95""E"
New Taipei City,,,25.070166,121.456702,"25°04'12.60""N","121°27'24.13""E"
New Taipei City,,,25.070186,121.456752,"25°04'12.67""N","121°27'24.31""E"
New Taipei City,,,25.07033,121.456459,"25°04'13.19""N","121°27'23.25""E"
New Taipei City,,,25.07031,121.456409,"25°04'13.12""N","121°27'23.07""E"
New Taipei City,,,25.069438,121.454152,"25°04'09.98""N","121°27'14.95""E"
New Taipei City,,,25.069417,121.454102,"25°04'09.90""N","121°27'14.77""E"
New Taipei City,,,25.06929,121.453847,"25°04'09.44""N","121°27'13.85""E"
New Taipei City,,,25.069138,121.453388,"25°04'08.90""N","121°27'12.20""E"
New Taipei City,,,25.068949,121.452807,"25°04'08.22""N","121°27'10.11""E"
New Taipei City,,,25.068904,121.452676,"25°04'08.05""N","121°27'09.63""E"
New Taipei City,,,25.06754,121.450795,"25°04'03.14""N","121°27'02.86""E"
New Taipei City,,,25.067499,121.450764,"25°04'03.00""N","121°27'02.75""E"
New Taipei City,,,25.067358,121.450651,"25°04'02.49""N","121°27'02.34""E"
New Taipei City,,,25.067317,121.450619,"25°04'02.34""N","121°27'02.23""E"
New Taipei City,,,25.080579,121.374777,"25°04'50.08""N","121°22'29.20""E"
New Taipei City,,,25.000945,121.477008,"25°00'03.40""N","121°28'37.23""E"
New Taipei City,,,25.00034,121.476762,"25°00'01.22""N","121°28'36.34""E"
New Taipei City,,,25.000386,121.476781,"25°00'01.39""N","121°28'36.41""E"
New Taipei City,,,25.076339,121.498478,"25°04'34.82""N","121°29'54.52""E"
New Taipei City,,,25.054368,121.490279,"25°03'15.72""N","121°29'25.00""E"
New Taipei City,,,25.054364,121.49026,"25°03'15.71""N","121°29'24.94""E"
New Taipei City,,,25.054343,121.490163,"25°03'15.63""N","121°29'24.59""E"
New Taipei City,,,25.054339,121.490144,"25°03'15.62""N","121°29'24.52""E"
New Taipei City,,,25.054335,121.490125,"25°03'15.61""N","121°29'24.45""E"
New Taipei City,,,25.054331,121.490106,"25°03'15.59""N","121°29'24.38""E"
New Taipei City,,,25.054327,121.490086,"25°03'15.58""N","121°29'24.31""E"
New Taipei City,,,25.054323,121.490067,"25°03'15.56""N","121°29'24.24""E"
New Taipei City,,,25.054318,121.490048,"25°03'15.54""N","121°29'24.17""E"
New Taipei City,,,25.054314,121.490028,"25°03'15.53""N","121°29'24.10""E"
New Taipei City,,,25.05431,121.490009,"25°03'15.52""N","121°29'24.03""E"
New Taipei City,,,25.054281,121.489899,"25°03'15.41""N","121°29'23.64""E"
New Taipei City,,,25.054276,121.48988,"25°03'15.39""N","121°29'23.57""E"
New Taipei City,,,25.054272,121.489861,"25°03'15.38""N","121°29'23.50""E"
New Taipei City,,,25.054267,121.489842,"25°03'15.36""N","121°29'23.43""E"
New Taipei City,,,25.054262,121.489823,"25°03'15.34""N","121°29'23.36""E"
New Taipei City,,,25.054258,121.489803,"25°03'15.33""N","121°29'23.29""E"
New Taipei City,,,25.054253,121.489784,"25°03'15.31""N","121°29'23.22""E"
New Taipei City,,,25.054249,121.489765,"25°03'15.30""N","121°29'23.15""E"
New Taipei City,,,25.054239,121.489727,"25°03'15.26""N","121°29'23.02""E"
New Taipei City,,,25.054235,121.489708,"25°03'15.25""N","121°29'22.95""E"
New Taipei City,,,25.079673,121.434319,"25°04'46.82""N","121°26'03.55""E"
New Taipei City,,,25.075764,121.500615,"25°04'32.75""N","121°30'02.21""E"
New Taipei City,,,25.076455,121.498946,"25°04'35.24""N","121°29'56.21""E"
New Taipei City,,,25.079692,121.434268,"25°04'46.89""N","121°26'03.36""E"
New Taipei City,,,25.055681,121.497663,"25°03'20.45""N","121°29'51.59""E"
New Taipei City,,,25.055521,121.497455,"25°03'19.88""N","121°29'50.84""E"
New Taipei City,,,25.074572,121.471922,"25°04'28.46""N","121°28'18.92""E"
New Taipei City,,,25.074585,121.47187,"25°04'28.51""N","121°28'18.73""E"
New Taipei City,,,25.074558,121.471974,"25°04'28.41""N","121°28'19.11""E"
New Taipei City,,,25.074108,121.474068,"25°04'26.79""N","121°28'26.64""E"
New Taipei City,,,25.062512,121.466316,"25°03'45.04""N","121°27'58.74""E"
New Taipei City,,,25.004367,121.429719,"25°00'15.72""N","121°25'46.99""E"
New Taipei City,,,24.955999,121.353578,"24°57'21.60""N","121°21'12.88""E"
New Taipei City,,,24.955938,121.353385,"24°57'21.38""N","121°21'12.19""E"
Taipei City,中山區,一江街A,25.053873709199138,121.53157348840881,"25°03'13.95""N","121°31'53.66""E"
Taipei City,中山區,中原街,25.0566983689273,121.52890756041948,"25°03'24.11""N","121°31'44.07""E"
Taipei City,中山區,中山北路2段77巷,25.057504430272278,121.52523618387565,"25°03'27.02""N","121°31'30.85""E"
Taipei City,中山區,中山北路3段,25.06480378083596,121.5219390996803,"25°03'53.29""N","121°31'18.98""E"
Taipei City,中山區,中山北路3段,25.06425404121775,121.52195852862974,"25°03'51.31""N","121°31'19.05""E"
Taipei City,中山區,中山北路3段,25.064811828575607,121.52198838921055,"25°03'53.32""N","121°31'19.16""E"
Taipei City,中山區,中山北路3段36巷14弄,25.065419459757045,121.52144442993539,"25°03'55.51""N","121°31'17.20""E"
Taipei City,中山區,中山北路二段44巷,25.054796058180603,121.52169934341383,"25°03'17.27""N","121°31'18.12""E"
Taipei City,中山區,五常街,25.06427951985716,121.53762111733943,"25°03'51.41""N","121°32'15.44""E"
Taipei City,中山區,五常街臨時平面停車場,25.064380991682704,121.54230061919543,"25°03'51.77""N","121°32'32.28""E"
Taipei City,中山區,伊通街A,25.0523095104551,121.53474197179531,"25°03'08.31""N","121°32'05.07""E"
Taipei City,中山區,伊通街A,25.054095611850414,121.53475985992597,"25°03'14.74""N","121°32'05.14""E"
Taipei City,中山區,伊通街B,25.04913353137757,121.53467198759301,"25°02'56.88""N","121°32'04.82""E"
Taipei City,中山區,八德路2段199巷,25.046623735898123,121.53912986871987,"25°02'47.85""N","121°32'20.87""E"
Taipei City,中山區,八德路2段337巷,25.047630436092124,121.5434316153938,"25°02'51.47""N","121°32'36.35""E"
Taipei City,中山區,北安路458巷,25.07948682224237,121.54461402830994,"25°04'46.15""N","121°32'40.61""E"
Taipei City,中山區,北安路458巷41弄,25.07873393470352,121.54571809494469,"25°04'43.44""N","121°32'44.59""E"
Taipei City,中山區,北安路608巷14弄,25.081266015343374,121.55035141027597,"25°04'52.56""N","121°33'01.27""E"
Taipei City,中山區,北安路621巷,25.0830040855586,121.54831224338817,"25°04'58.81""N","121°32'53.92""E"
Taipei City,中山區,北安路630巷25弄,25.083544709980778,121.55029767310957,"25°05'00.76""N","121°33'01.07""E"
Taipei City,中山區,北安路630巷9弄,25.0835598608701,121.54980731994878,"25°05'00.82""N","121°32'59.31""E"
Taipei City,中山區,北安路811巷,25.085208873595175,121.5553503783437,"25°05'06.75""N","121°33'19.26""E"
Taipei City,中山區,北安路821巷4弄,25.085766847724017,121.55569431598775,"25°05'08.76""N","121°33'20.50""E"
Taipei City,中山區,南京東路1段132巷,25.051811691010098,121.52722653365404,"25°03'06.52""N","121°31'38.02""E"
Taipei City,中山區,南京東路2段(機車),25.052222737279756,121.52834398404073,"25°03'08.00""N","121°31'42.04""E"
Taipei City,中山區,南京東路2段21巷,25.05316326379088,121.5288473075913,"25°03'11.39""N","121°31'43.85""E"
Taipei City,中山區,南京東路3段89巷,25.05228826350631,121.53885152854107,"25°03'08.24""N","121°32'19.87""E"
Taipei City,中山區,合江街116巷,25.05873832911442,121.53941046474942,"25°03'31.46""N","121°32'21.88""E"
Taipei City,中山區,吉林路393巷,25.065614427655838,121.53210063310145,"25°03'56.21""N","121°31'55.56""E"
Taipei City,中山區,吉林路A,25.05301616169103,121.53002732864071,"25°03'10.86""N","121°31'48.10""E"
Taipei City,中山區,吉林路A,25.05246991715369,121.53016915600054,"25°03'08.89""N","121°31'48.61""E"
Taipei City,中山區,吉林路A,25.056222015269967,121.53009188657961,"25°03'22.40""N","121°31'48.33""E"
Taipei City,中山區,吉林路A,25.055075376932944,121.53021736047128,"25°03'18.27""N","121°31'48.78""E"
Taipei City,中山區,吉林路B,25.06214195982412,121.53035714254595,"25°03'43.71""N","121°31'49.29""E"
Taipei City,中山區,吉林路B,25.062165308997844,121.53021352057453,"25°03'43.80""N","121°31'48.77""E"
Taipei City,中山區,吉林路B,25.060964882129966,121.53019064251315,"25°03'39.47""N","121°31'48.69""E"
Taipei City,中山區,吉林路C,25.050311594929447,121.52997128725079,"25°03'01.12""N","121°31'47.90""E"
Taipei City,中山區,吉林路C,25.051694950807974,121.52999979552216,"25°03'06.10""N","121°31'48.00""E"
Taipei City,中山區,吉林路D,25.06328473914019,121.5302336369006,"25°03'47.83""N","121°31'48.84""E"
Taipei City,中山區,基隆河大佳段河濱公園停車場(小車),25.074216204059525,121.53562585407023,"25°04'27.18""N","121°32'08.25""E"
Taipei City,中山區,基隆河大佳段河濱公園停車場(小車),25.07358701162435,121.53976185402757,"25°04'24.91""N","121°32'23.14""E"
Taipei City,中山區,基隆河大佳段河濱公園停車場(小車),25.073755997688114,121.54031657551826,"25°04'25.52""N","121°32'25.14""E"
Taipei City,中山區,基隆河大佳段河濱公園停車場(小車),25.073585441569435,121.53973678988828,"25°04'24.91""N","121°32'23.05""E"
Taipei City,中山區,基隆河大佳段河濱公園停車場(小車),25.07375660367618,121.54034082080207,"25°04'25.52""N","121°32'25.23""E"
Taipei City,中山區,基隆河大佳段河濱公園停車場(小車),25.07379837004719,121.53741099329365,"25°04'25.67""N","121°32'14.68""E"
Taipei City,中山區,基隆河美堤段河濱公園附設平面停車場,25.076395207864362,121.55932875110993,"25°04'35.02""N","121°33'33.58""E"
Taipei City,中山區,基隆河美堤段河濱公園附設平面停車場,25.076867570056628,121.55092786694964,"25°04'36.72""N","121°33'03.34""E"
Taipei City,中山區,基隆河美堤段河濱公園附設平面停車場,25.07654485711409,121.55810288210677,"25°04'35.56""N","121°33'29.17""E"
Taipei City,中山區,基隆河美堤段河濱公園附設平面停車場,25.07606078952562,121.56036314299169,"25°04'33.82""N","121°33'37.31""E"
Taipei City,中山區,基隆河美堤段河濱公園附設平面停車場,25.076763423766714,121.55513549777042,"25°04'36.35""N","121°33'18.49""E"
Taipei City,中山區,基隆河美堤段河濱公園附設平面停車場,25.07686788289579,121.55096428104935,"25°04'36.72""N","121°33'03.47""E"
Taipei City,中山區,基隆河美堤段河濱公園附設平面停車場,25.07676275523172,121.5551937178221,"25°04'36.35""N","121°33'18.70""E"
Taipei City,中山區,基隆河美堤段河濱公園附設平面停車場,25.076763260082608,121.55517216546181,"25°04'36.35""N","121°33'18.62""E"
Taipei City,中山區,基隆河美堤段河濱公園附設平面停車場,25.075877617754465,121.56555104325706,"25°04'33.16""N","121°33'55.98""E"
Taipei City,中山區,基隆河美堤段河濱公園附設平面停車場,25.076760775924004,121.555230848964,"25°04'36.34""N","121°33'18.83""E"
Taipei City,中山區,基隆河美堤段河濱公園附設平面停車場,25.076385760383463,121.55937021961887,"25°04'34.99""N","121°33'33.73""E"
Taipei City,中山區,基隆河美堤段河濱公園附設平面停車場,25.075632321436345,121.56439449657368,"25°04'32.28""N","121°33'51.82""E"
Taipei City,中山區,基隆河迎風段河濱公園停車場(小車),25.073627036115468,121.54748858317114,"25°04'25.06""N","121°32'50.96""E"
Taipei City,中山區,基隆河迎風段河濱公園停車場(小車),25.073627138278226,121.54746343059608,"25°04'25.06""N","121°32'50.87""E"
Taipei City,中山區,基隆河迎風段河濱公園停車場(小車),25.07363384322593,121.54621780643704,"25°04'25.08""N","121°32'46.38""E"
Taipei City,中山區,基隆河迎風段河濱公園停車場(小車),25.07374168295023,121.55020259524916,"25°04'25.47""N","121°33'00.73""E"
Taipei City,中山區,基隆河迎風段河濱公園停車場(小車),25.073633637532282,121.54624475493885,"25°04'25.08""N","121°32'46.48""E"
Taipei City,中山區,基隆河迎風段河濱公園停車場(小車),25.07364279017552,121.54506091404598,"25°04'25.11""N","121°32'42.22""E"
Taipei City,中山區,基隆河迎風段河濱公園停車場(小車),25.07364252604784,121.54508606518374,"25°04'25.11""N","121°32'42.31""E"
Taipei City,中山區,堤頂大道2段西側A,25.07923250687437,121.5635635103968,"25°04'45.24""N","121°33'48.83""E"
Taipei City,中山區,大直街,25.081851484969757,121.54644874077695,"25°04'54.67""N","121°32'47.22""E"
Taipei City,中山區,大直街,25.080338081968343,121.54683839639422,"25°04'49.22""N","121°32'48.62""E"
Taipei City,中山區,天津街A,25.051032065668846,121.52332391265467,"25°03'03.72""N","121°31'23.97""E"
Taipei City,中山區,天津街C,25.048218721762378,121.5225052534137,"25°02'53.59""N","121°31'21.02""E"
Taipei City,中山區,天津街C,25.048317788737602,121.52253480535484,"25°02'53.94""N","121°31'21.13""E"
Taipei City,中山區,天祥路,25.061882251418943,121.52108721790718,"25°03'42.78""N","121°31'15.91""E"
Taipei City,中山區,安東街16巷18弄,25.045044287587178,121.54081868218448,"25°02'42.16""N","121°32'26.95""E"
Taipei City,中山區,崇實路,25.083135000931915,121.54466519219893,"25°04'59.29""N","121°32'40.79""E"
Taipei City,中山區,崇實路,25.08353596126379,121.54456930222271,"25°05'00.73""N","121°32'40.45""E"
Taipei City,中山區,崇實路,25.080573215199934,121.54462610406092,"25°04'50.06""N","121°32'40.65""E"
Taipei City,中山區,崇實路,25.080734587034378,121.54455633049957,"25°04'50.64""N","121°32'40.40""E"
Taipei City,中山區,建國北路1段138巷,25.050970107026277,121.53552291704376,"25°03'03.49""N","121°32'07.88""E"
Taipei City,中山區,建國北路2段A,25.054992078894458,121.53655954063935,"25°03'17.97""N","121°32'11.61""E"
Taipei City,中山區,建國北路3段,25.064728556365587,121.53721450678421,"25°03'53.02""N","121°32'13.97""E"
Taipei City,中山區,復興北路A,25.060007198107655,121.54406991236092,"25°03'36.03""N","121°32'38.65""E"
Taipei City,中山區,復興北路B,25.057322267233708,121.54402091534332,"25°03'26.36""N","121°32'38.48""E"
Taipei City,中山區,復興北路B,25.057215187511808,121.54401810033531,"25°03'25.97""N","121°32'38.47""E"
Taipei City,中山區,復興北路C,25.0495162559531,121.54385474694581,"25°02'58.26""N","121°32'37.88""E"
Taipei City,中山區,德惠街105巷,25.067082325595194,121.52946658661253,"25°04'01.50""N","121°31'46.08""E"
Taipei City,中山區,德惠街B,25.066501165587336,121.53281117707438,"25°03'59.40""N","121°31'58.12""E"
Taipei City,中山區,新生北橋下(八),25.04614812857318,121.53212944987918,"25°02'46.13""N","121°31'55.67""E"
Taipei City,中山區,新生北橋下(八),25.046132379386723,121.53215777909698,"25°02'46.08""N","121°31'55.77""E"
Taipei City,中山區,新生北橋下A(七),25.047039189742847,121.5309935539176,"25°02'49.34""N","121°31'51.58""E"
Taipei City,中山區,新生北橋下A(七),25.04707106815535,121.5309527257601,"25°02'49.46""N","121°31'51.43""E"
Taipei City,中山區,新生北橋下A(七),25.047023250533424,121.53101396799676,"25°02'49.28""N","121°31'51.65""E"
Taipei City,中山區,新生北橋下A(七),25.047055128950138,121.53097313983886,"25°02'49.40""N","121°31'51.50""E"
Taipei City,中山區,新生北橋下A(六),25.050225807549655,121.52831052511485,"25°03'00.81""N","121°31'41.92""E"
Taipei City,中山區,新生北橋下A(六),25.05055372130865,121.52814307254742,"25°03'01.99""N","121°31'41.32""E"
Taipei City,中山區,新生北橋下A(六),25.05032370674272,121.52826625371759,"25°03'01.17""N","121°31'41.76""E"
Taipei City,中山區,新生北橋下A(六),25.050576417646575,121.5281331416552,"25°03'02.08""N","121°31'41.28""E"
Taipei City,中山區,新生北橋下A(六),25.05027475715597,121.52828838941625,"25°03'00.99""N","121°31'41.84""E"
Taipei City,中山區,新生北橋下B(五),25.053703633571164,121.52757712665957,"25°03'13.33""N","121°31'39.28""E"
Taipei City,中山區,新生北橋下B(四),25.056031463047862,121.52750711724762,"25°03'21.71""N","121°31'39.03""E"
Taipei City,中山區,新生北橋下B(四),25.056080282553452,121.5275080424176,"25°03'21.89""N","121°31'39.03""E"
Taipei City,中山區,新生北橋下C(三),25.059407109331225,121.52767281687211,"25°03'33.87""N","121°31'39.62""E"
Taipei City,中山區,新生北橋下C(二),25.06179590470882,121.5277343348175,"25°03'42.47""N","121°31'39.84""E"
Taipei City,中山區,新生北橋下D(一),25.067107128973134,121.5278812941522,"25°04'01.59""N","121°31'40.37""E"
Taipei City,中山區,新生北橋下D(一),25.067847262712196,121.52780165252507,"25°04'04.25""N","121°31'40.09""E"
Taipei City,中山區,新生北橋下D(一),25.064198709428393,121.52780802205771,"25°03'51.12""N","121°31'40.11""E"
Taipei City,中山區,新生北橋下D(一),25.064174312199192,121.52780709332056,"25°03'51.03""N","121°31'40.11""E"
Taipei City,中山區,新生北橋下D(一),25.06708353991431,121.5278805996808,"25°04'01.50""N","121°31'40.37""E"
Taipei City,中山區,新生北橋側,25.06058248308151,121.52732911810335,"25°03'38.10""N","121°31'38.38""E"
Taipei City,中山區,新生北路2段77巷臨時平面,25.05678943557475,121.52825660718328,"25°03'24.44""N","121°31'41.72""E"
Taipei City,中山區,新生北路3段11巷,25.06361588721373,121.52804413031434,"25°03'49.02""N","121°31'40.96""E"
Taipei City,中山區,明水路581巷,25.080035649216107,121.55171768650357,"25°04'48.13""N","121°33'06.18""E"
Taipei City,中山區,明水路672巷,25.083752756210306,121.55111048047249,"25°05'01.51""N","121°33'04.00""E"
Taipei City,中山區,明水路B,25.08496179424138,121.55141477795792,"25°05'05.86""N","121°33'05.09""E"
Taipei City,中山區,明水路B,25.081355778427184,121.55173869900767,"25°04'52.88""N","121°33'06.26""E"
Taipei City,中山區,明水路B,25.084532640952823,121.55110226073997,"25°05'04.32""N","121°33'03.97""E"
Taipei City,中山區,朱崙街,25.05001202060446,121.54201149978277,"25°03'00.04""N","121°32'31.24""E"
Taipei City,中山區,松江路357巷,25.063470208543688,121.53411616363827,"25°03'48.49""N","121°32'02.82""E"
Taipei City,中山區,松江路469巷,25.06526363117142,121.53559838380652,"25°03'54.95""N","121°32'08.15""E"
Taipei City,中山區,松江路85巷,25.050157562593636,121.53331772455543,"25°03'00.57""N","121°31'59.94""E"
Taipei City,中山區,松江路90巷,25.050555714369946,121.53165133158898,"25°03'02.00""N","121°31'53.94""E"
Taipei City,中山區,松江路A,25.064182832689937,121.53339732410959,"25°03'51.06""N","121°32'00.23""E"
Taipei City,中山區,松江路C,25.053777700670036,121.53319243502517,"25°03'13.60""N","121°31'59.49""E"
Taipei City,中山區,松江路D,25.049635202680854,121.53285639288872,"25°02'58.69""N","121°31'58.28""E"
Taipei City,中山區,松江路D,25.050820718013444,121.53314036298823,"25°03'02.95""N","121°31'59.31""E"
Taipei City,中山區,松江路D,25.048672175426546,121.53310514469436,"25°02'55.22""N","121°31'59.18""E"
Taipei City,中山區,林森北路(機車),25.061935091566056,121.52554782055812,"25°03'42.97""N","121°31'31.97""E"
Taipei City,中山區,林森北路A,25.066331655788023,121.52576677465247,"25°03'58.79""N","121°31'32.76""E"
Taipei City,中山區,林森北路A,25.066486326754404,121.52565023789394,"25°03'59.35""N","121°31'32.34""E"
Taipei City,中山區,林森北路A,25.065063614991786,121.52561778308834,"25°03'54.23""N","121°31'32.22""E"
Taipei City,中山區,林森北路A,25.06610308244151,121.52564308200137,"25°03'57.97""N","121°31'32.32""E"
Taipei City,中山區,林森北路B,25.055595467310503,121.52540508221026,"25°03'20.14""N","121°31'31.46""E"
Taipei City,中山區,植福路B,25.08033934120468,121.56180883887617,"25°04'49.22""N","121°33'42.51""E"
Taipei City,中山區,植福路B,25.0803818108328,121.56179204371165,"25°04'49.37""N","121°33'42.45""E"
Taipei City,中山區,樂群三路A,25.082632923817645,121.55365060766319,"25°04'57.48""N","121°33'13.14""E"
Taipei City,中山區,樂群三路B,25.08257267396613,121.55983524539631,"25°04'57.26""N","121°33'35.41""E"
Taipei City,中山區,樂群二路116巷61弄,25.078168912610035,121.5535172355162,"25°04'41.41""N","121°33'12.66""E"
Taipei City,中山區,樂群二路B,25.079862209504967,121.55701870489037,"25°04'47.50""N","121°33'25.27""E"
Taipei City,中山區,樂群二路B,25.07985345109574,121.55814828765354,"25°04'47.47""N","121°33'29.33""E"
Taipei City,中山區,樂群二路B,25.079852934049274,121.55819784955226,"25°04'47.47""N","121°33'29.51""E"
Taipei City,中山區,樂群臨時平面停車場,25.08253299687258,121.55879468195378,"25°04'57.12""N","121°33'31.66""E"
Taipei City,中山區,樂群臨時平面停車場,25.082534488199578,121.55868997170177,"25°04'57.12""N","121°33'31.28""E"
Taipei City,中山區,樂群臨時平面停車場,25.082534516040166,121.55872449995746,"25°04'57.12""N","121°33'31.41""E"
Taipei City,中山區,樂群臨時平面停車場,25.082533531671636,121.55875977327368,"25°04'57.12""N","121°33'31.54""E"
Taipei City,中山區,民族東路410巷2弄,25.06690114460352,121.53671142239509,"25°04'00.84""N","121°32'12.16""E"
Taipei City,中山區,民族東路512巷,25.067223228500847,121.54205416950609,"25°04'02.00""N","121°32'31.40""E"
Taipei City,中山區,民族東路512巷,25.06727104019359,121.54205529495175,"25°04'02.18""N","121°32'31.40""E"
Taipei City,中山區,民族東路512巷13弄,25.066831625945085,121.54227267238885,"25°04'00.59""N","121°32'32.18""E"
Taipei City,中山區,民族東路A,25.068194245496436,121.54162681136626,"25°04'05.50""N","121°32'29.86""E"
Taipei City,中山區,民族東路B,25.068707012981,121.52364794115391,"25°04'07.35""N","121°31'25.13""E"
Taipei City,中山區,民族東路B,25.06839853300681,121.53021508614533,"25°04'06.23""N","121°31'48.77""E"
Taipei City,中山區,民族東路B,25.068687116399516,121.52369716106116,"25°04'07.27""N","121°31'25.31""E"
Taipei City,中山區,民權東路1段,25.062816037497097,121.5264814353466,"25°03'46.14""N","121°31'35.33""E"
Taipei City,中山區,民權東路2段135巷,25.065447485529095,121.53509620348804,"25°03'55.61""N","121°32'06.35""E"
Taipei City,中山區,民權東路2段135巷,25.065268531168577,121.53509094924578,"25°03'54.97""N","121°32'06.33""E"
Taipei City,中山區,民權東路2段135巷20弄,25.063812760734198,121.53416034730279,"25°03'49.73""N","121°32'02.98""E"
Taipei City,中山區,民權東路2段C,25.062312555411147,121.5351470153004,"25°03'44.33""N","121°32'06.53""E"
Taipei City,中山區,民權東路3段北側,25.062494333113875,121.54024508787204,"25°03'44.98""N","121°32'24.88""E"
Taipei City,中山區,民權東路3段北側,25.062494130490908,121.5403001488898,"25°03'44.98""N","121°32'25.08""E"
Taipei City,中山區,民權東路3段南側,25.06223500929965,121.54106249238328,"25°03'44.05""N","121°32'27.82""E"
Taipei City,中山區,民權東路3段南側,25.06222958355875,121.54204533483956,"25°03'44.03""N","121°32'31.36""E"
Taipei City,中山區,民生東路2段,25.057780825041917,121.53400730447014,"25°03'28.01""N","121°32'02.43""E"
Taipei City,中山區,民生東路2段,25.058036853586536,121.53648077562676,"25°03'28.93""N","121°32'11.33""E"
Taipei City,中山區,民生東路2段127巷,25.060230059811825,121.53228348261624,"25°03'36.83""N","121°31'56.22""E"
Taipei City,中山區,民生東路2段A,25.057879627778792,121.53209756715749,"25°03'28.37""N","121°31'55.55""E"
Taipei City,中山區,民生東路2段A,25.057905242667324,121.53044906736821,"25°03'28.46""N","121°31'49.62""E"
Taipei City,中山區,民生東路2段B,25.057941930093303,121.52800063825549,"25°03'28.59""N","121°31'40.80""E"
Taipei City,中山區,民生東路3段,25.057939969936832,121.54242428933742,"25°03'28.58""N","121°32'32.73""E"
Taipei City,中山區,民生東路3段,25.057728524587905,121.53759807278955,"25°03'27.82""N","121°32'15.35""E"
Taipei City,中山區,渭水路,25.045739643944874,121.53540306232553,"25°02'44.66""N","121°32'07.45""E"
Taipei City,中山區,渭水路,25.04563312326853,121.53394492997612,"25°02'44.28""N","121°32'02.20""E"
Taipei City,中山區,濱江橋下停車場,25.07238222746478,121.54144870869646,"25°04'20.58""N","121°32'29.22""E"
Taipei City,中山區,濱江橋下停車場,25.072447893250658,121.54136447536132,"25°04'20.81""N","121°32'28.91""E"
Taipei City,中山區,濱江街B,25.071528976467842,121.53044413256526,"25°04'17.50""N","121°31'49.60""E"
Taipei City,中山區,興安街Z00,25.056173175491622,121.5408720090715,"25°03'22.22""N","121°32'27.14""E"
Taipei City,中山區,興安街Z00,25.056122383809406,121.54301426604748,"25°03'22.04""N","121°32'34.85""E"
Taipei City,中山區,興安街Z00,25.05622181896591,121.53864761636518,"25°03'22.40""N","121°32'19.13""E"
Taipei City,中山區,農安街,25.064795271905357,121.52970410941232,"25°03'53.26""N","121°31'46.93""E"
Taipei City,中山區,農安街,25.064864131042754,121.53145333592732,"25°03'53.51""N","121°31'53.23""E"
Taipei City,中山區,農安街,25.064979175349368,121.52254834017991,"25°03'53.93""N","121°31'21.17""E"
Taipei City,中山區,農安街227巷9弄,25.066005514882118,121.5344833915888,"25°03'57.62""N","121°32'04.14""E"
Taipei City,中山區,遼寧街128巷,25.05340579752149,121.54103066652398,"25°03'12.26""N","121°32'27.71""E"
Taipei City,中山區,遼寧街A,25.047316676722083,121.54210897374298,"25°02'50.34""N","121°32'31.59""E"
Taipei City,中山區,遼寧街A,25.055702305859008,121.54210592996063,"25°03'20.53""N","121°32'31.58""E"
Taipei City,中山區,錦州街A,25.06023121062981,121.52605507315698,"25°03'36.83""N","121°31'33.80""E"
Taipei City,中山區,錦州街A,25.060352852584018,121.52580051108336,"25°03'37.27""N","121°31'32.88""E"
Taipei City,中山區,錦州街C,25.060175187628484,121.54225183959025,"25°03'36.63""N","121°32'32.11""E"
Taipei City,中山區,錦西街,25.060375455503046,121.52150935977153,"25°03'37.35""N","121°31'17.43""E"
Taipei City,中山區,長安東路1段,25.049053280439573,121.52531954348052,"25°02'56.59""N","121°31'31.15""E"
Taipei City,中山區,長安東路1段,25.048601287120636,121.52664989246044,"25°02'54.96""N","121°31'35.94""E"
Taipei City,中山區,長安東路1段,25.04860972886677,121.52721462989247,"25°02'55.00""N","121°31'37.97""E"
Taipei City,中山區,長安東路1段52巷,25.04716170643796,121.52771773097132,"25°02'49.78""N","121°31'39.78""E"
Taipei City,中山區,長安東路2段153巷,25.048664947468257,121.53905443554424,"25°02'55.19""N","121°32'20.60""E"
Taipei City,中山區,長安東路2段A,25.048396714067973,121.53260249127446,"25°02'54.23""N","121°31'57.37""E"
Taipei City,中山區,長安東路2段A,25.048573995778455,121.53027689400267,"25°02'54.87""N","121°31'49.00""E"
Taipei City,中山區,長安東路2段B,25.048384338642617,121.54097765488808,"25°02'54.18""N","121°32'27.52""E"
Taipei City,中山區,長安東路2段B,25.048204956547377,121.54318183297852,"25°02'53.54""N","121°32'35.45""E"
Taipei City,中山區,長安東路2段C,25.04847746480363,121.53565634283478,"25°02'54.52""N","121°32'08.36""E"
Taipei City,中山區,長安東路臨時平面停車場,25.047293702173594,121.52947031508238,"25°02'50.26""N","121°31'46.09""E"
Taipei City,中山區,長春路137巷,25.05643764673132,121.53164360296358,"25°03'23.18""N","121°31'53.92""E"
Taipei City,中山區,長春路A,25.05488421458659,121.52496032478467,"25°03'17.58""N","121°31'29.86""E"
Taipei City,中山區,長春路C,25.054670607587408,121.53784694268346,"25°03'16.81""N","121°32'16.25""E"
Taipei City,中山區,長春路C,25.05479813314721,121.53767816722642,"25°03'17.27""N","121°32'15.64""E"
Taipei City,中山區,長春路C,25.054643368521173,121.53879836078116,"25°03'16.72""N","121°32'19.67""E"
Taipei City,中山區,長春路D,25.054731009502124,121.53437851508913,"25°03'17.03""N","121°32'03.76""E"
Taipei City,中山區,長春路D,25.0547129887564,121.5354897199234,"25°03'16.97""N","121°32'07.76""E"
Taipei City,中山區,長春路E,25.05470832212614,121.54123019676497,"25°03'16.95""N","121°32'28.43""E"
Taipei City,中山區,長春路E,25.054677210151883,121.54251038361161,"25°03'16.84""N","121°32'33.04""E"
Taipei City,中山區,長春路E,25.054555200114407,121.54231944007451,"25°03'16.40""N","121°32'32.35""E"
Taipei City,中山區,長春路F,25.05488624501929,121.53250828319912,"25°03'17.59""N","121°31'57.03""E"
Taipei City,中山區,長春路F,25.054775032108566,121.53172082704442,"25°03'17.19""N","121°31'54.19""E"
Taipei City,中山區,長春路平面停車場,25.05556799012142,121.53232804987104,"25°03'20.04""N","121°31'56.38""E"
Taipei City,中山區,雙城街,25.067233120510153,121.52437889371978,"25°04'02.04""N","121°31'27.76""E"
Taipei City,中山區,龍江路120巷(機車),25.053389681633952,121.53957743022659,"25°03'12.20""N","121°32'22.48""E"
Taipei City,中山區,龍江路120巷(機車),25.053388326986735,121.53962854505623,"25°03'12.20""N","121°32'22.66""E"
Taipei City,中山區,龍江路229巷臨時平面停車場,25.057425784682696,121.5420768441038,"25°03'26.73""N","121°32'31.48""E"
Taipei City,中山區,龍江路345巷,25.063425811486383,121.54120724195514,"25°03'48.33""N","121°32'28.35""E"
Taipei City,中山區,龍江路A,25.06453871298427,121.54098801597328,"25°03'52.34""N","121°32'27.56""E"
Taipei City,中山區,龍江路B,25.05482951083056,121.54059200139035,"25°03'17.39""N","121°32'26.13""E"
Taipei City,中山區,龍江路C,25.047453421792138,121.5404458171092,"25°02'50.83""N","121°32'25.60""E"
Taipei City,中山區,龍江路C,25.04815858655551,121.54033734292764,"25°02'53.37""N","121°32'25.21""E"
Taipei City,中山區,龍江路D,25.058852229274798,121.54076293726864,"25°03'31.87""N","121°32'26.75""E"
Taipei City,中山區,龍江路D,25.060378306185036,121.54069977205948,"25°03'37.36""N","121°32'26.52""E"
Taipei City,中正區,三元街,25.027591377319446,121.51337333156917,"25°01'39.33""N","121°30'48.14""E"
Taipei City,中正區,三元街,25.028388633022313,121.51022165616362,"25°01'42.20""N","121°30'36.80""E"
Taipei City,中正區,三元街,25.030705142936185,121.50746040916094,"25°01'50.54""N","121°30'26.86""E"
Taipei City,中正區,三元街,25.027605552047294,121.51414883011412,"25°01'39.38""N","121°30'50.94""E"
Taipei City,中正區,三元街,25.027783418772316,121.51228751755195,"25°01'40.02""N","121°30'44.24""E"
Taipei City,中正區,三元街,25.028155411862368,121.51115860804504,"25°01'41.36""N","121°30'40.17""E"
Taipei City,中正區,中華路2段,25.027322917509068,121.5066279311891,"25°01'38.36""N","121°30'23.86""E"
Taipei City,中正區,中華路2段,25.029547730541456,121.5045587471131,"25°01'46.37""N","121°30'16.41""E"
Taipei City,中正區,中華路2段39巷,25.034906315103335,121.50747214255036,"25°02'05.66""N","121°30'26.90""E"
Taipei City,中正區,中華路2段39巷,25.034914210403848,121.50744453764322,"25°02'05.69""N","121°30'26.80""E"
Taipei City,中正區,中華路2段39巷,25.035122286195676,121.50710579932826,"25°02'06.44""N","121°30'25.58""E"
Taipei City,中正區,中華路2段75巷,25.033933883377934,121.50616035001144,"25°02'02.16""N","121°30'22.18""E"
Taipei City,中正區,中華路二段39巷,25.035173620909443,121.5071234321223,"25°02'06.63""N","121°30'25.64""E"
Taipei City,中正區,仁愛路1段,25.038863042363758,121.52200487955892,"25°02'19.91""N","121°31'19.22""E"
Taipei City,中正區,仁愛路2段,25.038338772033157,121.53102176753929,"25°02'18.02""N","121°31'51.68""E"
Taipei City,中正區,仁愛路2段,25.038159227251768,121.5255168758875,"25°02'17.37""N","121°31'31.86""E"
Taipei City,中正區,信義路2段,25.03374026975137,121.53191235282321,"25°02'01.46""N","121°31'54.88""E"
Taipei City,中正區,信義路2段,25.03436808044086,121.5268396958606,"25°02'03.73""N","121°31'36.62""E"
Taipei City,中正區,信義路2段,25.034816202363995,121.52591785212773,"25°02'05.34""N","121°31'33.30""E"
Taipei City,中正區,公園路A,25.036806013971738,121.51497183287228,"25°02'12.50""N","121°30'53.90""E"
Taipei City,中正區,公園路A,25.03676012719644,121.51496971914746,"25°02'12.34""N","121°30'53.89""E"
Taipei City,中正區,公園路B（含機車）,25.045562802395658,121.51738584011376,"25°02'44.03""N","121°31'02.59""E"
Taipei City,中正區,南昌路1段,25.02916350540465,121.51881657305647,"25°01'44.99""N","121°31'07.74""E"
Taipei City,中正區,南昌路1段,25.029200315484545,121.51878925629097,"25°01'45.12""N","121°31'07.64""E"
Taipei City,中正區,南昌路1段,25.030388622077346,121.51776222212065,"25°01'49.40""N","121°31'03.94""E"
Taipei City,中正區,南昌路2段,25.02844314318558,121.51937272904742,"25°01'42.40""N","121°31'09.74""E"
Taipei City,中正區,南昌路2段(A),25.02589870594178,121.52231247796573,"25°01'33.24""N","121°31'20.32""E"
Taipei City,中正區,南昌路2段(B),25.024872564625113,121.52355857771445,"25°01'29.54""N","121°31'24.81""E"
Taipei City,中正區,南昌路2段(B),25.024358923284982,121.52415681678221,"25°01'27.69""N","121°31'26.96""E"
Taipei City,中正區,南陽街（含機車）,25.045666174723046,121.51608994409936,"25°02'44.40""N","121°30'57.92""E"
Taipei City,中正區,博愛路,25.046022308741968,121.51254513913996,"25°02'45.68""N","121°30'45.16""E"
Taipei City,中正區,博愛路,25.045954156124488,121.51229393190772,"25°02'45.43""N","121°30'44.26""E"
Taipei City,中正區,博愛路A,25.03446010462952,121.51058621217702,"25°02'04.06""N","121°30'38.11""E"
Taipei City,中正區,博愛路B,25.046693942222685,121.51117932019716,"25°02'48.10""N","121°30'40.25""E"
Taipei City,中正區,博愛路B,25.0371535929844,121.51090113800952,"25°02'13.75""N","121°30'39.24""E"
Taipei City,中正區,博愛路B,25.038325322013737,121.5111713587372,"25°02'17.97""N","121°30'40.22""E"
Taipei City,中正區,博愛路B,25.044649279324826,121.51140786591142,"25°02'40.74""N","121°30'41.07""E"
Taipei City,中正區,博愛路B,25.038276451002528,121.51116603951303,"25°02'17.80""N","121°30'40.20""E"
Taipei City,中正區,和平西路2段,25.028781843665524,121.51235883625574,"25°01'43.61""N","121°30'44.49""E"
Taipei City,中正區,和平西路2段,25.028037393739545,121.51376595866361,"25°01'40.93""N","121°30'49.56""E"
Taipei City,中正區,和平西路2段,25.03072294570443,121.50907602562322,"25°01'50.60""N","121°30'32.67""E"
Taipei City,中正區,天津街B,25.04654824412947,121.52196103758969,"25°02'47.57""N","121°31'19.06""E"
Taipei City,中正區,寧波西街C,25.029209657331222,121.51244159098806,"25°01'45.15""N","121°30'44.79""E"
Taipei City,中正區,寧波西街D,25.031363264563662,121.51872056342674,"25°01'52.91""N","121°31'07.39""E"
Taipei City,中正區,寧波西街D,25.030458876142085,121.51719938501087,"25°01'49.65""N","121°31'01.92""E"
Taipei City,中正區,廈門街113巷,25.023429336345885,121.51864893519398,"25°01'24.35""N","121°31'07.14""E"
Taipei City,中正區,廣州街B,25.03585851547523,121.50670259805264,"25°02'09.09""N","121°30'24.13""E"
Taipei City,中正區,延平南路A,25.04682896780884,121.51100488022169,"25°02'48.58""N","121°30'39.62""E"
Taipei City,中正區,延平南路A,25.037869349931736,121.50830528225534,"25°02'16.33""N","121°30'29.90""E"
Taipei City,中正區,徐州路,25.041504136972453,121.51995450208722,"25°02'29.41""N","121°31'11.84""E"
Taipei City,中正區,徐州路,25.041626537337216,121.51946982509615,"25°02'29.86""N","121°31'10.09""E"
Taipei City,中正區,愛國西路,25.03539586859995,121.5138581171845,"25°02'07.43""N","121°30'49.89""E"
Taipei City,中正區,愛國西路,25.035390128320312,121.51390954564009,"25°02'07.40""N","121°30'50.07""E"
Taipei City,中正區,懷寧街,25.042228080155247,121.51407022884392,"25°02'32.02""N","121°30'50.65""E"
Taipei City,中正區,懷寧街,25.045751871428884,121.51422258640751,"25°02'44.71""N","121°30'51.20""E"
Taipei City,中正區,晉江街,25.02364689777782,121.52388119695667,"25°01'25.13""N","121°31'25.97""E"
Taipei City,中正區,杭州南路1段,25.035855078776468,121.52456454747262,"25°02'09.08""N","121°31'28.43""E"
Taipei City,中正區,杭州南路1段,25.03601750683119,121.52461138051383,"25°02'09.66""N","121°31'28.60""E"
Taipei City,中正區,杭州南路1段,25.041881356569103,121.52631246794314,"25°02'30.77""N","121°31'34.72""E"
Taipei City,中正區,杭州南路2段,25.02854965163118,121.52171774829998,"25°01'42.78""N","121°31'18.18""E"
Taipei City,中正區,杭州南路2段,25.030692325795016,121.52215032007494,"25°01'50.49""N","121°31'19.74""E"
Taipei City,中正區,杭州南路2段,25.03064799941742,121.52214100108647,"25°01'50.33""N","121°31'19.71""E"
Taipei City,中正區,林森北路C,25.047297574757057,121.52420022989396,"25°02'50.27""N","121°31'27.12""E"
Taipei City,中正區,林森北路C,25.046629224128978,121.52401366648827,"25°02'47.87""N","121°31'26.45""E"
Taipei City,中正區,林森南路,25.04187854523629,121.52240044787298,"25°02'30.76""N","121°31'20.64""E"
Taipei City,中正區,桃源街（累進計時）,25.04000535614757,121.51031724207162,"25°02'24.02""N","121°30'37.14""E"
Taipei City,中正區,桃源街（累進計時）,25.039942315197532,121.51030914037518,"25°02'23.79""N","121°30'37.11""E"
Taipei City,中正區,武昌街1段,25.0441506342837,121.51130150903488,"25°02'38.94""N","121°30'40.69""E"
Taipei City,中正區,武昌街1段,25.04406136478463,121.51196713712642,"25°02'38.62""N","121°30'43.08""E"
Taipei City,中正區,水源路35巷,25.01938726401223,121.5260168916873,"25°01'09.79""N","121°31'33.66""E"
Taipei City,中正區,水源路B,25.02373949019163,121.51577112645083,"25°01'25.46""N","121°30'56.78""E"
Taipei City,中正區,汀州路1段A,25.02853697049003,121.50882953334269,"25°01'42.73""N","121°30'31.79""E"
Taipei City,中正區,汀州路1段A,25.029724035825378,121.50788611778938,"25°01'47.01""N","121°30'28.39""E"
Taipei City,中正區,汀州路1段B,25.032811136864154,121.50535131648861,"25°01'58.12""N","121°30'19.26""E"
Taipei City,中正區,汀州路2段B,25.025331267852472,121.51764966380229,"25°01'31.19""N","121°31'03.54""E"
Taipei City,中正區,汀州路2段C,25.02377844696957,121.52211822012197,"25°01'25.60""N","121°31'19.63""E"
Taipei City,中正區,汀州路2段C,25.02183919258879,121.52454122319841,"25°01'18.62""N","121°31'28.35""E"
Taipei City,中正區,汀州路3段,25.014767895087054,121.53261034846038,"25°00'53.16""N","121°31'57.40""E"
Taipei City,中正區,汀州路3段,25.013389536291513,121.53453312621895,"25°00'48.20""N","121°32'04.32""E"
Taipei City,中正區,汀州路3段24巷,25.017332657708806,121.52817280036966,"25°01'02.40""N","121°31'41.42""E"
Taipei City,中正區,汀州路3段24巷,25.01601226584522,121.52675161789087,"25°00'57.64""N","121°31'36.31""E"
Taipei City,中正區,泉州街B,25.02548222440925,121.51348022745888,"25°01'31.74""N","121°30'48.53""E"
Taipei City,中正區,泰安街3巷,25.03998062891479,121.52856190515561,"25°02'23.93""N","121°31'42.82""E"
Taipei City,中正區,漢口街1段B（含機車）,25.045190060547295,121.5144675666925,"25°02'42.68""N","121°30'52.08""E"
Taipei City,中正區,漢口街1段B（含機車）,25.045131300582224,121.51193417836639,"25°02'42.47""N","121°30'42.96""E"
Taipei City,中正區,漢口街1段B（含機車）,25.045133546958724,121.51347289653991,"25°02'42.48""N","121°30'48.50""E"
Taipei City,中正區,漢口街1段C（含機車）,25.045129957499483,121.51109386918938,"25°02'42.47""N","121°30'39.94""E"
Taipei City,中正區,潮州街,25.029811813733527,121.52076938228728,"25°01'47.32""N","121°31'14.77""E"
Taipei City,中正區,濟南路1段,25.042392076774686,121.523104737865,"25°02'32.61""N","121°31'23.18""E"
Taipei City,中正區,濟南路1段,25.04310355668233,121.51946631405873,"25°02'35.17""N","121°31'10.08""E"
Taipei City,中正區,濟南路1段,25.043091464754678,121.51951670309538,"25°02'35.13""N","121°31'10.26""E"
Taipei City,中正區,濟南路1段,25.042747823457027,121.52094696369771,"25°02'33.89""N","121°31'15.41""E"
Taipei City,中正區,濟南路1段,25.041745097636145,121.52579185593052,"25°02'30.28""N","121°31'32.85""E"
Taipei City,中正區,濟南路2段,25.040440614029798,121.53063465786644,"25°02'25.59""N","121°31'50.28""E"
Taipei City,中正區,濟南路2段,25.040682796393824,121.52962196267508,"25°02'26.46""N","121°31'46.64""E"
Taipei City,中正區,牯嶺街84巷,25.026294323946694,121.5183433681329,"25°01'34.66""N","121°31'06.04""E"
Taipei City,中正區,牯嶺街A,25.02988726337389,121.51648344656735,"25°01'47.59""N","121°30'59.34""E"
Taipei City,中正區,牯嶺街YB0,25.023989483617715,121.51906822413089,"25°01'26.36""N","121°31'08.65""E"
Taipei City,中正區,牯嶺街YB0,25.023051446746482,121.51899453814401,"25°01'22.99""N","121°31'08.38""E"
Taipei City,中正區,牯嶺街YB0,25.02486434392213,121.51908750367694,"25°01'29.51""N","121°31'08.72""E"
Taipei City,中正區,牯嶺街ZB0,25.025623574920445,121.51904966368586,"25°01'32.24""N","121°31'08.58""E"
Taipei City,中正區,福州街,25.028880598977537,121.51861637921876,"25°01'43.97""N","121°31'07.02""E"
Taipei City,中正區,福州街廣場,25.027081071846922,121.51540844793728,"25°01'37.49""N","121°30'55.47""E"
Taipei City,中正區,福州街廣場,25.027032133744502,121.51543383266525,"25°01'37.32""N","121°30'55.56""E"
Taipei City,中正區,紹興北街,25.045053260059795,121.52524596154682,"25°02'42.19""N","121°31'30.89""E"
Taipei City,中正區,紹興南街A,25.037946019745583,121.5232798430222,"25°02'16.61""N","121°31'23.81""E"
Taipei City,中正區,紹興南街B,25.039969685591224,121.52386317325515,"25°02'23.89""N","121°31'25.91""E"
Taipei City,中正區,紹興南街B,25.039611383265452,121.523683039013,"25°02'22.60""N","121°31'25.26""E"
Taipei City,中正區,羅斯福路2段8巷,25.028796524553876,121.52038369452052,"25°01'43.67""N","121°31'13.38""E"
Taipei City,中正區,臨沂街71巷平面停車場,25.03710739104291,121.5314538401928,"25°02'13.59""N","121°31'53.23""E"
Taipei City,中正區,臨沂街臨時平面停車場1,25.041711848123747,121.53088315833247,"25°02'30.16""N","121°31'51.18""E"
Taipei City,中正區,臨沂街臨時平面停車場2,25.036718899295593,121.52872044871103,"25°02'12.19""N","121°31'43.39""E"
Taipei City,中正區,莒光路B,25.031163788531423,121.50749041717712,"25°01'52.19""N","121°30'26.97""E"
Taipei City,中正區,衡陽路,25.042244464157836,121.51262605944049,"25°02'32.08""N","121°30'45.45""E"
Taipei City,中正區,衡陽路B(機車),25.04237468333262,121.51350307835393,"25°02'32.55""N","121°30'48.61""E"
Taipei City,中正區,衡陽路B(機車),25.042386136818365,121.51388943385716,"25°02'32.59""N","121°30'50.00""E"
Taipei City,中正區,詔安街,25.026082436787664,121.5100093263498,"25°01'33.90""N","121°30'36.03""E"
Taipei City,中正區,詔安街,25.02606888567105,121.51006130157359,"25°01'33.85""N","121°30'36.22""E"
Taipei City,中正區,貴陽街1段,25.03868522344126,121.5133349756543,"25°02'19.27""N","121°30'48.01""E"
Taipei City,中正區,貴陽街1段,25.038689803190948,121.51328582756746,"25°02'19.28""N","121°30'47.83""E"
Taipei City,中正區,重慶南路1段(含機車),25.04653990219746,121.51333383405303,"25°02'47.54""N","121°30'48.00""E"
Taipei City,中正區,重慶南路1段(汽車限停),25.045834236206705,121.51317186833569,"25°02'45.00""N","121°30'47.42""E"
Taipei City,中正區,重慶南路1段(汽車限停),25.043842053200578,121.51314243114409,"25°02'37.83""N","121°30'47.31""E"
Taipei City,中正區,金山南路1段,25.03575777964329,121.52769997791737,"25°02'08.73""N","121°31'39.72""E"
Taipei City,中正區,金華街A,25.03145806859556,121.52116821655535,"25°01'53.25""N","121°31'16.21""E"
Taipei City,中正區,長沙街1段,25.040226480274924,121.50964024725785,"25°02'24.82""N","121°30'34.70""E"
Taipei City,中正區,開封街1段A(機車),25.046025799305564,121.51111693119044,"25°02'45.69""N","121°30'40.02""E"
Taipei City,中正區,開封街1段A(機車),25.045905898645756,121.50996036387913,"25°02'45.26""N","121°30'35.86""E"
Taipei City,中正區,青島東路,25.043186698789853,121.52453924123894,"25°02'35.47""N","121°31'28.34""E"
Taipei City,中正區,青島東路,25.0427571494219,121.52627615610277,"25°02'33.93""N","121°31'34.59""E"
Taipei City,中正區,青島東路,25.044377422352234,121.51959219204623,"25°02'39.76""N","121°31'10.53""E"
Taipei City,中正區,青島東路,25.043944974805427,121.52193970901152,"25°02'38.20""N","121°31'18.98""E"
Taipei City,中正區,青島東路,25.044180393587748,121.5209175505739,"25°02'39.05""N","121°31'15.30""E"
Taipei City,中正區,青島東路,25.044389732361687,121.51953938771405,"25°02'39.80""N","121°31'10.34""E"
Taipei City,中正區,館前路(含機車),25.04475621978705,121.5149417793479,"25°02'41.12""N","121°30'53.79""E"
Taipei City,信義區,中坡北路,25.044934603686343,121.58092319735933,"25°02'41.76""N","121°34'51.32""E"
Taipei City,信義區,中坡北路,25.048158157848817,121.58004619445137,"25°02'53.37""N","121°34'48.17""E"
Taipei City,信義區,中坡北路,25.048111136779017,121.58005390270195,"25°02'53.20""N","121°34'48.19""E"
Taipei City,信義區,仁愛路4段452巷,25.036734120265375,121.55925751583366,"25°02'12.24""N","121°33'33.33""E"
Taipei City,信義區,仁愛路4段496巷平面停車場,25.037288111413734,121.56029993260708,"25°02'14.24""N","121°33'37.08""E"
Taipei City,信義區,信安街,25.02279242623768,121.55502655510399,"25°01'22.05""N","121°33'18.10""E"
Taipei City,信義區,信義379號公園停車場,25.018065090865996,121.57598017226032,"25°01'05.03""N","121°34'33.53""E"
Taipei City,信義區,信義路5段150巷,25.030444224123823,121.56973676458743,"25°01'49.60""N","121°34'11.05""E"
Taipei City,信義區,信義路5段150巷平面,25.02399751657452,121.57184045306383,"25°01'26.39""N","121°34'18.63""E"
Taipei City,信義區,信義路6段15巷,25.03533586217522,121.57519233996938,"25°02'07.21""N","121°34'30.69""E"
Taipei City,信義區,光復南路473巷11弄,25.034140142079906,121.55944646952307,"25°02'02.90""N","121°33'34.01""E"
Taipei City,信義區,光復南路B,25.030234830986483,121.5575208489352,"25°01'48.85""N","121°33'27.08""E"
Taipei City,信義區,吳興街,25.023321049444384,121.56967031779661,"25°01'23.96""N","121°34'10.81""E"
Taipei City,信義區,吳興街220巷,25.02581971725922,121.55917306902647,"25°01'32.95""N","121°33'33.02""E"
Taipei City,信義區,吳興街220巷,25.025819499241614,121.55919552561947,"25°01'32.95""N","121°33'33.10""E"
Taipei City,信義區,吳興街220巷,25.025819063206377,121.55924043880573,"25°01'32.95""N","121°33'33.27""E"
Taipei City,信義區,吳興街220巷,25.02581928122409,121.55921798221249,"25°01'32.95""N","121°33'33.18""E"
Taipei City,信義區,吳興街284巷30弄,25.02307093131991,121.56297299988127,"25°01'23.06""N","121°33'46.70""E"
Taipei City,信義區,吳興街B,25.023930844815254,121.56868162165142,"25°01'26.15""N","121°34'07.25""E"
Taipei City,信義區,和平東路3段391巷,25.020184454610888,121.55810234454826,"25°01'12.66""N","121°33'29.17""E"
Taipei City,信義區,和平東路3段463巷,25.018513495472032,121.55907612026111,"25°01'06.65""N","121°33'32.67""E"
Taipei City,信義區,和平東路3段463巷,25.019748579747304,121.55966372541981,"25°01'11.09""N","121°33'34.79""E"
Taipei City,信義區,嘉興街B,25.02329564658447,121.55460359696927,"25°01'23.86""N","121°33'16.57""E"
Taipei City,信義區,嘉興街B,25.024968873042265,121.55581036173855,"25°01'29.89""N","121°33'20.92""E"
Taipei City,信義區,基隆路1段102巷,25.04434618254548,121.56417904402079,"25°02'39.65""N","121°33'51.04""E"
Taipei City,信義區,基隆路1段102巷,25.044316729352065,121.56410217653402,"25°02'39.54""N","121°33'50.77""E"
Taipei City,信義區,基隆路1段172巷,25.043182461532385,121.56479517506203,"25°02'35.46""N","121°33'53.26""E"
Taipei City,信義區,基隆路1段172巷,25.0431834899276,121.5647475855795,"25°02'35.46""N","121°33'53.09""E"
Taipei City,信義區,基隆路2段79巷30弄,25.02867922485347,121.55933039474273,"25°01'43.25""N","121°33'33.59""E"
Taipei City,信義區,市民大道5段,25.047616116932943,121.56353367860238,"25°02'51.42""N","121°33'48.72""E"
Taipei City,信義區,忠孝東路5段,25.04257389587115,121.58072910896675,"25°02'33.27""N","121°34'50.62""E"
Taipei City,信義區,忠孝東路5段,25.041053716515055,121.57852982231873,"25°02'27.79""N","121°34'42.71""E"
Taipei City,信義區,忠孝東路5段372巷27弄,25.039932361529516,121.57661430783662,"25°02'23.76""N","121°34'35.81""E"
Taipei City,信義區,忠孝東路5段372巷27弄,25.03970410263391,121.57440403324935,"25°02'22.93""N","121°34'27.85""E"
Taipei City,信義區,忠孝東路5段423巷,25.043664570342386,121.57537041048684,"25°02'37.19""N","121°34'31.33""E"
Taipei City,信義區,忠孝東路5段743巷,25.044041483358868,121.58105363808319,"25°02'38.55""N","121°34'51.79""E"
Taipei City,信義區,忠孝東路5段D(機車),25.04362152279014,121.5817806901675,"25°02'37.04""N","121°34'54.41""E"
Taipei City,信義區,松仁路,25.026847231233276,121.56846330802458,"25°01'36.65""N","121°34'06.47""E"
Taipei City,信義區,松仁路,25.030265798086575,121.56822789226335,"25°01'48.96""N","121°34'05.62""E"
Taipei City,信義區,松仁路240巷旁無名巷,25.02425912531129,121.56905835444171,"25°01'27.33""N","121°34'08.61""E"
Taipei City,信義區,松仁路253巷,25.025763354597366,121.56986386339823,"25°01'32.75""N","121°34'11.51""E"
Taipei City,信義區,松仁路95巷,25.036632101678908,121.56943576214418,"25°02'11.88""N","121°34'09.97""E"
Taipei City,信義區,松信路,25.048743426386526,121.5722817024766,"25°02'55.48""N","121°34'20.21""E"
Taipei City,信義區,松信路,25.042399853828083,121.5719261159128,"25°02'32.64""N","121°34'18.93""E"
Taipei City,信義區,松勤街,25.032139122129077,121.56025410614356,"25°01'55.70""N","121°33'36.91""E"
Taipei City,信義區,松山路,25.046223390145038,121.57769590463025,"25°02'46.40""N","121°34'39.71""E"
Taipei City,信義區,松山路,25.043859284267167,121.5778976679959,"25°02'37.89""N","121°34'40.43""E"
Taipei City,信義區,松山路,25.044457098044596,121.57789318805428,"25°02'40.05""N","121°34'40.42""E"
Taipei City,信義區,松山路(松山家商正門側),25.03492852186459,121.57995019111004,"25°02'05.74""N","121°34'47.82""E"
Taipei City,信義區,松山路287巷,25.04292077046223,121.57937554552008,"25°02'34.51""N","121°34'45.75""E"
Taipei City,信義區,松山路287巷3弄,25.043351312302285,121.5784266559735,"25°02'36.06""N","121°34'42.34""E"
Taipei City,信義區,松山路650巷15弄,25.031173100652197,121.5792412022101,"25°01'52.22""N","121°34'45.27""E"
Taipei City,信義區,松山路656巷,25.031816216493073,121.57830685114008,"25°01'54.54""N","121°34'41.90""E"
Taipei City,信義區,松山路656巷,25.031800595098986,121.57830371716183,"25°01'54.48""N","121°34'41.89""E"
Taipei City,信義區,松平路50巷,25.029979510679073,121.56421441836095,"25°01'47.93""N","121°33'51.17""E"
Taipei City,信義區,松德路,25.03535818486875,121.57472072885886,"25°02'07.29""N","121°34'28.99""E"
Taipei City,信義區,松德路,25.030516732557686,121.57464339782348,"25°01'49.86""N","121°34'28.72""E"
Taipei City,信義區,松德路,25.03051693353542,121.57462358078749,"25°01'49.86""N","121°34'28.64""E"
Taipei City,信義區,松德路,25.031721742738338,121.57447380623185,"25°01'54.20""N","121°34'28.11""E"
Taipei City,信義區,松德路,25.03542020674772,121.57447459273533,"25°02'07.51""N","121°34'28.11""E"
Taipei City,信義區,松德路,25.030516531574015,121.57466321492564,"25°01'49.86""N","121°34'28.79""E"
Taipei City,信義區,松德路,25.038605193653975,121.57664827071406,"25°02'18.98""N","121°34'35.93""E"
Taipei City,信義區,松德路,25.030517134924235,121.57460376396949,"25°01'49.86""N","121°34'28.57""E"
Taipei City,信義區,松德路168巷,25.036494023005933,121.57310870385957,"25°02'11.38""N","121°34'23.19""E"
Taipei City,信義區,松德路180巷,25.034908210068686,121.57354299730082,"25°02'05.67""N","121°34'24.75""E"
Taipei City,信義區,松德路180巷,25.034866993032644,121.57354120522862,"25°02'05.52""N","121°34'24.75""E"
Taipei City,信義區,松隆路A,25.04653642383692,121.57176620779025,"25°02'47.53""N","121°34'18.36""E"
Taipei City,信義區,松隆路A,25.04775591864057,121.57394062331598,"25°02'51.92""N","121°34'26.19""E"
Taipei City,信義區,松隆路A,25.046000508545205,121.57064161809474,"25°02'45.60""N","121°34'14.31""E"
Taipei City,信義區,松隆路A,25.04824252036755,121.57704883253543,"25°02'53.67""N","121°34'37.38""E"
Taipei City,信義區,松隆路A,25.048128960037783,121.57662427041681,"25°02'53.26""N","121°34'35.85""E"
Taipei City,信義區,松隆路B,25.043710265331597,121.56742033605227,"25°02'37.36""N","121°34'02.71""E"
Taipei City,信義區,林口街,25.042287227126334,121.5810376451348,"25°02'32.23""N","121°34'51.74""E"
Taipei City,信義區,林口街,25.041635214252537,121.5810174343169,"25°02'29.89""N","121°34'51.66""E"
Taipei City,信義區,林口街B,25.03586105940977,121.57904834569021,"25°02'09.10""N","121°34'44.57""E"
Taipei City,信義區,永吉路120巷平面停車場,25.044647903023865,121.56976230746795,"25°02'40.73""N","121°34'11.14""E"
Taipei City,信義區,永吉路180巷,25.045068572265787,121.57152833149433,"25°02'42.25""N","121°34'17.50""E"
Taipei City,信義區,永吉路502巷,25.04368176975461,121.58001246114083,"25°02'37.25""N","121°34'48.04""E"
Taipei City,信義區,永吉路A,25.045668768866722,121.57315938247872,"25°02'44.41""N","121°34'23.37""E"
Taipei City,信義區,永吉路A,25.04549120888252,121.57229168542162,"25°02'43.77""N","121°34'20.25""E"
Taipei City,信義區,永吉路A,25.045601667777316,121.57568587299784,"25°02'44.17""N","121°34'32.47""E"
Taipei City,信義區,永吉路B,25.045283546594153,121.579891517276,"25°02'43.02""N","121°34'47.61""E"
Taipei City,信義區,永春陂濕地公園平面停車場,25.033242906451907,121.58107878528952,"25°01'59.67""N","121°34'51.88""E"
Taipei City,信義區,永春陂濕地公園平面停車場,25.03326264129669,121.58108945647514,"25°01'59.75""N","121°34'51.92""E"
Taipei City,信義區,福德街84巷,25.03935047829381,121.58053299392101,"25°02'21.66""N","121°34'49.92""E"
Taipei City,信義區,福德街84巷,25.039208612344044,121.58060445833537,"25°02'21.15""N","121°34'50.18""E"
Taipei City,信義區,莊敬路,25.029153357857425,121.56253081996722,"25°01'44.95""N","121°33'45.11""E"
Taipei City,信義區,莊敬路,25.030583567527096,121.56133200226088,"25°01'50.10""N","121°33'40.80""E"
Taipei City,信義區,莊敬路,25.027788603326957,121.56471742887452,"25°01'40.04""N","121°33'52.98""E"
Taipei City,信義區,莊敬路,25.03016916455684,121.56183853472015,"25°01'48.61""N","121°33'42.62""E"
Taipei City,信義區,莊敬路,25.026880943499894,121.56740414474098,"25°01'36.77""N","121°34'02.65""E"
Taipei City,信義區,莊敬路239巷,25.02998711328703,121.56277787297914,"25°01'47.95""N","121°33'46.00""E"
Taipei City,信義區,莊敬路239巷,25.02993732231049,121.5627046306454,"25°01'47.77""N","121°33'45.74""E"
Taipei City,信義區,虎林街132巷,25.040369868841324,121.57494589984069,"25°02'25.33""N","121°34'29.81""E"
Taipei City,信義區,虎林街164巷,25.038479669822927,121.57594730672,"25°02'18.53""N","121°34'33.41""E"
Taipei City,信義區,虎林街164巷,25.03850587628605,121.57535292851267,"25°02'18.62""N","121°34'31.27""E"
Taipei City,信義區,黎富公園周邊,25.020925139879214,121.55686169963771,"25°01'15.33""N","121°33'24.70""E"
Taipei City,內湖區,五分街,25.06751234668119,121.61298871101353,"25°04'03.04""N","121°36'46.76""E"
Taipei City,內湖區,內湖污水處理廠附屬公園停車場,25.067160975236,121.57285531188981,"25°04'01.78""N","121°34'22.28""E"
Taipei City,內湖區,內湖污水處理廠附屬公園停車場,25.06716093064375,121.57291303741573,"25°04'01.78""N","121°34'22.49""E"
Taipei City,內湖區,內湖路1段217巷,25.083255038456546,121.56409243310269,"25°04'59.72""N","121°33'50.73""E"
Taipei City,內湖區,內湖路1段217巷,25.083214735929765,121.56406458818344,"25°04'59.57""N","121°33'50.63""E"
Taipei City,內湖區,內湖路1段285巷65弄,25.084564780977956,121.56578774522781,"25°05'04.43""N","121°33'56.84""E"
Taipei City,內湖區,內湖路1段285巷65弄,25.084485445685427,121.56906752528081,"25°05'04.15""N","121°34'08.64""E"
Taipei City,內湖區,內湖路1段387巷,25.08300052548069,121.57043901185413,"25°04'58.80""N","121°34'13.58""E"
Taipei City,內湖區,內湖路1段411巷,25.08280137606708,121.57138927946274,"25°04'58.08""N","121°34'17.00""E"
Taipei City,內湖區,內湖路1段411巷74弄,25.084038119815297,121.57172669535363,"25°05'02.54""N","121°34'18.22""E"
Taipei City,內湖區,內湖路1段47巷,25.08606735087065,121.55930047167776,"25°05'09.84""N","121°33'33.48""E"
Taipei City,內湖區,內湖路1段518巷,25.07959484176972,121.57379978978916,"25°04'46.54""N","121°34'25.68""E"
Taipei City,內湖區,內湖路1段629巷,25.08155983059619,121.57550858301263,"25°04'53.62""N","121°34'31.83""E"
Taipei City,內湖區,內湖路1段667巷,25.08087253774373,121.57623639620012,"25°04'51.14""N","121°34'34.45""E"
Taipei City,內湖區,內湖路1段91巷,25.08510076482429,121.56162758286457,"25°05'06.36""N","121°33'41.86""E"
Taipei City,內湖區,內湖路2段,25.079723721435073,121.58237365036472,"25°04'47.01""N","121°34'56.55""E"
Taipei City,內湖區,內湖路2段103巷B,25.08352882285189,121.5810462056137,"25°05'00.70""N","121°34'51.77""E"
Taipei City,內湖區,內湖路2段179巷,25.083895607521058,121.58611789055554,"25°05'02.02""N","121°35'10.02""E"
Taipei City,內湖區,內湖路2段263巷9弄,25.08272332245472,121.59041769063901,"25°04'57.80""N","121°35'25.50""E"
Taipei City,內湖區,內湖路2段355巷,25.084052265437496,121.59211297186313,"25°05'02.59""N","121°35'31.61""E"
Taipei City,內湖區,內湖路2段A,25.08110636769105,121.5863091840038,"25°04'51.98""N","121°35'10.71""E"
Taipei City,內湖區,內湖路3段60巷,25.08695377858671,121.59221026480884,"25°05'13.03""N","121°35'31.96""E"
Taipei City,內湖區,南京東路6段東側,25.05596460039955,121.5800795902353,"25°03'21.47""N","121°34'48.29""E"
Taipei City,內湖區,南京東路6段東側,25.05355140166223,121.5756269297172,"25°03'12.79""N","121°34'32.26""E"
Taipei City,內湖區,南京東路6段東側,25.05546397048409,121.57904024213325,"25°03'19.67""N","121°34'44.54""E"
Taipei City,內湖區,南京東路6段西側,25.05594764363742,121.57837366285558,"25°03'21.41""N","121°34'42.15""E"
Taipei City,內湖區,南京東路6段西側,25.055210324704028,121.57699651624117,"25°03'18.76""N","121°34'37.19""E"
Taipei City,內湖區,天母快速道路,25.057552662622225,121.57317461701021,"25°03'27.19""N","121°34'23.43""E"
Taipei City,內湖區,天母快速道路,25.05751942328261,121.57319022372207,"25°03'27.07""N","121°34'23.48""E"
Taipei City,內湖區,天母快速道路,25.05756928253746,121.5731668143614,"25°03'27.25""N","121°34'23.40""E"
Taipei City,內湖區,天母快速道路,25.057536043119264,121.5731824205125,"25°03'27.13""N","121°34'23.46""E"
Taipei City,內湖區,安康公園臨時平面停車場,25.066961921932197,121.6091439474598,"25°04'01.06""N","121°36'32.92""E"
Taipei City,內湖區,安康路,25.063059386095762,121.60184929406005,"25°03'47.01""N","121°36'06.66""E"
Taipei City,內湖區,安康路32巷,25.062133043032183,121.5949086020697,"25°03'43.68""N","121°35'41.67""E"
Taipei City,內湖區,安美街,25.060216113962934,121.59738692161062,"25°03'36.78""N","121°35'50.59""E"
Taipei City,內湖區,安美街,25.06087036834177,121.60281851275472,"25°03'39.13""N","121°36'10.15""E"
Taipei City,內湖區,康寧路1段,25.078682429832245,121.59784494646816,"25°04'43.26""N","121°35'52.24""E"
Taipei City,內湖區,康寧路1段,25.0792963804402,121.59409996237589,"25°04'45.47""N","121°35'38.76""E"
Taipei City,內湖區,康寧路3段189巷155弄,25.074501408477282,121.61136591056749,"25°04'28.21""N","121°36'40.92""E"
Taipei City,內湖區,康寧路3段189巷163弄,25.07575040971481,121.61197122315805,"25°04'32.70""N","121°36'43.10""E"
Taipei City,內湖區,康寧路3段189巷21弄,25.070745658021792,121.61275512222291,"25°04'14.68""N","121°36'45.92""E"
Taipei City,內湖區,康寧路3段189巷93弄,25.073365614751474,121.61226916095742,"25°04'24.12""N","121°36'44.17""E"
Taipei City,內湖區,康寧路3段56巷,25.069915561801604,121.60952042619118,"25°04'11.70""N","121°36'34.27""E"
Taipei City,內湖區,康寧路3段75巷,25.076629457430244,121.6113899149515,"25°04'35.87""N","121°36'41.00""E"
Taipei City,內湖區,康寧路3段99巷39弄,25.073539093269275,121.61091625396581,"25°04'24.74""N","121°36'39.30""E"
Taipei City,內湖區,康樂街151巷,25.07183288729647,121.62062755005783,"25°04'18.60""N","121°37'14.26""E"
Taipei City,內湖區,康樂街191巷,25.075178172366588,121.62043447212471,"25°04'30.64""N","121°37'13.56""E"
Taipei City,內湖區,彩虹河濱公園堤外停車場,25.059074306115363,121.57291395165777,"25°03'32.67""N","121°34'22.49""E"
Taipei City,內湖區,彩虹河濱公園堤外停車場,25.059096024979592,121.57291028433569,"25°03'32.75""N","121°34'22.48""E"
Taipei City,內湖區,成功路2段,25.074381657178524,121.59007913258162,"25°04'27.77""N","121°35'24.28""E"
Taipei City,內湖區,成功路2段273巷,25.06848652199478,121.5910985649872,"25°04'06.55""N","121°35'27.95""E"
Taipei City,內湖區,成功路2段320巷,25.067626203500595,121.58989568323688,"25°04'03.45""N","121°35'23.62""E"
Taipei City,內湖區,成功路3段,25.080218842722324,121.59053583961035,"25°04'48.79""N","121°35'25.93""E"
Taipei City,內湖區,成功路3段B,25.075360177441333,121.58999596655647,"25°04'31.30""N","121°35'23.99""E"
Taipei City,內湖區,成功路3段B,25.076266616859815,121.5903980173811,"25°04'34.56""N","121°35'25.43""E"
Taipei City,內湖區,成功路3段B,25.078570847188544,121.5895048632131,"25°04'42.86""N","121°35'22.22""E"
Taipei City,內湖區,成功路4段223巷,25.08417512052836,121.59659832877801,"25°05'03.03""N","121°35'47.75""E"
Taipei City,內湖區,成功路4段61巷,25.080541043197673,121.59359189449096,"25°04'49.95""N","121°35'36.93""E"
Taipei City,內湖區,成功路4段61巷,25.080723193821882,121.59345230486393,"25°04'50.60""N","121°35'36.43""E"
Taipei City,內湖區,成功路5段,25.079092997269957,121.60729253135392,"25°04'44.73""N","121°36'26.25""E"
Taipei City,內湖區,成功路5段,25.074384861509788,121.60671929619366,"25°04'27.79""N","121°36'24.19""E"
Taipei City,內湖區,成功路5段,25.083926191992845,121.60186356316069,"25°05'02.13""N","121°36'06.71""E"
Taipei City,內湖區,成功路5段120巷臨時平面停車場,25.085723683532954,121.60457236721098,"25°05'08.61""N","121°36'16.46""E"
Taipei City,內湖區,成功路5段450巷22弄,25.075421752682185,121.60798731781907,"25°04'31.52""N","121°36'28.75""E"
Taipei City,內湖區,成功路5段450巷23弄,25.073706562837284,121.60850049565211,"25°04'25.34""N","121°36'30.60""E"
Taipei City,內湖區,文德路,25.07869511510767,121.58643537195321,"25°04'43.30""N","121°35'11.17""E"
Taipei City,內湖區,文德路208巷,25.07778433612617,121.58355740718508,"25°04'40.02""N","121°35'00.81""E"
Taipei City,內湖區,文德路208巷,25.075718251754708,121.583609738143,"25°04'32.59""N","121°35'01.00""E"
Taipei City,內湖區,文德路210巷30弄,25.077461460614064,121.58462759772362,"25°04'38.86""N","121°35'04.66""E"
Taipei City,內湖區,文德路220巷,25.078591406155848,121.58799080460564,"25°04'42.93""N","121°35'16.77""E"
Taipei City,內湖區,文德路22巷,25.077774485947884,121.57960031263877,"25°04'39.99""N","121°34'46.56""E"
Taipei City,內湖區,文湖街60巷,25.086355650409715,121.56395092488249,"25°05'10.88""N","121°33'50.22""E"
Taipei City,內湖區,新明路,25.057483362683517,121.58601707642458,"25°03'26.94""N","121°35'09.66""E"
Taipei City,內湖區,星雲街,25.08081845769776,121.5965811194414,"25°04'50.95""N","121°35'47.69""E"
Taipei City,內湖區,星雲街,25.079666765845904,121.5944411625068,"25°04'46.80""N","121°35'39.99""E"
Taipei City,內湖區,星雲街138巷,25.079319546334723,121.5956112538138,"25°04'45.55""N","121°35'44.20""E"
Taipei City,內湖區,星雲街臨時平面停車場,25.081014755228185,121.59742442733724,"25°04'51.65""N","121°35'50.73""E"
Taipei City,內湖區,東湖路113巷,25.070562502692802,121.61588729425911,"25°04'14.03""N","121°36'57.19""E"
Taipei City,內湖區,東湖路113巷95弄,25.073749345024986,121.61501591078657,"25°04'25.50""N","121°36'54.06""E"
Taipei City,內湖區,東湖路113巷95弄,25.0727095044176,121.61483741242388,"25°04'21.75""N","121°36'53.41""E"
Taipei City,內湖區,樂活公園(一)臨時平面停車場,25.069884484502793,121.62074721606729,"25°04'11.58""N","121°37'14.69""E"
Taipei City,內湖區,樂活公園(一)臨時平面停車場,25.069870453465033,121.62070695582509,"25°04'11.53""N","121°37'14.55""E"
Taipei City,內湖區,樂活公園臨時平面停車場,25.069357269195518,121.62045336672799,"25°04'09.69""N","121°37'13.63""E"
Taipei City,內湖區,樂活公園臨時平面停車場,25.069338026978695,121.62048480109281,"25°04'09.62""N","121°37'13.75""E"
Taipei City,內湖區,民權東路6段123巷20弄,25.0697341580403,121.59233228272737,"25°04'11.04""N","121°35'32.40""E"
Taipei City,內湖區,民權東路6段123巷34弄,25.070421790726105,121.59263071514957,"25°04'13.52""N","121°35'33.47""E"
Taipei City,內湖區,民權東路6段136巷,25.06819124279352,121.58771844693811,"25°04'05.49""N","121°35'15.79""E"
Taipei City,內湖區,民權東路6段180巷,25.066224442951523,121.5926610785332,"25°03'58.41""N","121°35'33.58""E"
Taipei City,內湖區,民權東路6段19巷,25.06922494794642,121.57726087568919,"25°04'09.21""N","121°34'38.14""E"
Taipei City,內湖區,民權東路6段21巷,25.068749137429442,121.58193782036352,"25°04'07.50""N","121°34'54.98""E"
Taipei City,內湖區,民權東路6段248巷,25.06713882063831,121.60199936179416,"25°04'01.70""N","121°36'07.20""E"
Taipei City,內湖區,民權東路6段296巷,25.071090207588917,121.6077621570938,"25°04'15.92""N","121°36'27.94""E"
Taipei City,內湖區,民權東路6段56巷,25.068495366753783,121.5844876051159,"25°04'06.58""N","121°35'04.16""E"
Taipei City,內湖區,民權東路6段56巷,25.068460771110882,121.58451788347679,"25°04'06.46""N","121°35'04.26""E"
Taipei City,內湖區,民權東路6段B,25.068882771423244,121.58659037125011,"25°04'07.98""N","121°35'11.73""E"
Taipei City,內湖區,民權東路6段B,25.06672380151019,121.59931504616543,"25°04'00.21""N","121°35'57.53""E"
Taipei City,內湖區,民權東路六段,25.068545772635634,121.59056788759578,"25°04'06.76""N","121°35'26.04""E"
Taipei City,內湖區,永保街,25.063316221662316,121.59735125612198,"25°03'47.94""N","121°35'50.46""E"
Taipei City,內湖區,江南街65巷,25.07739068361566,121.57777404381443,"25°04'38.61""N","121°34'39.99""E"
Taipei City,內湖區,江南街71巷65弄,25.07594878130549,121.5784205621587,"25°04'33.42""N","121°34'42.31""E"
Taipei City,內湖區,港墘路,25.083455581346467,121.5782895269144,"25°05'00.44""N","121°34'41.84""E"
Taipei City,內湖區,港墘路,25.08008426964931,121.57746451803436,"25°04'48.30""N","121°34'38.87""E"
Taipei City,內湖區,港墘路127巷16弄,25.078034215783777,121.57740237000704,"25°04'40.92""N","121°34'38.65""E"
Taipei City,內湖區,港華街,25.083835001845685,121.5724213989564,"25°05'01.81""N","121°34'20.72""E"
Taipei City,內湖區,港華街,25.082714595121516,121.57604005944928,"25°04'57.77""N","121°34'33.74""E"
Taipei City,內湖區,湖畔公園平面停車場,25.08834602580993,121.6014439673897,"25°05'18.05""N","121°36'05.20""E"
Taipei City,內湖區,潭美街A,25.052987672121045,121.57595645315335,"25°03'10.76""N","121°34'33.44""E"
Taipei City,內湖區,潭美街A,25.055466282681877,121.58413966937478,"25°03'19.68""N","121°35'02.90""E"
Taipei City,內湖區,潭美街A,25.053261180762235,121.5778317169952,"25°03'11.74""N","121°34'40.19""E"
Taipei City,內湖區,潭美街A,25.057178033370768,121.58773748635869,"25°03'25.84""N","121°35'15.85""E"
Taipei City,內湖區,潭美街A,25.061028415099468,121.59456596222873,"25°03'39.70""N","121°35'40.44""E"
Taipei City,內湖區,瑞光路122巷41弄及42弄,25.071717752486933,121.57986386998563,"25°04'18.18""N","121°34'47.51""E"
Taipei City,內湖區,瑞光路132巷,25.07046481960205,121.57901675865915,"25°04'13.67""N","121°34'44.46""E"
Taipei City,內湖區,瑞光路76巷,25.070799103941752,121.58092025846912,"25°04'14.88""N","121°34'51.31""E"
Taipei City,內湖區,環山路1段,25.084100678984786,121.56561533509297,"25°05'02.76""N","121°33'56.22""E"
Taipei City,內湖區,環山路1段,25.086461360793518,121.56597133976311,"25°05'11.26""N","121°33'57.50""E"
Taipei City,內湖區,環山路1段24巷,25.084539226089174,121.56379331107853,"25°05'04.34""N","121°33'49.66""E"
Taipei City,內湖區,環山路2段,25.086331021080138,121.57143929550995,"25°05'10.79""N","121°34'17.18""E"
Taipei City,內湖區,環山路2段,25.08462736260674,121.57544008329177,"25°05'04.66""N","121°34'31.58""E"
Taipei City,內湖區,環山路3段,25.084613212012563,121.58138980440947,"25°05'04.61""N","121°34'53.00""E"
Taipei City,內湖區,環山路3段,25.084615064369892,121.5813353777316,"25°05'04.61""N","121°34'52.81""E"
Taipei City,內湖區,行善路,25.056941622165763,121.57621285359353,"25°03'24.99""N","121°34'34.37""E"
Taipei City,內湖區,行善路,25.05802864430331,121.5785729337716,"25°03'28.90""N","121°34'42.86""E"
Taipei City,內湖區,行善路383巷臨時平面停車場,25.063620421495337,121.58628508195571,"25°03'49.03""N","121°35'10.63""E"
Taipei City,內湖區,行善路383巷臨時平面停車場,25.063618521530515,121.5863187704372,"25°03'49.03""N","121°35'10.75""E"
Taipei City,內湖區,行善路383巷臨時平面停車場,25.063617223171306,121.58638892070347,"25°03'49.02""N","121°35'11.00""E"
Taipei City,內湖區,行善路383巷臨時平面停車場,25.0636182051995,121.5863539084843,"25°03'49.03""N","121°35'10.87""E"
Taipei City,內湖區,行愛路,25.065660645987894,121.57891965536878,"25°03'56.38""N","121°34'44.11""E"
Taipei City,內湖區,金湖臨時平面停車場(二),25.081799500865543,121.59744083914251,"25°04'54.48""N","121°35'50.79""E"
Taipei City,內湖區,金湖臨時平面停車場(二),25.081788647645915,121.59747379677152,"25°04'54.44""N","121°35'50.91""E"
Taipei City,內湖區,金湖臨時平面停車場(二),25.081320396636468,121.59815564783149,"25°04'52.75""N","121°35'53.36""E"
Taipei City,內湖區,金龍路,25.085863869509218,121.58995214338636,"25°05'09.11""N","121°35'23.83""E"
Taipei City,內湖區,金龍路,25.088350884747403,121.58672263932104,"25°05'18.06""N","121°35'12.20""E"
Taipei City,內湖區,金龍路,25.08538282023464,121.59149206219192,"25°05'07.38""N","121°35'29.37""E"
Taipei City,內湖區,金龍路,25.084886199409315,121.59346326083525,"25°05'05.59""N","121°35'36.47""E"
Taipei City,內湖區,陽光街,25.076716145659578,121.58691037283354,"25°04'36.18""N","121°35'12.88""E"
Taipei City,內湖區,陽光街252巷,25.073350538754163,121.57733917308539,"25°04'24.06""N","121°34'38.42""E"
Taipei City,內湖區,陽光街321巷,25.072425648554688,121.57882688460741,"25°04'20.73""N","121°34'43.78""E"
Taipei City,內湖區,陽光街321巷,25.07213213477436,121.57865642464239,"25°04'19.68""N","121°34'43.16""E"
Taipei City,內湖區,陽光街321巷,25.07237767887519,121.57880057077134,"25°04'20.56""N","121°34'43.68""E"
Taipei City,內湖區,麗山街348巷,25.082131639109377,121.57339493894611,"25°04'55.67""N","121°34'24.22""E"
Taipei City,內湖區,麗山街37巷,25.080676980610153,121.58154847306123,"25°04'50.44""N","121°34'53.57""E"
Taipei City,北投區,,25.145428081262228,121.52623110845282,"25°08'43.54""N","121°31'34.43""E"
Taipei City,北投區,七星街,25.136814854102916,121.50301165867053,"25°08'12.53""N","121°30'10.84""E"
Taipei City,北投區,三合街1段117巷,25.125940518334524,121.50435128963701,"25°07'33.39""N","121°30'15.66""E"
Taipei City,北投區,三合街1段117巷38弄,25.126056059066155,121.50406140918246,"25°07'33.80""N","121°30'14.62""E"
Taipei City,北投區,三合街1段36巷,25.127396633724942,121.50632930676683,"25°07'38.63""N","121°30'22.79""E"
Taipei City,北投區,三合街1段82巷62弄平面停車場,25.128745332859538,121.50500328782736,"25°07'43.48""N","121°30'18.01""E"
Taipei City,北投區,三合街1段82巷86弄,25.129127095067204,121.504817398816,"25°07'44.86""N","121°30'17.34""E"
Taipei City,北投區,三合街1段82巷86弄平面停車場,25.129109654685156,121.5044206276423,"25°07'44.79""N","121°30'15.91""E"
Taipei City,北投區,三合街一段82巷平面停車場,25.129187451823725,121.50413677571392,"25°07'45.07""N","121°30'14.89""E"
Taipei City,北投區,中和街,25.13848219452969,121.50238329206604,"25°08'18.54""N","121°30'08.58""E"
Taipei City,北投區,中央北路2段68巷,25.137867684330104,121.49484670515879,"25°08'16.32""N","121°29'41.45""E"
Taipei City,北投區,中央北路3段,25.136617910861045,121.48109917590278,"25°08'11.82""N","121°28'51.96""E"
Taipei City,北投區,中央北路3段,25.137702806366857,121.4843034221413,"25°08'15.73""N","121°29'03.49""E"
Taipei City,北投區,中央北路3段53巷,25.137815462463884,121.48673086074173,"25°08'16.14""N","121°29'12.23""E"
Taipei City,北投區,中央北路4段,25.128753212490768,121.4699156456571,"25°07'43.51""N","121°28'11.70""E"
Taipei City,北投區,中央北路4段,25.135272224894734,121.47869378014657,"25°08'06.98""N","121°28'43.30""E"
Taipei City,北投區,中央北路4段,25.12721117888945,121.46681754379357,"25°07'37.96""N","121°28'00.54""E"
Taipei City,北投區,中央北路4段,25.133270203270612,121.47587412564155,"25°07'59.77""N","121°28'33.15""E"
Taipei City,北投區,中央北路4段18巷46弄,25.13652727324419,121.47923544058015,"25°08'11.50""N","121°28'45.25""E"
Taipei City,北投區,中山路B,25.136803457086796,121.50769427713337,"25°08'12.49""N","121°30'27.70""E"
Taipei City,北投區,中山路B,25.136805834735032,121.50771375757473,"25°08'12.50""N","121°30'27.77""E"
Taipei City,北投區,光明路B,25.136256315648552,121.50491262798188,"25°08'10.52""N","121°30'17.69""E"
Taipei City,北投區,光明路B,25.13632445861694,121.50502282643974,"25°08'10.77""N","121°30'18.08""E"
Taipei City,北投區,公舘路228巷,25.12632539172687,121.50763479873036,"25°07'34.77""N","121°30'27.49""E"
Taipei City,北投區,公舘路376巷,25.123392505128436,121.50366296534875,"25°07'24.21""N","121°30'13.19""E"
Taipei City,北投區,公舘路423巷8弄,25.11991791990858,121.50274457075136,"25°07'11.70""N","121°30'09.88""E"
Taipei City,北投區,北投磺港溪廣場,25.133035863954152,121.50279332321543,"25°07'58.93""N","121°30'10.06""E"
Taipei City,北投區,北投製片廠平面停車場,25.139336839368248,121.48815582106857,"25°08'21.61""N","121°29'17.36""E"
Taipei City,北投區,北投路2段,25.131677311687753,121.4976618477844,"25°07'54.04""N","121°29'51.58""E"
Taipei City,北投區,北投路2段,25.130579206318988,121.49943668600062,"25°07'50.09""N","121°29'57.97""E"
Taipei City,北投區,同德街,25.125110652005088,121.52726678600804,"25°07'30.40""N","121°31'38.16""E"
Taipei City,北投區,大業路,25.135946346514,121.49698217652511,"25°08'09.41""N","121°29'49.14""E"
Taipei City,北投區,大業路,25.132129348308386,121.49602643606691,"25°07'55.67""N","121°29'45.70""E"
Taipei City,北投區,大業路,25.13743539426959,121.50285004191315,"25°08'14.77""N","121°30'10.26""E"
Taipei City,北投區,大業路,25.137278837084782,121.5028291414104,"25°08'14.20""N","121°30'10.18""E"
Taipei City,北投區,大業路,25.137281590707104,121.50288159164133,"25°08'14.21""N","121°30'10.37""E"
Taipei City,北投區,大業路,25.13622859617664,121.49739732605597,"25°08'10.42""N","121°29'50.63""E"
Taipei City,北投區,大業路280巷臨時平面停車場,25.12773112914613,121.5001167846301,"25°07'39.83""N","121°30'00.42""E"
Taipei City,北投區,大業路452巷,25.131527541443244,121.49683106127398,"25°07'53.50""N","121°29'48.59""E"
Taipei City,北投區,大業路452巷,25.131502553666724,121.49658372726472,"25°07'53.41""N","121°29'47.70""E"
Taipei City,北投區,大業路452巷,25.131544953698313,121.496876810606,"25°07'53.56""N","121°29'48.76""E"
Taipei City,北投區,大興街,25.130804956267845,121.50255346259007,"25°07'50.90""N","121°30'09.19""E"
Taipei City,北投區,大興街,25.130652619372697,121.50085574548672,"25°07'50.35""N","121°30'03.08""E"
Taipei City,北投區,懷德街A,25.11060040487117,121.51982337293465,"25°06'38.16""N","121°31'11.36""E"
Taipei City,北投區,承德路7段,25.118142763350455,121.50327837255288,"25°07'05.31""N","121°30'11.80""E"
Taipei City,北投區,承德路7段,25.117777278513618,121.50367610393005,"25°07'04.00""N","121°30'13.23""E"
Taipei City,北投區,承德路7段,25.11179871844933,121.51032767958081,"25°06'42.48""N","121°30'37.18""E"
Taipei City,北投區,承德路7段,25.118174596331105,121.50324321978938,"25°07'05.43""N","121°30'11.68""E"
Taipei City,北投區,承德路7段,25.117809043265122,121.50364087689128,"25°07'04.11""N","121°30'13.11""E"
Taipei City,北投區,文化三路,25.136730504970078,121.49635312193156,"25°08'12.23""N","121°29'46.87""E"
Taipei City,北投區,文化三路,25.137443912443004,121.49744387822902,"25°08'14.80""N","121°29'50.80""E"
Taipei City,北投區,文林北路,25.10841309373975,121.5139780543236,"25°06'30.29""N","121°30'50.32""E"
Taipei City,北投區,文林北路,25.109026681242398,121.51331714937295,"25°06'32.50""N","121°30'47.94""E"
Taipei City,北投區,文林北路,25.105938760117823,121.517112327416,"25°06'21.38""N","121°31'01.60""E"
Taipei City,北投區,文林橋下平面停車場,25.101857817925605,121.51595099481192,"25°06'06.69""N","121°30'57.42""E"
Taipei City,北投區,新興路,25.13938141248927,121.48690077173424,"25°08'21.77""N","121°29'12.84""E"
Taipei City,北投區,新興路152巷,25.13974742261349,121.48645758249735,"25°08'23.09""N","121°29'11.25""E"
Taipei City,北投區,明德路337巷,25.117141027612448,121.51680598615819,"25°07'01.71""N","121°31'00.50""E"
Taipei City,北投區,明德路A,25.109585381604575,121.51978663535311,"25°06'34.51""N","121°31'11.23""E"
Taipei City,北投區,明德路B,25.108633964423554,121.5185988541227,"25°06'31.08""N","121°31'06.96""E"
Taipei City,北投區,洲美公園臨時平面停車場,25.100295788316195,121.50582504657984,"25°06'01.06""N","121°30'20.97""E"
Taipei City,北投區,洲美公園臨時平面停車場,25.10021139225385,121.50573234644237,"25°06'00.76""N","121°30'20.64""E"
Taipei City,北投區,洲美快速道路橋下(小車),25.10395403283138,121.4990335907244,"25°06'14.23""N","121°29'56.52""E"
Taipei City,北投區,洲美快速道路橋下(小車),25.10322538131723,121.49908698034656,"25°06'11.61""N","121°29'56.71""E"
Taipei City,北投區,洲美橋下平面,25.120822301966424,121.49897537775941,"25°07'14.96""N","121°29'56.31""E"
Taipei City,北投區,洲美街,25.101258405733564,121.50435012441403,"25°06'04.53""N","121°30'15.66""E"
Taipei City,北投區,溫泉路A,25.136212040907946,121.5103021344788,"25°08'10.36""N","121°30'37.09""E"
Taipei City,北投區,珠海路,25.14232260692519,121.50726742416799,"25°08'32.36""N","121°30'26.16""E"
Taipei City,北投區,珠海路,25.14182197580391,121.5099138729688,"25°08'30.56""N","121°30'35.69""E"
Taipei City,北投區,珠海路,25.138791750399378,121.50297643222586,"25°08'19.65""N","121°30'10.72""E"
Taipei City,北投區,珠海路,25.13854809503232,121.50284738101715,"25°08'18.77""N","121°30'10.25""E"
Taipei City,北投區,珠海路,25.137845749843184,121.50207912709459,"25°08'16.24""N","121°30'07.48""E"
Taipei City,北投區,知行路,25.121273870368455,121.4673718777412,"25°07'16.59""N","121°28'02.54""E"
Taipei City,北投區,知行路,25.119717278487194,121.46689778906226,"25°07'10.98""N","121°28'00.83""E"
Taipei City,北投區,知行路,25.118273380078154,121.4651614907093,"25°07'05.78""N","121°27'54.58""E"
Taipei City,北投區,知行路292巷4弄,25.121075668312557,121.46807122280735,"25°07'15.87""N","121°28'05.06""E"
Taipei City,北投區,石牌路1段39巷,25.117048832013335,121.50951278091506,"25°07'01.38""N","121°30'34.25""E"
Taipei City,北投區,磺港路,25.132577650313774,121.50318332596787,"25°07'57.28""N","121°30'11.46""E"
Taipei City,北投區,磺港路,25.12866280993764,121.50304961362954,"25°07'43.19""N","121°30'10.98""E"
Taipei City,北投區,福國路(洲美段二)橋下平面停車場,25.10120238594918,121.50296482063075,"25°06'04.33""N","121°30'10.67""E"
Taipei City,北投區,秀山國小臨時平面停車場,25.146123951053145,121.49862226022412,"25°08'46.05""N","121°29'55.04""E"
Taipei City,北投區,秀山路,25.142628955364696,121.49075877618765,"25°08'33.46""N","121°29'26.73""E"
Taipei City,北投區,稻香路,25.140899873847882,121.48966183624555,"25°08'27.24""N","121°29'22.78""E"
Taipei City,北投區,稻香路,25.142437567734415,121.48957653352528,"25°08'32.78""N","121°29'22.48""E"
Taipei City,北投區,稻香路,25.139561792757732,121.48997426981373,"25°08'22.42""N","121°29'23.91""E"
Taipei City,北投區,立德路,25.128455418126297,121.47266708504738,"25°07'42.44""N","121°28'21.60""E"
Taipei City,北投區,立德路,25.128420156096624,121.4726361266554,"25°07'42.31""N","121°28'21.49""E"
Taipei City,北投區,立德路,25.128188185878244,121.47243698948783,"25°07'41.48""N","121°28'20.77""E"
Taipei City,北投區,育仁路,25.13444723099188,121.49909633496875,"25°08'04.01""N","121°29'56.75""E"
Taipei City,北投區,育仁路,25.135250920562484,121.49993059802753,"25°08'06.90""N","121°29'59.75""E"
Taipei City,北投區,自強街,25.110920152336092,121.51595625846878,"25°06'39.31""N","121°30'57.44""E"
Taipei City,北投區,致遠二路,25.11655433215923,121.51201997606437,"25°06'59.60""N","121°30'43.27""E"
Taipei City,北投區,行義路114巷,25.128598101302604,121.53009184502508,"25°07'42.95""N","121°31'48.33""E"
Taipei City,北投區,裕民六路,25.11466763615538,121.51747056260653,"25°06'52.80""N","121°31'02.89""E"
Taipei City,北投區,裕民四路,25.115282601620397,121.51655486116577,"25°06'55.02""N","121°30'59.60""E"
Taipei City,北投區,豐年路2段,25.1365305448167,121.4942064431117,"25°08'11.51""N","121°29'39.14""E"
Taipei City,北投區,豐年運動公園停車場,25.13505691036121,121.49531131255726,"25°08'06.20""N","121°29'43.12""E"
Taipei City,北投區,豐年運動公園停車場,25.135093123983584,121.49540923759663,"25°08'06.34""N","121°29'43.47""E"
Taipei City,北投區,關渡路,25.11920578385338,121.46918211205832,"25°07'09.14""N","121°28'09.06""E"
Taipei City,北投區,關渡路,25.11981873257258,121.46925530293504,"25°07'11.35""N","121°28'09.32""E"
Taipei City,北投區,雙全街,25.137911887068817,121.50105763212967,"25°08'16.48""N","121°30'03.81""E"
Taipei City,北投區,雙全街,25.13731583605461,121.50108576193891,"25°08'14.34""N","121°30'03.91""E"
Taipei City,南港區,中坡北路,25.047867750322283,121.5804455595346,"25°02'52.32""N","121°34'49.60""E"
Taipei City,南港區,中坡南路,25.042347450022298,121.58429408896887,"25°02'32.45""N","121°35'03.46""E"
Taipei City,南港區,中坡南路,25.043692744489963,121.5826297111896,"25°02'37.29""N","121°34'57.47""E"
Taipei City,南港區,中坡南路,25.04270093585525,121.58381542516034,"25°02'33.72""N","121°35'01.74""E"
Taipei City,南港區,中坡南路,25.04267105369282,121.5838546587541,"25°02'33.62""N","121°35'01.88""E"
Taipei City,南港區,凌雲街,25.035907279821313,121.61529326602461,"25°02'09.27""N","121°36'55.06""E"
Taipei City,南港區,南港路1段,25.05527735830962,121.61171004985925,"25°03'19.00""N","121°36'42.16""E"
Taipei City,南港區,南港路1段,25.055081134496383,121.61052207521395,"25°03'18.29""N","121°36'37.88""E"
Taipei City,南港區,南港路1段,25.054566445833192,121.6082768075012,"25°03'16.44""N","121°36'29.80""E"
Taipei City,南港區,南港路1段,25.05504878866224,121.6141183182312,"25°03'18.18""N","121°36'50.83""E"
Taipei City,南港區,南港路1段,25.05525141292717,121.61293323428715,"25°03'18.91""N","121°36'46.56""E"
Taipei City,南港區,南港路1段287巷2弄,25.05398901879372,121.60798210831557,"25°03'14.36""N","121°36'28.74""E"
Taipei City,南港區,南港路2段,25.054217316135183,121.59261685979803,"25°03'15.18""N","121°35'33.42""E"
Taipei City,南港區,南港路3段,25.052636478048516,121.58532055434016,"25°03'09.49""N","121°35'07.15""E"
Taipei City,南港區,南港路3段,25.053059621869124,121.58612675264715,"25°03'11.01""N","121°35'10.06""E"
Taipei City,南港區,同德路,25.04618868476001,121.58608866139303,"25°02'46.28""N","121°35'09.92""E"
Taipei City,南港區,向陽路162巷,25.056766411914218,121.59760337691051,"25°03'24.36""N","121°35'51.37""E"
Taipei City,南港區,向陽路196巷,25.057169059395314,121.59558228827397,"25°03'25.81""N","121°35'44.10""E"
Taipei City,南港區,向陽路258巷,25.058271407530565,121.5947261095997,"25°03'29.78""N","121°35'41.01""E"
Taipei City,南港區,園區街,25.05908345590079,121.61354830679845,"25°03'32.70""N","121°36'48.77""E"
Taipei City,南港區,大坑街臨時平面停車場,25.046641194581134,121.6170973298613,"25°02'47.91""N","121°37'01.55""E"
Taipei City,南港區,富康街,25.05316547801752,121.61710477808336,"25°03'11.40""N","121°37'01.58""E"
Taipei City,南港區,富康街1巷16弄,25.053909687050513,121.6180460608606,"25°03'14.07""N","121°37'04.97""E"
Taipei City,南港區,富康街1巷16弄,25.053954429870743,121.6180521409361,"25°03'14.24""N","121°37'04.99""E"
Taipei City,南港區,市民大道7段A,25.049645053419773,121.58332207237918,"25°02'58.72""N","121°34'59.96""E"
Taipei City,南港區,忠孝東路6段,25.04991092930635,121.59099161016809,"25°02'59.68""N","121°35'27.57""E"
Taipei City,南港區,忠孝東路6段,25.048695574632372,121.58703406176947,"25°02'55.30""N","121°35'13.32""E"
Taipei City,南港區,忠孝東路6段(機車),25.049339731173216,121.58814270541747,"25°02'57.62""N","121°35'17.31""E"
Taipei City,南港區,忠孝東路6段278巷,25.0488297226525,121.58928334794689,"25°02'55.79""N","121°35'21.42""E"
Taipei City,南港區,忠孝東路7段,25.05295877201786,121.61343318359884,"25°03'10.65""N","121°36'48.36""E"
Taipei City,南港區,忠孝東路7段,25.052992689856705,121.61556298073953,"25°03'10.77""N","121°36'56.03""E"
Taipei City,南港區,成功路1段,25.057574215256192,121.5925771506567,"25°03'27.27""N","121°35'33.28""E"
Taipei City,南港區,成福路,25.043423392553855,121.58671290534217,"25°02'36.32""N","121°35'12.17""E"
Taipei City,南港區,成福路,25.0428331993382,121.58684982792444,"25°02'34.20""N","121°35'12.66""E"
Taipei City,南港區,新新公園平面停車場,25.051341727222585,121.59061099477427,"25°03'04.83""N","121°35'26.20""E"
Taipei City,南港區,新新公園平面停車場,25.051353066703797,121.59057820884996,"25°03'04.87""N","121°35'26.08""E"
Taipei City,南港區,新民街,25.055540319695815,121.61042226316668,"25°03'19.95""N","121°36'37.52""E"
Taipei City,南港區,新民街,25.056234359108032,121.61346768835855,"25°03'22.44""N","121°36'48.48""E"
Taipei City,南港區,昆陽街,25.053459082948148,121.59249592917534,"25°03'12.45""N","121°35'32.99""E"
Taipei City,南港區,昆陽街152巷,25.049163640849248,121.59349879188322,"25°02'56.99""N","121°35'36.60""E"
Taipei City,南港區,昆陽街A,25.048038839997005,121.59324171696306,"25°02'52.94""N","121°35'35.67""E"
Taipei City,南港區,東新街,25.04663481353953,121.58867436217722,"25°02'47.89""N","121°35'19.23""E"
Taipei City,南港區,東新街,25.047454725862245,121.5941334541974,"25°02'50.84""N","121°35'38.88""E"
Taipei City,南港區,東新街108巷,25.04551089416625,121.58788358436152,"25°02'43.84""N","121°35'16.38""E"
Taipei City,南港區,東新街170巷,25.040096273712702,121.59276280738744,"25°02'24.35""N","121°35'33.95""E"
Taipei City,南港區,東新街170巷,25.040336948947907,121.59194964875326,"25°02'25.21""N","121°35'31.02""E"
Taipei City,南港區,東新街170巷,25.045259225365896,121.5926183152456,"25°02'42.93""N","121°35'33.43""E"
Taipei City,南港區,東新街170巷,25.041385852282076,121.59115033198525,"25°02'28.99""N","121°35'28.14""E"
Taipei City,南港區,東新街170巷,25.045310888016104,121.59262485699263,"25°02'43.12""N","121°35'33.45""E"
Taipei City,南港區,東新街77巷4弄,25.0467031009073,121.58707559629852,"25°02'48.13""N","121°35'13.47""E"
Taipei City,南港區,東新街B,25.04700708640334,121.58634710924376,"25°02'49.23""N","121°35'10.85""E"
Taipei City,南港區,東明街,25.05458811339638,121.6009441215418,"25°03'16.52""N","121°36'03.40""E"
Taipei City,南港區,東明街123巷,25.054063933657538,121.59787205211641,"25°03'14.63""N","121°35'52.34""E"
Taipei City,南港區,東明街123巷,25.054564433398568,121.59972522321715,"25°03'16.43""N","121°35'59.01""E"
Taipei City,南港區,東明街123巷,25.054858741625875,121.6000485493105,"25°03'17.49""N","121°36'00.17""E"
Taipei City,南港區,松河街,25.05901830050514,121.5948977636427,"25°03'32.47""N","121°35'41.63""E"
Taipei City,南港區,松河街,25.059733591086875,121.60893896874693,"25°03'35.04""N","121°36'32.18""E"
Taipei City,南港區,松河街,25.05824099814455,121.59875473103358,"25°03'29.67""N","121°35'55.52""E"
Taipei City,南港區,松河街,25.05969871531842,121.6088258535093,"25°03'34.92""N","121°36'31.77""E"
Taipei City,南港區,松河街,25.058239447319508,121.59880439870646,"25°03'29.66""N","121°35'55.70""E"
Taipei City,南港區,松河街,25.05974809186605,121.60898571103024,"25°03'35.09""N","121°36'32.35""E"
Taipei City,南港區,松河街B,25.053994345700836,121.5867192083373,"25°03'14.38""N","121°35'12.19""E"
Taipei City,南港區,松河街B,25.052402054736174,121.58100361079359,"25°03'08.65""N","121°34'51.61""E"
Taipei City,南港區,松河街B,25.05411078601309,121.5869318152883,"25°03'14.80""N","121°35'12.95""E"
Taipei City,南港區,松河街B,25.056315845269296,121.59025521170241,"25°03'22.74""N","121°35'24.92""E"
Taipei City,南港區,松河街B,25.056255106144715,121.5901951605087,"25°03'22.52""N","121°35'24.70""E"
Taipei City,南港區,松河街B,25.052208636736857,121.58097787721123,"25°03'07.95""N","121°34'51.52""E"
Taipei City,南港區,松河街B,25.052534349006244,121.58159869768923,"25°03'09.12""N","121°34'53.76""E"
Taipei City,南港區,松河街B,25.052391053740994,121.58095083393845,"25°03'08.61""N","121°34'51.42""E"
Taipei City,南港區,松河街B,25.056285487544695,121.59022515519766,"25°03'22.63""N","121°35'24.81""E"
Taipei City,南港區,永吉路B,25.045218148606452,121.58218789745922,"25°02'42.79""N","121°34'55.88""E"
Taipei City,南港區,港東街,25.059225190436383,121.62126463003042,"25°03'33.21""N","121°37'16.55""E"
Taipei City,南港區,港東街,25.0591885058325,121.6212929340478,"25°03'33.08""N","121°37'16.65""E"
Taipei City,南港區,玉成街,25.048329702625985,121.5815819123511,"25°02'53.99""N","121°34'53.69""E"
Taipei City,南港區,玉成街A,25.044604399857356,121.58420563926778,"25°02'40.58""N","121°35'03.14""E"
Taipei City,南港區,玉成街A,25.042812687283156,121.58606067473744,"25°02'34.13""N","121°35'09.82""E"
Taipei City,南港區,研究院路2段134巷,25.03894875349116,121.61632795958863,"25°02'20.22""N","121°36'58.78""E"
Taipei City,南港區,研究院路2段182巷58弄,25.036313808539973,121.61452440388986,"25°02'10.73""N","121°36'52.29""E"
Taipei City,南港區,研究院路2段70巷,25.045414115191264,121.61380636904335,"25°02'43.49""N","121°36'49.70""E"
Taipei City,南港區,研究院路2段70巷10弄,25.045323056036505,121.61433108709332,"25°02'43.16""N","121°36'51.59""E"
Taipei City,南港區,研究院路3段,25.03449915271754,121.61041142157389,"25°02'04.20""N","121°36'37.48""E"
Taipei City,南港區,研究院路3段20巷,25.034921343723965,121.61523980853842,"25°02'05.72""N","121°36'54.86""E"
Taipei City,南港區,研究院路3段2巷,25.036437848356854,121.61649792674343,"25°02'11.18""N","121°36'59.39""E"
Taipei City,南港區,研究院路3段86巷,25.03516233119596,121.61304591744603,"25°02'06.58""N","121°36'46.97""E"
Taipei City,南港區,研究院路三段68巷10弄,25.035535721916872,121.614312296676,"25°02'07.93""N","121°36'51.52""E"
Taipei City,南港區,研究院路二段12巷,25.04741751147786,121.61360031459526,"25°02'50.70""N","121°36'48.96""E"
Taipei City,南港區,研究院路二段12巷,25.047423867816924,121.61365083303068,"25°02'50.73""N","121°36'49.14""E"
Taipei City,南港區,研究院路平面停車場,25.045018198522502,121.61478485817673,"25°02'42.07""N","121°36'53.23""E"
Taipei City,南港區,福德街309巷,25.038387036628006,121.58833473159767,"25°02'18.19""N","121°35'18.01""E"
Taipei City,南港區,福德街309巷,25.038371083193862,121.58838092617162,"25°02'18.14""N","121°35'18.17""E"
Taipei City,南港區,福德街310巷B,25.040495818374353,121.58719156322917,"25°02'25.78""N","121°35'13.89""E"
Taipei City,南港區,福德街339巷,25.037984563720368,121.58935819774328,"25°02'16.74""N","121°35'21.69""E"
Taipei City,南港區,福德街373巷,25.040311153880815,121.59083951427587,"25°02'25.12""N","121°35'27.02""E"
Taipei City,南港區,經貿二路106巷,25.05826442230011,121.61463198012,"25°03'29.75""N","121°36'52.68""E"
Taipei City,南港區,興中路,25.055645829376143,121.60729281888952,"25°03'20.32""N","121°36'26.25""E"
Taipei City,南港區,興中路,25.05569396741881,121.60728140008767,"25°03'20.50""N","121°36'26.21""E"
Taipei City,南港區,興中路80巷平面停車場,25.057673220231397,121.60653979424649,"25°03'27.62""N","121°36'23.54""E"
Taipei City,南港區,興南街64巷,25.056039726285366,121.60179231838798,"25°03'21.74""N","121°36'06.45""E"
Taipei City,南港區,舊莊街1段212巷,25.038380744845064,121.62198969768143,"25°02'18.17""N","121°37'19.16""E"
Taipei City,南港區,舊莊街1段215巷,25.03859684602264,121.62281041984157,"25°02'18.95""N","121°37'22.12""E"
Taipei City,南港區,舊莊街1段3巷平面停車場,25.041634059216825,121.6185968607394,"25°02'29.88""N","121°37'06.95""E"
Taipei City,南港區,舊莊街1段91巷,25.04104053917064,121.61938969457836,"25°02'27.75""N","121°37'09.80""E"
Taipei City,南港區,重陽路,25.05760109186769,121.60179912606972,"25°03'27.36""N","121°36'06.48""E"
Taipei City,南港區,重陽路,25.06127596744924,121.61254420002119,"25°03'40.59""N","121°36'45.16""E"
Taipei City,南港區,重陽路,25.057081410933716,121.5999686684533,"25°03'25.49""N","121°35'59.89""E"
Taipei City,南港區,重陽路,25.057624563017946,121.60404702211731,"25°03'27.45""N","121°36'14.57""E"
Taipei City,南港區,重陽路125巷,25.0572265530896,121.59777643816214,"25°03'26.02""N","121°35'52.00""E"
Taipei City,南港區,重陽路166巷,25.056612443702633,121.60142969419246,"25°03'23.80""N","121°36'05.15""E"
Taipei City,南港區,重陽路166巷,25.05713757573611,121.60108849788399,"25°03'25.70""N","121°36'03.92""E"
Taipei City,南港區,重陽路187巷,25.056993735093204,121.59887800361412,"25°03'25.18""N","121°35'55.96""E"
Taipei City,南港區,重陽路39巷,25.057441345906227,121.59444948768962,"25°03'26.79""N","121°35'40.02""E"
Taipei City,南港區,重陽路57巷,25.057792011070045,121.59586588464859,"25°03'28.05""N","121°35'45.12""E"
Taipei City,士林區,三腳渡平面廣場,25.08210761450911,121.51647664901682,"25°04'55.59""N","121°30'59.32""E"
Taipei City,士林區,三腳渡平面廣場,25.082122723552207,121.51650219242599,"25°04'55.64""N","121°30'59.41""E"
Taipei City,士林區,三腳渡平面廣場,25.082140459830892,121.51653072245848,"25°04'55.71""N","121°30'59.51""E"
Taipei City,士林區,中山北路5段B,25.09816063714845,121.52743230629709,"25°05'53.38""N","121°31'38.76""E"
Taipei City,士林區,中山北路5段B,25.097257643197768,121.5276512884233,"25°05'50.13""N","121°31'39.54""E"
Taipei City,士林區,中山北路5段B,25.098218622317468,121.52705534067914,"25°05'53.59""N","121°31'37.40""E"
Taipei City,士林區,中山北路5段B,25.098170413466974,121.52706874901006,"25°05'53.41""N","121°31'37.45""E"
Taipei City,士林區,中山北路6段,25.107065461400907,121.52488291798001,"25°06'25.44""N","121°31'29.58""E"
Taipei City,士林區,中山北路6段,25.110937723430396,121.52551594298956,"25°06'39.38""N","121°31'31.86""E"
Taipei City,士林區,中山北路6段,25.109126099040655,121.52541110589976,"25°06'32.85""N","121°31'31.48""E"
Taipei City,士林區,中山北路6段,25.113745242556714,121.52693845398548,"25°06'49.48""N","121°31'36.98""E"
Taipei City,士林區,中山北路7段,25.12598703183127,121.53287892451168,"25°07'33.55""N","121°31'58.36""E"
Taipei City,士林區,中山北路7段,25.121798617252015,121.53175114342764,"25°07'18.48""N","121°31'54.30""E"
Taipei City,士林區,中山北路7段,25.125402290026738,121.53278891463101,"25°07'31.45""N","121°31'58.04""E"
Taipei City,士林區,中山北路7段,25.12019782957979,121.5309489970864,"25°07'12.71""N","121°31'51.42""E"
Taipei City,士林區,中山北路7段141巷,25.12484832451477,121.53049586786652,"25°07'29.45""N","121°31'49.79""E"
Taipei City,士林區,中山北路7段141巷,25.122999554119993,121.53185931973988,"25°07'22.80""N","121°31'54.69""E"
Taipei City,士林區,中山北路7段141巷,25.12316078066836,121.53031561225184,"25°07'23.38""N","121°31'49.14""E"
Taipei City,士林區,中山北路7段14巷,25.120986997125613,121.5342714733567,"25°07'15.55""N","121°32'03.38""E"
Taipei City,士林區,中山北路7段219巷,25.128172934647885,121.53262864286857,"25°07'41.42""N","121°31'57.46""E"
Taipei City,士林區,中山北路7段232巷,25.127199313909287,121.53382195533605,"25°07'37.92""N","121°32'01.76""E"
Taipei City,士林區,仰德大道1段6巷,25.09925770730673,121.53879804630336,"25°05'57.33""N","121°32'19.67""E"
Taipei City,士林區,仰德大道1段6巷,25.099235647361144,121.5388410308056,"25°05'57.25""N","121°32'19.83""E"
Taipei City,士林區,仰德大道1段6巷,25.099213861324674,121.53888391593658,"25°05'57.17""N","121°32'19.98""E"
Taipei City,士林區,仰德大道二段,25.11053697939626,121.54914349877369,"25°06'37.93""N","121°32'56.92""E"
Taipei City,士林區,前港街,25.084685407573847,121.5216328635704,"25°05'04.87""N","121°31'17.88""E"
Taipei City,士林區,劍潭堤外停車場,25.08010389967446,121.5184712795434,"25°04'48.37""N","121°31'06.50""E"
Taipei City,士林區,劍潭堤外停車場,25.08016140006113,121.51840507384362,"25°04'48.58""N","121°31'06.26""E"
Taipei City,士林區,劍潭堤外停車場,25.080175213961088,121.5183885894433,"25°04'48.63""N","121°31'06.20""E"
Taipei City,士林區,劍潭堤外停車場,25.08012538937151,121.5184456963353,"25°04'48.45""N","121°31'06.40""E"
Taipei City,士林區,劍潭堤外停車場,25.080138914333343,121.51842892239608,"25°04'48.50""N","121°31'06.34""E"
Taipei City,士林區,劍潭堤外停車場,25.080196455708773,121.5183676309536,"25°04'48.71""N","121°31'06.12""E"
Taipei City,士林區,劍潭路西側,25.08356840224649,121.5210893761912,"25°05'00.85""N","121°31'15.92""E"
Taipei City,士林區,基河路A,25.080992122137726,121.5238685634491,"25°04'51.57""N","121°31'25.93""E"
Taipei City,士林區,基河路A,25.081035567363006,121.5238804014917,"25°04'51.73""N","121°31'25.97""E"
Taipei City,士林區,基河路A,25.090873128951486,121.5217985983657,"25°05'27.14""N","121°31'18.47""E"
Taipei City,士林區,基河路C,25.094241377226098,121.51914268433929,"25°05'39.27""N","121°31'08.91""E"
Taipei City,士林區,士東路,25.113683529151057,121.53778585788837,"25°06'49.26""N","121°32'16.03""E"
Taipei City,士林區,士東路,25.11261987563749,121.53324340064584,"25°06'45.43""N","121°31'59.68""E"
Taipei City,士林區,士東路,25.11315305297203,121.53636058607712,"25°06'47.35""N","121°32'10.90""E"
Taipei City,士林區,士東路200巷,25.109884815000182,121.53407250029093,"25°06'35.59""N","121°32'02.66""E"
Taipei City,士林區,士東路91巷,25.113632035253524,121.52982493543705,"25°06'49.08""N","121°31'47.37""E"
Taipei City,士林區,士東路A,25.11211237800036,121.52865358127198,"25°06'43.60""N","121°31'43.15""E"
Taipei City,士林區,大東路,25.09088777203566,121.52567749848801,"25°05'27.20""N","121°31'32.44""E"
Taipei City,士林區,大東路,25.092459347477426,121.52524079424563,"25°05'32.85""N","121°31'30.87""E"
Taipei City,士林區,大東路,25.092415389288455,121.52525250423776,"25°05'32.70""N","121°31'30.91""E"
Taipei City,士林區,天母北路,25.119571357455253,121.52630087598806,"25°07'10.46""N","121°31'34.68""E"
Taipei City,士林區,天母東路,25.118156298824616,121.5314062604617,"25°07'05.36""N","121°31'53.06""E"
Taipei City,士林區,天母西路38巷,25.118263214102384,121.5260398722983,"25°07'05.75""N","121°31'33.74""E"
Taipei City,士林區,天母西路6巷,25.11771547296482,121.52850119091175,"25°07'03.78""N","121°31'42.60""E"
Taipei City,士林區,天玉街,25.123361120873795,121.53139149878326,"25°07'24.10""N","121°31'53.01""E"
Taipei City,士林區,天玉街,25.120375251640993,121.5275169613471,"25°07'13.35""N","121°31'39.06""E"
Taipei City,士林區,天玉街38巷,25.119570275362268,121.52955646163095,"25°07'10.45""N","121°31'46.40""E"
Taipei City,士林區,延平北路6段,25.08830880531418,121.50852638424217,"25°05'17.91""N","121°30'30.69""E"
Taipei City,士林區,後港街134巷,25.086731109246738,121.52112652866333,"25°05'12.23""N","121°31'16.06""E"
Taipei City,士林區,後港街134巷,25.086738483747226,121.52117828801592,"25°05'12.26""N","121°31'16.24""E"
Taipei City,士林區,德仁公園周邊,25.102767638131844,121.52141963701695,"25°06'09.96""N","121°31'17.11""E"
Taipei City,士林區,德行東路,25.107616525766883,121.52825783995758,"25°06'27.42""N","121°31'41.73""E"
Taipei City,士林區,德行東路,25.106909175825287,121.52598006974927,"25°06'24.87""N","121°31'33.53""E"
Taipei City,士林區,德行東路,25.109510160370565,121.53333512368265,"25°06'34.24""N","121°32'00.01""E"
Taipei City,士林區,德行東路,25.108991823629733,121.53186924073655,"25°06'32.37""N","121°31'54.73""E"
Taipei City,士林區,德行東路104巷,25.10761583604056,121.52852453245507,"25°06'27.42""N","121°31'42.69""E"
Taipei City,士林區,德行東路129巷,25.10895685041277,121.52927687654712,"25°06'32.24""N","121°31'45.40""E"
Taipei City,士林區,德行東路190巷30弄,25.10698749513523,121.53126569008211,"25°06'25.15""N","121°31'52.56""E"
Taipei City,士林區,德行東路331巷,25.111450886596643,121.53745487527164,"25°06'41.22""N","121°32'14.84""E"
Taipei City,士林區,忠誠路1段,25.10394250391228,121.52524252322141,"25°06'14.19""N","121°31'30.87""E"
Taipei City,士林區,忠誠路1段,25.1046826690501,121.52739213432903,"25°06'16.86""N","121°31'38.61""E"
Taipei City,士林區,忠誠路1段,25.10394524542353,121.52529240815606,"25°06'14.20""N","121°31'31.05""E"
Taipei City,士林區,忠誠路1段,25.10551736063788,121.52866426715167,"25°06'19.86""N","121°31'43.19""E"
Taipei City,士林區,忠誠路1段,25.104603983316657,121.52787978051029,"25°06'16.57""N","121°31'40.37""E"
Taipei City,士林區,忠誠路1段,25.104075618469576,121.52645456831836,"25°06'14.67""N","121°31'35.24""E"
Taipei City,士林區,忠誠路2段,25.11510320561136,121.5328857365196,"25°06'54.37""N","121°31'58.39""E"
Taipei City,士林區,忠誠路2段,25.10987211237365,121.53067977649012,"25°06'35.54""N","121°31'50.45""E"
Taipei City,士林區,忠誠路2段,25.114892219165352,121.53310175578277,"25°06'53.61""N","121°31'59.17""E"
Taipei City,士林區,忠誠路2段,25.115658813350073,121.53368952776519,"25°06'56.37""N","121°32'01.28""E"
Taipei City,士林區,忠誠路2段,25.110468309092457,121.53045141857247,"25°06'37.69""N","121°31'49.63""E"
Taipei City,士林區,忠誠路2段207巷,25.1164886621597,121.53543503601139,"25°06'59.36""N","121°32'07.57""E"
Taipei City,士林區,忠誠路2段207巷,25.11648885758053,121.53538093881865,"25°06'59.36""N","121°32'07.37""E"
Taipei City,士林區,忠誠路2段207巷,25.11648905244265,121.5353268418708,"25°06'59.36""N","121°32'07.18""E"
Taipei City,士林區,忠誠路2段207巷,25.11649380555756,121.53484653698213,"25°06'59.38""N","121°32'05.45""E"
Taipei City,士林區,忠誠路2段207巷,25.116493610850263,121.53490063393537,"25°06'59.38""N","121°32'05.64""E"
Taipei City,士林區,承德路4段179巷含機車,25.087548045376092,121.52310236449215,"25°05'15.17""N","121°31'23.17""E"
Taipei City,士林區,承德路4段2巷,25.08030492193814,121.51856235133202,"25°04'49.10""N","121°31'06.82""E"
Taipei City,士林區,承德路4段58巷,25.08172168916392,121.5222825661277,"25°04'54.20""N","121°31'20.22""E"
Taipei City,士林區,承德路4段77巷,25.0819665241331,121.52402047808505,"25°04'55.08""N","121°31'26.47""E"
Taipei City,士林區,承德路4段A,25.089705332834082,121.52001917404709,"25°05'22.94""N","121°31'12.07""E"
Taipei City,士林區,承德路4段A,25.08331755366348,121.5236354166433,"25°04'59.94""N","121°31'25.09""E"
Taipei City,士林區,承德路4段B含機車,25.08655821425571,121.52277360964581,"25°05'11.61""N","121°31'21.98""E"
Taipei City,士林區,承德路4段B含機車,25.08506078031281,121.52326051790816,"25°05'06.22""N","121°31'23.74""E"
Taipei City,士林區,故宮廣場停車場(大車),25.099026618155754,121.54921674049433,"25°05'56.50""N","121°32'57.18""E"
Taipei City,士林區,故宮廣場停車場(大車),25.099045155832876,121.54924998667015,"25°05'56.56""N","121°32'57.30""E"
Taipei City,士林區,故宮廣場停車場(大車),25.099061884127014,121.54928318255973,"25°05'56.62""N","121°32'57.42""E"
Taipei City,士林區,文昌路,25.09585697409966,121.52120366117099,"25°05'45.09""N","121°31'16.33""E"
Taipei City,士林區,文昌路,25.095765416095666,121.52124042041372,"25°05'44.76""N","121°31'16.47""E"
Taipei City,士林區,文昌路,25.09489470164978,121.52178514627239,"25°05'41.62""N","121°31'18.43""E"
Taipei City,士林區,文昌路,25.09590083694336,121.52118497593831,"25°05'45.24""N","121°31'16.27""E"
Taipei City,士林區,文林路661巷39弄,25.100105373019986,121.52242165816196,"25°06'00.38""N","121°31'20.72""E"
Taipei City,士林區,文林路B,25.095753594285963,121.52450278135915,"25°05'44.71""N","121°31'28.21""E"
Taipei City,士林區,永平街,25.09209416603621,121.50508204522806,"25°05'31.54""N","121°30'18.30""E"
Taipei City,士林區,環河北路3段,25.08391189005351,121.50683310264469,"25°05'02.08""N","121°30'24.60""E"
Taipei City,士林區,環河北路3段,25.083598311513402,121.50699344179046,"25°05'00.95""N","121°30'25.18""E"
Taipei City,士林區,環河北路3段B,25.08854358952614,121.50347571733528,"25°05'18.76""N","121°30'12.51""E"
Taipei City,士林區,百齡堤外停車場A,25.09001362297868,121.51195631800303,"25°05'24.05""N","121°30'43.04""E"
Taipei City,士林區,百齡堤外停車場A,25.089992375022987,121.51196246846237,"25°05'23.97""N","121°30'43.06""E"
Taipei City,士林區,百齡堤外停車場A,25.090959341269052,121.51152012808305,"25°05'27.45""N","121°30'41.47""E"
Taipei City,士林區,百齡堤外停車場A,25.090846878123855,121.51158682403755,"25°05'27.05""N","121°30'41.71""E"
Taipei City,士林區,百齡堤外停車場A,25.090034870930708,121.51195016754373,"25°05'24.13""N","121°30'43.02""E"
Taipei City,士林區,百齡堤外停車場A,25.09014969628034,121.51190812280166,"25°05'24.54""N","121°30'42.87""E"
Taipei City,士林區,百齡堤外停車場A,25.090989780969498,121.51150132388072,"25°05'27.56""N","121°30'41.40""E"
Taipei City,士林區,百齡堤外停車場A,25.090056118879037,121.51194401708442,"25°05'24.20""N","121°30'43.00""E"
Taipei City,士林區,百齡堤外停車場A,25.090874892768568,121.51156909040614,"25°05'27.15""N","121°30'41.65""E"
Taipei City,士林區,百齡堤外停車場B,25.09233130007063,121.51019164671133,"25°05'32.39""N","121°30'36.69""E"
Taipei City,士林區,百齡槌球場,25.08732745208142,121.51259169245428,"25°05'14.38""N","121°30'45.33""E"
Taipei City,士林區,百齡槌球場,25.087321353389225,121.5125568476074,"25°05'14.36""N","121°30'45.20""E"
Taipei City,士林區,百齡槌球場,25.085992522030864,121.51283268800833,"25°05'09.57""N","121°30'46.20""E"
Taipei City,士林區,百齡槌球場,25.087331709136226,121.51262520910328,"25°05'14.39""N","121°30'45.45""E"
Taipei City,士林區,百齡槌球場,25.08599805374419,121.5128664300179,"25°05'09.59""N","121°30'46.32""E"
Taipei City,士林區,百齡槌球場,25.086004920380066,121.5129004484326,"25°05'09.62""N","121°30'46.44""E"
Taipei City,士林區,百齡橋堤外足球場(一),25.090273770580254,121.5145619330547,"25°05'24.99""N","121°30'52.42""E"
Taipei City,士林區,百齡橋堤外足球場(一),25.09026849060761,121.5145402451213,"25°05'24.97""N","121°30'52.34""E"
Taipei City,士林區,百齡橋堤外足球場(一),25.090263210634713,121.51451855718791,"25°05'24.95""N","121°30'52.27""E"
Taipei City,士林區,百齡橋堤外足球場(二),25.08712683291723,121.5152691332614,"25°05'13.66""N","121°30'54.97""E"
Taipei City,士林區,社子公園周邊,25.090188412979852,121.50615900105878,"25°05'24.68""N","121°30'22.17""E"
Taipei City,士林區,社子大橋堤外平面停車場,25.111396789394085,121.49455479503251,"25°06'41.03""N","121°29'40.40""E"
Taipei City,士林區,福中公園周邊,25.088206591738423,121.5191034092159,"25°05'17.54""N","121°31'08.77""E"
Taipei City,士林區,福國路橋下平面停車場,25.101882472832788,121.51895673278028,"25°06'06.78""N","121°31'08.24""E"
Taipei City,士林區,福志路,25.09872109491493,121.52943135367413,"25°05'55.40""N","121°31'45.95""E"
Taipei City,士林區,福林路100巷,25.09606455863258,121.53080379641551,"25°05'45.83""N","121°31'50.89""E"
Taipei City,士林區,福林路254巷,25.097949090810136,121.53481183526965,"25°05'52.62""N","121°32'05.32""E"
Taipei City,士林區,福林路平面停車場小型車,25.096499185540537,121.53290713788563,"25°05'47.40""N","121°31'58.47""E"
Taipei City,士林區,福林路平面停車場小型車,25.096486345105493,121.53288745954421,"25°05'47.35""N","121°31'58.39""E"
Taipei City,士林區,福港街,25.085874677430404,121.51774600152444,"25°05'09.15""N","121°31'03.89""E"
Taipei City,士林區,美崙公園周邊,25.097662686572644,121.51897886990064,"25°05'51.59""N","121°31'08.32""E"
Taipei City,士林區,美德街平面,25.09726309355956,121.52468557055032,"25°05'50.15""N","121°31'28.87""E"
Taipei City,士林區,至善公園平面,25.098018899425558,121.5387770793311,"25°05'52.87""N","121°32'19.60""E"
Taipei City,士林區,至善路2段,25.09940591282426,121.54879435492717,"25°05'57.86""N","121°32'55.66""E"
Taipei City,士林區,至善路2段,25.099363082977145,121.54870463591385,"25°05'57.71""N","121°32'55.34""E"
Taipei City,士林區,至善路2段,25.099384863439923,121.548749938716,"25°05'57.79""N","121°32'55.50""E"
Taipei City,士林區,至善路2段1巷,25.09832168346925,121.54072361160411,"25°05'53.96""N","121°32'26.61""E"
Taipei City,士林區,至誠路1段62巷,25.10192109383814,121.53595579133349,"25°06'06.92""N","121°32'09.44""E"
Taipei City,士林區,至誠路2段,25.10163394689612,121.52830522088081,"25°06'05.88""N","121°31'41.90""E"
Taipei City,士林區,華榮市場,25.096579499314434,121.52223490376883,"25°05'47.69""N","121°31'20.05""E"
Taipei City,士林區,葫蘆街,25.083518176725484,121.50785012783837,"25°05'00.67""N","121°30'28.26""E"
Taipei City,士林區,通河街325巷,25.08183266359974,121.51861852877224,"25°04'54.60""N","121°31'07.03""E"
Taipei City,士林區,通河西街1段,25.083636919062435,121.51278138387487,"25°05'01.09""N","121°30'46.01""E"
Taipei City,士林區,通河西街1段,25.081238212896427,121.51380513994779,"25°04'52.46""N","121°30'49.70""E"
Taipei City,士林區,通河西街1段堤外平面停車場,25.08383766197012,121.5132342084229,"25°05'01.82""N","121°30'47.64""E"
Taipei City,士林區,通河西街1段堤外平面停車場,25.083870304400904,121.51322617863107,"25°05'01.93""N","121°30'47.61""E"
Taipei City,士林區,通河西街2段,25.09334201762744,121.50478346572092,"25°05'36.03""N","121°30'17.22""E"
Taipei City,士林區,通河西街2段,25.09337530508828,121.50456923517461,"25°05'36.15""N","121°30'16.45""E"
Taipei City,士林區,通河西街2段,25.09302173389179,121.50711173203156,"25°05'34.88""N","121°30'25.60""E"
Taipei City,士林區,重慶北路4段,25.084804963584418,121.51127360766786,"25°05'05.30""N","121°30'40.58""E"
Taipei City,士林區,重慶北路4段,25.0828882685489,121.51206346081669,"25°04'58.40""N","121°30'43.43""E"
Taipei City,士林區,重慶北路4段,25.083537598123748,121.51181188773855,"25°05'00.74""N","121°30'42.52""E"
Taipei City,士林區,重慶北路4段,25.08204395073811,121.51244173701005,"25°04'55.36""N","121°30'44.79""E"
Taipei City,士林區,雙溪公園平面,25.098029968965097,121.53723782523225,"25°05'52.91""N","121°32'14.06""E"
Taipei City,士林區,雙溪街,25.10086086288337,121.52830296989073,"25°06'03.10""N","121°31'41.89""E"
Taipei City,士林區,雨聲街,25.10452958381504,121.53219819103487,"25°06'16.31""N","121°31'55.91""E"
Taipei City,士林區,雨聲街,25.10417105674366,121.52920818396562,"25°06'15.02""N","121°31'45.15""E"
Taipei City,士林區,雨聲街,25.101427551581153,121.52942317242271,"25°06'05.14""N","121°31'45.92""E"
Taipei City,士林區,雨聲街,25.10452146837973,121.53224696817158,"25°06'16.28""N","121°31'56.09""E"
Taipei City,士林區,雨聲街,25.104144389591397,121.52916681525123,"25°06'14.92""N","121°31'45.00""E"
Taipei City,士林區,雨聲街,25.101410754363997,121.52943057117473,"25°06'05.08""N","121°31'45.95""E"
Taipei City,士林區,雨農路,25.097251731742343,121.53227711771378,"25°05'50.11""N","121°31'56.20""E"
Taipei City,大同區,三號水門堤外停車場,25.05189266670465,121.50664763341896,"25°03'06.81""N","121°30'23.93""E"
Taipei City,大同區,三號水門堤外停車場,25.05187734890959,121.50670158982015,"25°03'06.76""N","121°30'24.13""E"
Taipei City,大同區,三號水門堤外停車場,25.05188250877739,121.50668266542472,"25°03'06.78""N","121°30'24.06""E"
Taipei City,大同區,三號水門堤外停車場,25.051868794478786,121.5067328473018,"25°03'06.73""N","121°30'24.24""E"
Taipei City,大同區,五原路,25.056636881438877,121.51737960822729,"25°03'23.89""N","121°31'02.57""E"
Taipei City,大同區,五號水門堤外停車場,25.055922723296252,121.507533219824,"25°03'21.32""N","121°30'27.12""E"
Taipei City,大同區,五號水門堤外停車場,25.055930461256324,121.50749956635171,"25°03'21.35""N","121°30'27.00""E"
Taipei City,大同區,保安街,25.05912229295637,121.51218224678364,"25°03'32.84""N","121°30'43.86""E"
Taipei City,大同區,哈密街,25.07296174125839,121.51529819536209,"25°04'22.66""N","121°30'55.07""E"
Taipei City,大同區,大龍街,25.06989031519066,121.5159588246407,"25°04'11.61""N","121°30'57.45""E"
Taipei City,大同區,大龍街91巷,25.067266003494257,121.51643941085466,"25°04'02.16""N","121°30'59.18""E"
Taipei City,大同區,天水路,25.052522461829504,121.51264765503352,"25°03'09.08""N","121°30'45.53""E"
Taipei City,大同區,天水路,25.05340319513469,121.51382498490138,"25°03'12.25""N","121°30'49.77""E"
Taipei City,大同區,太原路A,25.05422123764827,121.51635560923849,"25°03'15.20""N","121°30'58.88""E"
Taipei City,大同區,太原路A,25.054007894898803,121.51629674534793,"25°03'14.43""N","121°30'58.67""E"
Taipei City,大同區,太原路B(含機車),25.050924693811357,121.51530437152604,"25°03'03.33""N","121°30'55.10""E"
Taipei City,大同區,太原路B(含機車),25.05056750918116,121.51520313778177,"25°03'02.04""N","121°30'54.73""E"
Taipei City,大同區,寧夏路A,25.06055638951835,121.51437479725398,"25°03'38.00""N","121°30'51.75""E"
Taipei City,大同區,寧夏路B,25.05439752136831,121.51476407398238,"25°03'15.83""N","121°30'53.15""E"
Taipei City,大同區,寧夏路B,25.05516327988782,121.51497752931385,"25°03'18.59""N","121°30'53.92""E"
Taipei City,大同區,寧夏路B,25.05904164246057,121.51497991788993,"25°03'32.55""N","121°30'53.93""E"
Taipei City,大同區,平陽街,25.05479881901108,121.5177867616539,"25°03'17.28""N","121°31'04.03""E"
Taipei City,大同區,平陽街,25.054811097679874,121.51773810601993,"25°03'17.32""N","121°31'03.86""E"
Taipei City,大同區,庫倫街,25.071854005717146,121.5190216662618,"25°04'18.67""N","121°31'08.48""E"
Taipei City,大同區,延平北路4段,25.07381397775846,121.51134431408713,"25°04'25.73""N","121°30'40.84""E"
Taipei City,大同區,延平北路4段,25.073912250510467,121.51136591690342,"25°04'26.08""N","121°30'40.92""E"
Taipei City,大同區,延平北路4段,25.07386236796195,121.5113549987097,"25°04'25.90""N","121°30'40.88""E"
Taipei City,大同區,延平北路4段,25.069039595474575,121.51080242021857,"25°04'08.54""N","121°30'38.89""E"
Taipei City,大同區,延平北路4段111巷,25.071393198131055,121.51111033116331,"25°04'17.02""N","121°30'40.00""E"
Taipei City,大同區,慶昌橋下停車場,25.076405981334176,121.51559401770322,"25°04'35.06""N","121°30'56.14""E"
Taipei City,大同區,慶昌橋下停車場,25.076517397986706,121.512212624079,"25°04'35.46""N","121°30'43.97""E"
Taipei City,大同區,慶昌橋下停車場,25.076396562935617,121.51562841280723,"25°04'35.03""N","121°30'56.26""E"
Taipei City,大同區,承德橋下停車場,25.077779262089585,121.51843066061483,"25°04'40.01""N","121°31'06.35""E"
Taipei City,大同區,承德橋下停車場,25.07780376677,121.51838613342015,"25°04'40.09""N","121°31'06.19""E"
Taipei City,大同區,承德橋下停車場,25.077816019108415,121.51836386982299,"25°04'40.14""N","121°31'06.11""E"
Taipei City,大同區,承德橋下停車場,25.077791514430356,121.51840839701732,"25°04'40.05""N","121°31'06.27""E"
Taipei City,大同區,承德路2段,25.060413892727667,121.51836935172913,"25°03'37.49""N","121°31'06.13""E"
Taipei City,大同區,承德路2段,25.05562094955156,121.51804006196981,"25°03'20.24""N","121°31'04.94""E"
Taipei City,大同區,承德路2段,25.060464347619394,121.51837039817887,"25°03'37.67""N","121°31'06.13""E"
Taipei City,大同區,承德路3段,25.065474931929515,121.51848721550222,"25°03'55.71""N","121°31'06.55""E"
Taipei City,大同區,承德路3段,25.067416579092995,121.518526922837,"25°04'02.70""N","121°31'06.70""E"
Taipei City,大同區,承德路3段,25.072880455386578,121.51919399307096,"25°04'22.37""N","121°31'09.10""E"
Taipei City,大同區,承德路3段,25.06756030638911,121.51823158053537,"25°04'03.22""N","121°31'05.63""E"
Taipei City,大同區,承德路3段208巷,25.070455712735704,121.51763600370637,"25°04'13.64""N","121°31'03.49""E"
Taipei City,大同區,承德路3段24巷,25.06418722860221,121.51798390740672,"25°03'51.07""N","121°31'04.74""E"
Taipei City,大同區,昌吉街,25.06594470790949,121.51026165925485,"25°03'57.40""N","121°30'36.94""E"
Taipei City,大同區,昌吉街,25.065918501778917,121.51784308373398,"25°03'57.31""N","121°31'04.24""E"
Taipei City,大同區,昌吉街,25.06584899661437,121.51627971510086,"25°03'57.06""N","121°30'58.61""E"
Taipei City,大同區,歸綏街,25.0581605002617,121.51318671392707,"25°03'29.38""N","121°30'47.47""E"
Taipei City,大同區,歸綏街,25.05815822506429,121.51312935881792,"25°03'29.37""N","121°30'47.27""E"
Taipei City,大同區,民族西路,25.068624009986554,121.51775269518586,"25°04'07.05""N","121°31'03.91""E"
Taipei City,大同區,民族西路,25.06847821495672,121.51738174760673,"25°04'06.52""N","121°31'02.57""E"
Taipei City,大同區,民族西路,25.068748797573445,121.5115389366273,"25°04'07.50""N","121°30'41.54""E"
Taipei City,大同區,民族西路,25.068721327502267,121.51297529384888,"25°04'07.40""N","121°30'46.71""E"
Taipei City,大同區,民族西路221巷,25.06934518003979,121.51317078941698,"25°04'09.64""N","121°30'47.41""E"
Taipei City,大同區,民族西路303巷臨時平面停車場,25.069861221724757,121.51039557235927,"25°04'11.50""N","121°30'37.42""E"
Taipei City,大同區,民樂街,25.054050508576047,121.51097916485845,"25°03'14.58""N","121°30'39.52""E"
Taipei City,大同區,民樂街,25.05544138875512,121.51085658744866,"25°03'19.59""N","121°30'39.08""E"
Taipei City,大同區,民權西路102巷,25.0605147912806,121.51765987129917,"25°03'37.85""N","121°31'03.58""E"
Taipei City,大同區,民權西路144巷19弄,25.061582305424626,121.51650865514476,"25°03'41.70""N","121°30'59.43""E"
Taipei City,大同區,民權西路144巷19弄,25.061571575473653,121.5168021761794,"25°03'41.66""N","121°31'00.49""E"
Taipei City,大同區,民生西路,25.05694244306861,121.51452860864234,"25°03'24.99""N","121°30'52.30""E"
Taipei City,大同區,玉門街,25.074471511697475,121.5210595253907,"25°04'28.10""N","121°31'15.81""E"
Taipei City,大同區,環河北路2段145巷,25.06721949358499,121.50932793266871,"25°04'01.99""N","121°30'33.58""E"
Taipei City,大同區,甘州街,25.060202276874595,121.51279206403403,"25°03'36.73""N","121°30'46.05""E"
Taipei City,大同區,西寧北路(含大型車),25.055361536856697,121.50885911802025,"25°03'19.30""N","121°30'31.89""E"
Taipei City,大同區,西寧北路(含大型車),25.053183545603126,121.50872698866252,"25°03'11.46""N","121°30'31.42""E"
Taipei City,大同區,西寧北路(含大型車),25.053228773379274,121.50873388613147,"25°03'11.62""N","121°30'31.44""E"
Taipei City,大同區,迪化街1段B,25.056711812199104,121.50983025265704,"25°03'24.16""N","121°30'35.39""E"
Taipei City,大同區,酒泉街,25.07206049355272,121.51142344196204,"25°04'19.42""N","121°30'41.12""E"
Taipei City,大同區,酒泉街,25.072171091217502,121.51207577989072,"25°04'19.82""N","121°30'43.47""E"
Taipei City,大同區,酒泉街,25.072219804081957,121.51038548320805,"25°04'19.99""N","121°30'37.39""E"
Taipei City,大同區,酒泉街,25.07221894704263,121.51043852564679,"25°04'19.99""N","121°30'37.58""E"
Taipei City,大同區,酒泉街10巷(機車),25.069833063351584,121.5197448242023,"25°04'11.40""N","121°31'11.08""E"
Taipei City,大同區,重慶北路1段,25.051050071935677,121.5136676115155,"25°03'03.78""N","121°30'49.20""E"
Taipei City,大同區,重慶北路1段,25.052231540811466,121.51392787078694,"25°03'08.03""N","121°30'50.14""E"
Taipei City,大同區,重慶北路1段,25.05124712278985,121.51393217136422,"25°03'04.49""N","121°30'50.16""E"
Taipei City,大同區,重慶北路1段,25.051917701392927,121.51408547803359,"25°03'06.90""N","121°30'50.71""E"
Taipei City,大同區,重慶北路3段,25.06697610302315,121.51356208408698,"25°04'01.11""N","121°30'48.82""E"
Taipei City,大同區,重慶北路3段,25.069782754758595,121.51390227301796,"25°04'11.22""N","121°30'50.05""E"
Taipei City,大同區,重慶北路3段205巷,25.07008211758518,121.5158105022341,"25°04'12.30""N","121°30'56.92""E"
Taipei City,大同區,重慶北路三段250巷,25.069636787330328,121.5134802708836,"25°04'10.69""N","121°30'48.53""E"
Taipei City,大同區,重慶北路三段250巷,25.069637467571997,121.51343095619607,"25°04'10.69""N","121°30'48.35""E"
Taipei City,大同區,錦西街,25.060389781883057,121.51929300977217,"25°03'37.40""N","121°31'09.45""E"
Taipei City,大同區,錦西街,25.060392059475266,121.51932658039503,"25°03'37.41""N","121°31'09.58""E"
Taipei City,大同區,錦西街,25.060249004697123,121.51965958270647,"25°03'36.90""N","121°31'10.77""E"
Taipei City,大同區,長安西路A,25.05195684545358,121.51263610647567,"25°03'07.04""N","121°30'45.49""E"
Taipei City,大同區,長安西路A,25.051959791589162,121.5121800428333,"25°03'07.06""N","121°30'43.85""E"
Taipei City,大同區,長安西路B,25.052090283145805,121.5108143594277,"25°03'07.53""N","121°30'38.93""E"
Taipei City,大同區,長安西路B,25.05217249449832,121.507795920375,"25°03'07.82""N","121°30'28.07""E"
Taipei City,大安區,仁愛路3段123巷,25.038339147163814,121.54200601694988,"25°02'18.02""N","121°32'31.22""E"
Taipei City,大安區,仁愛路3段A,25.03846911231275,121.5342027484386,"25°02'18.49""N","121°32'03.13""E"
Taipei City,大安區,仁愛路3段B,25.03777981877517,121.5422090334414,"25°02'16.01""N","121°32'31.95""E"
Taipei City,大安區,仁愛路3段B,25.037778795655832,121.54226569051552,"25°02'16.00""N","121°32'32.16""E"
Taipei City,大安區,仁愛路4段122巷,25.035329283323666,121.5502231431765,"25°02'07.19""N","121°33'00.80""E"
Taipei City,大安區,仁愛路4段27巷,25.041398935348674,121.54518592083993,"25°02'29.04""N","121°32'42.67""E"
Taipei City,大安區,仁愛路4段300巷,25.036411409650334,121.55448490507507,"25°02'11.08""N","121°33'16.15""E"
Taipei City,大安區,仁愛路4段A,25.03749882253358,121.55610828428716,"25°02'15.00""N","121°33'21.99""E"
Taipei City,大安區,仁愛路4段B,25.037583440037416,121.55198121815334,"25°02'15.30""N","121°33'07.13""E"
Taipei City,大安區,仁愛路三段123巷9弄,25.039068603153066,121.54328725839387,"25°02'20.65""N","121°32'35.83""E"
Taipei City,大安區,信義路2段,25.033521241993952,121.53116349199325,"25°02'00.68""N","121°31'52.19""E"
Taipei City,大安區,信義路2段198巷,25.031476299751183,121.53103644952265,"25°01'53.31""N","121°31'51.73""E"
Taipei City,大安區,信義路3段111巷,25.033743903033976,121.53950737946622,"25°02'01.48""N","121°32'22.23""E"
Taipei City,大安區,信義路3段111巷,25.034273563779298,121.5395196445341,"25°02'03.38""N","121°32'22.27""E"
Taipei City,大安區,信義路3段134巷,25.029408911189744,121.53934462696364,"25°01'45.87""N","121°32'21.64""E"
Taipei City,大安區,信義路3段134巷臨時平面停車場,25.03234258629254,121.53975789837945,"25°01'56.43""N","121°32'23.13""E"
Taipei City,大安區,信義路3段134巷臨時平面停車場,25.03236696539465,121.53975803983862,"25°01'56.52""N","121°32'23.13""E"
Taipei City,大安區,信義路4段199巷,25.03420923520445,121.55158192335847,"25°02'03.15""N","121°33'05.69""E"
Taipei City,大安區,信義路4段265巷12弄,25.03436870334245,121.55414373645621,"25°02'03.73""N","121°33'14.92""E"
Taipei City,大安區,信義路三段147巷5弄,25.033909880071697,121.54230768841114,"25°02'02.08""N","121°32'32.31""E"
Taipei City,大安區,光復南路116巷,25.043071699089563,121.55689612917821,"25°02'35.06""N","121°33'24.83""E"
Taipei City,大安區,光復南路96巷,25.043927821716967,121.55724859045228,"25°02'38.14""N","121°33'26.09""E"
Taipei City,大安區,八德路2段臨時平面停車場,25.044761315811893,121.53388042595408,"25°02'41.14""N","121°32'01.97""E"
Taipei City,大安區,和平東路1段,25.026335090420815,121.53332783405743,"25°01'34.81""N","121°31'59.98""E"
Taipei City,大安區,和平東路1段,25.026211691655483,121.5317518381396,"25°01'34.36""N","121°31'54.31""E"
Taipei City,大安區,和平東路1段,25.027019102011558,121.52485630618823,"25°01'37.27""N","121°31'29.48""E"
Taipei City,大安區,和平東路1段,25.026518518922632,121.53105184853368,"25°01'35.47""N","121°31'51.79""E"
Taipei City,大安區,和平東路2段118巷6弄,25.023691881460206,121.54241489716776,"25°01'25.29""N","121°32'32.69""E"
Taipei City,大安區,和平東路2段18巷B,25.024782299483796,121.53594313884359,"25°01'29.22""N","121°32'09.40""E"
Taipei City,大安區,和平東路2段311巷43弄,25.025572012371043,121.54660018551037,"25°01'32.06""N","121°32'47.76""E"
Taipei City,大安區,和平東路2段76巷,25.024444596134593,121.5395780722554,"25°01'28.00""N","121°32'22.48""E"
Taipei City,大安區,和平東路2段96巷,25.022766372020918,121.54079380192104,"25°01'21.96""N","121°32'26.86""E"
Taipei City,大安區,和平東路2段96巷20弄,25.022040308079085,121.54015194969045,"25°01'19.35""N","121°32'24.55""E"
Taipei City,大安區,和平東路3段,25.021351286106732,121.55559813025727,"25°01'16.86""N","121°33'20.15""E"
Taipei City,大安區,和平東路3段,25.022804262545954,121.55404867722471,"25°01'22.10""N","121°33'14.58""E"
Taipei City,大安區,和平東路3段212巷,25.021684714838607,121.55342407675289,"25°01'18.06""N","121°33'12.33""E"
Taipei City,大安區,和平東路3段228巷,25.020972858126793,121.55369937583924,"25°01'15.50""N","121°33'13.32""E"
Taipei City,大安區,和平東路3段228巷,25.022158620505657,121.55454035009028,"25°01'19.77""N","121°33'16.35""E"
Taipei City,大安區,和平東路3段308巷,25.01971041136597,121.55572128425749,"25°01'10.96""N","121°33'20.60""E"
Taipei City,大安區,和平東路3段406巷,25.01837255168374,121.55808262674985,"25°01'06.14""N","121°33'29.10""E"
Taipei City,大安區,四維廣場停車場,25.033996626818734,121.54813068743718,"25°02'02.39""N","121°32'53.27""E"
Taipei City,大安區,四維路,25.030802156122306,121.54801866108576,"25°01'50.89""N","121°32'52.87""E"
Taipei City,大安區,四維路,25.034807020292213,121.54806134784532,"25°02'05.31""N","121°32'53.02""E"
Taipei City,大安區,四維路52巷,25.03509166631512,121.54619239310404,"25°02'06.33""N","121°32'46.29""E"
Taipei City,大安區,基隆路2段209巷,25.022885426648603,121.55187478558342,"25°01'22.39""N","121°33'06.75""E"
Taipei City,大安區,大安路1段,25.039499062647987,121.54602558538862,"25°02'22.20""N","121°32'45.69""E"
Taipei City,大安區,大安路1段,25.04453090336535,121.54617297925752,"25°02'40.31""N","121°32'46.22""E"
Taipei City,大安區,大安路1段,25.044822176270003,121.54617854601928,"25°02'41.36""N","121°32'46.24""E"
Taipei City,大安區,大安路1段,25.040288794872044,121.54613871749315,"25°02'25.04""N","121°32'46.10""E"
Taipei City,大安區,大安路1段,25.03953905805328,121.5461257670264,"25°02'22.34""N","121°32'46.05""E"
Taipei City,大安區,大安路1段169巷,25.036809446496225,121.54618987108819,"25°02'12.51""N","121°32'46.28""E"
Taipei City,大安區,安和路1段135巷,25.03428167994547,121.55354105001952,"25°02'03.41""N","121°33'12.75""E"
Taipei City,大安區,安和路1段A,25.035649510727747,121.55263231792847,"25°02'08.34""N","121°33'09.48""E"
Taipei City,大安區,安和路1段A,25.03560229490655,121.55263144168248,"25°02'08.17""N","121°33'09.47""E"
Taipei City,大安區,安和路1段B(累進計時),25.039760179338796,121.54933067879034,"25°02'23.14""N","121°32'57.59""E"
Taipei City,大安區,安和路2段,25.02866710344078,121.55024159744622,"25°01'43.20""N","121°33'00.87""E"
Taipei City,大安區,安和路2段,25.030717788305473,121.5525128735606,"25°01'50.58""N","121°33'09.05""E"
Taipei City,大安區,安和路2段,25.026326163399645,121.55007030957908,"25°01'34.77""N","121°33'00.25""E"
Taipei City,大安區,安和路2段74巷,25.030115396660733,121.5515886296441,"25°01'48.42""N","121°33'05.72""E"
Taipei City,大安區,安東街40巷,25.043977601294905,121.54175443481232,"25°02'38.32""N","121°32'30.32""E"
Taipei City,大安區,安祥公園旁平面停車場,25.03427420146212,121.54281852608501,"25°02'03.39""N","121°32'34.15""E"
Taipei City,大安區,客委會臨時平面停車場,25.034272157376485,121.54306232110535,"25°02'03.38""N","121°32'35.02""E"
Taipei City,大安區,師大路92巷,25.022640394748123,121.52705034560944,"25°01'21.51""N","121°31'37.38""E"
Taipei City,大安區,師大路C,25.02453747617939,121.52852299080745,"25°01'28.33""N","121°31'42.68""E"
Taipei City,大安區,師大路C,25.023158534433044,121.5283915056879,"25°01'23.37""N","121°31'42.21""E"
Taipei City,大安區,師大路C,25.024494438341115,121.52851969475626,"25°01'28.18""N","121°31'42.67""E"
Taipei City,大安區,師大路C,25.023113874668,121.52838804345649,"25°01'23.21""N","121°31'42.20""E"
Taipei City,大安區,延吉廢鐵道停車場,25.042825828451107,121.55624244223678,"25°02'34.17""N","121°33'22.47""E"
Taipei City,大安區,延吉廢鐵道停車場,25.0438019026496,121.55454602168467,"25°02'37.69""N","121°33'16.37""E"
Taipei City,大安區,延吉廢鐵道停車場,25.042783739981623,121.55645906775318,"25°02'34.02""N","121°33'23.25""E"
Taipei City,大安區,延吉廢鐵道停車場,25.042809654061866,121.55625501999462,"25°02'34.11""N","121°33'22.52""E"
Taipei City,大安區,延吉廢鐵道停車場,25.043838511939096,121.55402218265665,"25°02'37.82""N","121°33'14.48""E"
Taipei City,大安區,延吉廢鐵道停車場,25.043676496293823,121.55453484439332,"25°02'37.24""N","121°33'16.33""E"
Taipei City,大安區,延吉廢鐵道停車場,25.042837051223927,121.55642073789288,"25°02'34.21""N","121°33'23.11""E"
Taipei City,大安區,延吉街,25.03921049323355,121.5551116658509,"25°02'21.16""N","121°33'18.40""E"
Taipei City,大安區,延吉街,25.035584720918337,121.5557339687353,"25°02'08.10""N","121°33'20.64""E"
Taipei City,大安區,延吉街,25.035680849220196,121.55572469185101,"25°02'08.45""N","121°33'20.61""E"
Taipei City,大安區,延吉街70巷5弄,25.04180712764069,121.55381742583128,"25°02'30.51""N","121°33'13.74""E"
Taipei City,大安區,建國南路1段279巷,25.036201754794888,121.5384898284781,"25°02'10.33""N","121°32'18.56""E"
Taipei City,大安區,建國南路2段,25.033135725820262,121.53749962239118,"25°01'59.29""N","121°32'15.00""E"
Taipei City,大安區,建國南路2段,25.033090803693778,121.53749908971537,"25°01'59.13""N","121°32'15.00""E"
Taipei City,大安區,建國南路二段25巷,25.032816323227845,121.53894615168475,"25°01'58.14""N","121°32'20.21""E"
Taipei City,大安區,復興南路1段126巷,25.04313990634079,121.54267495130318,"25°02'35.30""N","121°32'33.63""E"
Taipei City,大安區,復興南路1段126巷,25.04304482811642,121.54322970508288,"25°02'34.96""N","121°32'35.63""E"
Taipei City,大安區,復興南路1段340巷,25.03616026581358,121.54211165669805,"25°02'10.18""N","121°32'31.60""E"
Taipei City,大安區,復興南路1段B,25.043041581996864,121.54397240931472,"25°02'34.95""N","121°32'38.30""E"
Taipei City,大安區,復興南路2段,25.030512426458472,121.54342527291213,"25°01'49.84""N","121°32'36.33""E"
Taipei City,大安區,復興南路2段148巷,25.028371646484878,121.54325297598449,"25°01'42.14""N","121°32'35.71""E"
Taipei City,大安區,復興南路2段151巷,25.02840772349937,121.5447727096384,"25°01'42.27""N","121°32'41.18""E"
Taipei City,大安區,復興南路2段171巷,25.027761110654197,121.54377688711251,"25°01'39.94""N","121°32'37.60""E"
Taipei City,大安區,復興南路2段78巷42弄,25.0305957941001,121.54181663178267,"25°01'50.14""N","121°32'30.54""E"
Taipei City,大安區,忠孝東路3段237巷,25.04244828136991,121.5407340905825,"25°02'32.81""N","121°32'26.64""E"
Taipei City,大安區,忠孝東路4段181巷,25.042422348456657,121.55074916198721,"25°02'32.72""N","121°33'02.70""E"
Taipei City,大安區,忠孝東路4段205巷,25.04407357179373,121.55193024596389,"25°02'38.66""N","121°33'06.95""E"
Taipei City,大安區,忠孝東路4段49巷,25.042110934375028,121.54523709420963,"25°02'31.60""N","121°32'42.85""E"
Taipei City,大安區,忠孝東路四段181巷10弄,25.04200981013649,121.54968450450095,"25°02'31.24""N","121°32'58.86""E"
Taipei City,大安區,愛國東路A,25.03182949713837,121.52662069800363,"25°01'54.59""N","121°31'35.83""E"
Taipei City,大安區,愛國東路A,25.031954353143654,121.52432183765791,"25°01'55.04""N","121°31'27.56""E"
Taipei City,大安區,愛國東路A,25.032349958645767,121.5231482654782,"25°01'56.46""N","121°31'23.33""E"
Taipei City,大安區,敦化南路1段177巷,25.04306517006617,121.55095468564447,"25°02'35.03""N","121°33'03.44""E"
Taipei City,大安區,敦化南路1段233巷,25.04039608090281,121.54928435882411,"25°02'25.43""N","121°32'57.42""E"
Taipei City,大安區,敦化南路2段200巷14弄,25.02257973893038,121.5476837691332,"25°01'21.29""N","121°32'51.66""E"
Taipei City,大安區,敦化南路2段331巷,25.02273523431014,121.54956562951949,"25°01'21.85""N","121°32'58.44""E"
Taipei City,大安區,敦化南路2段81巷,25.029907588372353,121.54934022024658,"25°01'47.67""N","121°32'57.62""E"
Taipei City,大安區,新生南路1段161巷,25.034523943575508,121.53739072516242,"25°02'04.29""N","121°32'14.61""E"
Taipei City,大安區,新生南路2段30巷,25.031804099751817,121.53297797322952,"25°01'54.49""N","121°31'58.72""E"
Taipei City,大安區,新生南路3段,25.025633529242548,121.53469150218287,"25°01'32.28""N","121°32'04.89""E"
Taipei City,大安區,新生南路一段157巷,25.035337397523783,121.53547046326705,"25°02'07.21""N","121°32'07.69""E"
Taipei City,大安區,杭州南路2段,25.03466816270872,121.52401229082098,"25°02'04.81""N","121°31'26.44""E"
Taipei City,大安區,杭州南路2段25巷,25.03367123658178,121.5240380590954,"25°02'01.22""N","121°31'26.54""E"
Taipei City,大安區,杭州南路2段25巷,25.033391288759766,121.52452103976532,"25°02'00.21""N","121°31'28.28""E"
Taipei City,大安區,杭州南路2段51巷平面停車場,25.032870879424017,121.52308091216155,"25°01'58.34""N","121°31'23.09""E"
Taipei City,大安區,東豐街,25.03619098122506,121.54608254791331,"25°02'10.29""N","121°32'45.90""E"
Taipei City,大安區,東豐街,25.035997596179644,121.54474146664943,"25°02'09.59""N","121°32'41.07""E"
Taipei City,大安區,樂利路,25.026241495963458,121.55175151712598,"25°01'34.47""N","121°33'06.31""E"
Taipei City,大安區,樂業街B,25.023297214560444,121.54984038306473,"25°01'23.87""N","121°32'59.43""E"
Taipei City,大安區,溫州街52巷平面停車場,25.021023436497707,121.53295260543997,"25°01'15.68""N","121°31'58.63""E"
Taipei City,大安區,瑞安街A,25.02964151072525,121.54270099878298,"25°01'46.71""N","121°32'33.72""E"
Taipei City,大安區,瑞安街A,25.02860724899926,121.54134183188599,"25°01'42.99""N","121°32'28.83""E"
Taipei City,大安區,瑞安街A,25.028150862620983,121.54087731420303,"25°01'41.34""N","121°32'27.16""E"
Taipei City,大安區,羅斯福路3段283巷,25.018665243512505,121.53159379269172,"25°01'07.19""N","121°31'53.74""E"
Taipei City,大安區,羅斯福路3段283巷,25.017913168273942,121.53140083530621,"25°01'04.49""N","121°31'53.04""E"
Taipei City,大安區,臥龍街272巷,25.017001505145913,121.55727852068982,"25°01'01.21""N","121°33'26.20""E"
Taipei City,大安區,臥龍街31巷,25.023272234954323,121.54742926548913,"25°01'23.78""N","121°32'50.75""E"
Taipei City,大安區,臥龍街A,25.016956656463183,121.55946787908536,"25°01'01.04""N","121°33'34.08""E"
Taipei City,大安區,臥龍街B,25.02000586255379,121.5488656943448,"25°01'12.02""N","121°32'55.92""E"
Taipei City,大安區,臥龍街B,25.019972141648537,121.54890562140979,"25°01'11.90""N","121°32'56.06""E"
Taipei City,大安區,辛亥路1段,25.02211582528501,121.53298229028351,"25°01'19.62""N","121°31'58.74""E"
Taipei City,大安區,辛亥路1段,25.022616302815663,121.53272618629998,"25°01'21.42""N","121°31'57.81""E"
Taipei City,大安區,辛亥路1段,25.021625882190254,121.5310647129289,"25°01'17.85""N","121°31'51.83""E"
Taipei City,大安區,辛亥路2段A,25.022739807741115,121.53572694156354,"25°01'21.86""N","121°32'08.62""E"
Taipei City,大安區,辛亥路2段B,25.021602426667535,121.54127026231012,"25°01'17.77""N","121°32'28.57""E"
Taipei City,大安區,辛亥路2段B,25.02106097700086,121.5413288033197,"25°01'15.82""N","121°32'28.78""E"
Taipei City,大安區,辛亥路3段,25.021275604371862,121.54466700653276,"25°01'16.59""N","121°32'40.80""E"
Taipei City,大安區,辛亥路3段157巷,25.018173295026674,121.55034057904753,"25°01'05.42""N","121°33'01.23""E"
Taipei City,大安區,辛亥路溫州段平面停車場,25.021842888406315,121.53186208739234,"25°01'18.63""N","121°31'54.70""E"
Taipei City,大安區,通化街,25.031843874332598,121.55421502682897,"25°01'54.64""N","121°33'15.17""E"
Taipei City,大安區,通化街184巷,25.027055448338196,121.55308725620483,"25°01'37.40""N","121°33'11.11""E"
Taipei City,大安區,金山南路2段,25.028188644375778,121.52628006227025,"25°01'41.48""N","121°31'34.61""E"
Taipei City,大安區,金山南路2段30巷,25.03321072936336,121.52562886297513,"25°01'59.56""N","121°31'32.26""E"
Taipei City,大安區,金山南路2段30巷,25.033032685129,121.52672535656221,"25°01'58.92""N","121°31'36.21""E"
Taipei City,大安區,金山南路2段31巷,25.032789807509683,121.528376047012,"25°01'58.04""N","121°31'42.15""E"
Taipei City,大安區,金華街199巷3弄,25.030686475165272,121.52831205581668,"25°01'50.47""N","121°31'41.92""E"
Taipei City,大安區,金華街199巷3弄,25.030679424364457,121.52836026635458,"25°01'50.45""N","121°31'42.10""E"
Taipei City,大安區,金華街B,25.029898120027344,121.53135000262047,"25°01'47.63""N","121°31'52.86""E"
Taipei City,大安區,金華街B,25.029913131474654,121.53140340661638,"25°01'47.69""N","121°31'53.05""E"
Taipei City,大安區,金華街B,25.029731832996863,121.53077369584567,"25°01'47.03""N","121°31'50.79""E"
Taipei City,大安區,金華街C,25.030620992724472,121.52416356455291,"25°01'50.24""N","121°31'26.99""E"
Taipei City,大安區,金華街C,25.03045475009426,121.52522075365218,"25°01'49.64""N","121°31'30.79""E"
Taipei City,大安區,長興街,25.01640129234491,121.5454101797825,"25°00'59.04""N","121°32'43.48""E"
Taipei City,大安區,麗水街B,25.02791491391295,121.52819654407106,"25°01'40.49""N","121°31'41.51""E"
Taipei City,文山區,一壽街,24.978874812508135,121.5569519216302,"24°58'43.95""N","121°33'25.03""E"
Taipei City,文山區,下崙路,24.98665974848376,121.56066476015664,"24°59'11.98""N","121°33'38.39""E"
Taipei City,文山區,下崙路,24.98635345078343,121.55826172524233,"24°59'10.87""N","121°33'29.74""E"
Taipei City,文山區,仙岩路,24.999065762872522,121.54894979320775,"24°59'56.64""N","121°32'56.22""E"
Taipei City,文山區,仙岩路16巷,24.996682081038358,121.55103865111165,"24°59'48.06""N","121°33'03.74""E"
Taipei City,文山區,仙岩路16巷35弄,24.99816238416999,121.5499787986293,"24°59'53.38""N","121°32'59.92""E"
Taipei City,文山區,保儀路,24.98444675145729,121.56658535590687,"24°59'04.01""N","121°33'59.71""E"
Taipei City,文山區,保儀路,24.98440986443297,121.56655733826511,"24°59'03.88""N","121°33'59.61""E"
Taipei City,文山區,保儀路109巷,24.98545559357756,121.56923553145985,"24°59'07.64""N","121°34'09.25""E"
Taipei City,文山區,保儀路138巷,24.983899462956412,121.5653503001588,"24°59'02.04""N","121°33'55.26""E"
Taipei City,文山區,保儀路159號對面無名巷,24.984249925986678,121.56587043883978,"24°59'03.30""N","121°33'57.13""E"
Taipei City,文山區,光輝路,24.98479837377504,121.55588728567072,"24°59'05.27""N","121°33'21.19""E"
Taipei City,文山區,光輝路,24.986883198592157,121.55500694683333,"24°59'12.78""N","121°33'18.03""E"
Taipei City,文山區,光輝路47巷,24.98540933753548,121.55629353756926,"24°59'07.47""N","121°33'22.66""E"
Taipei City,文山區,光輝路87巷,24.985345791492474,121.55741205254286,"24°59'07.24""N","121°33'26.68""E"
Taipei City,文山區,和平東路4段295巷,25.001233247830886,121.57285425856188,"25°00'04.44""N","121°34'22.28""E"
Taipei City,文山區,和興路53巷臨時平面停車場,24.985118988949086,121.54759936866272,"24°59'06.43""N","121°32'51.36""E"
Taipei City,文山區,和興路堤旁道路,24.98393093157523,121.54735976821559,"24°59'02.15""N","121°32'50.50""E"
Taipei City,文山區,和興路平面停車場,24.984894123100634,121.54868678707415,"24°59'05.62""N","121°32'55.27""E"
Taipei City,文山區,安康平宅B平面停車場,24.988234748288978,121.55956426186827,"24°59'17.65""N","121°33'34.43""E"
Taipei City,文山區,安康平宅臨時平面停車場,24.98837577181971,121.55812002286142,"24°59'18.15""N","121°33'29.23""E"
Taipei City,文山區,忠順街1段121巷,24.985063496915608,121.55982226883982,"24°59'06.23""N","121°33'35.36""E"
Taipei City,文山區,忠順街2段,24.98472119414127,121.56326680274054,"24°59'05.00""N","121°33'47.76""E"
Taipei City,文山區,忠順街2段,24.985028388143366,121.56608983370056,"24°59'06.10""N","121°33'57.92""E"
Taipei City,文山區,指南路2段,24.986750611043874,121.57873523475315,"24°59'12.30""N","121°34'43.45""E"
Taipei City,文山區,指南路2段,24.987234299563507,121.57805164553803,"24°59'14.04""N","121°34'40.99""E"
Taipei City,文山區,指南路3段,24.984225016156987,121.57971793951687,"24°59'03.21""N","121°34'46.98""E"
Taipei City,文山區,指南路3段38巷,24.96886974668561,121.58773312720668,"24°58'07.93""N","121°35'15.84""E"
Taipei City,文山區,新光路1段,24.992198371694396,121.5737896045144,"24°59'31.91""N","121°34'25.64""E"
Taipei City,文山區,新光路1段,24.988532286905837,121.57374309817766,"24°59'18.72""N","121°34'25.48""E"
Taipei City,文山區,新光路2段B,24.999708983999472,121.58207670940757,"24°59'58.95""N","121°34'55.48""E"
Taipei City,文山區,新光路2段B,24.999508331809032,121.5817452112029,"24°59'58.23""N","121°34'54.28""E"
Taipei City,文山區,新光路2段B,24.99965843023423,121.58199297617725,"24°59'58.77""N","121°34'55.17""E"
Taipei City,文山區,新光路2段B,24.99973426087432,121.5821185760231,"24°59'59.04""N","121°34'55.63""E"
Taipei City,文山區,新光路2段B,24.998052166943197,121.57931642772704,"24°59'52.99""N","121°34'45.54""E"
Taipei City,文山區,新光路2段B,24.99968370711942,121.58203484279221,"24°59'58.86""N","121°34'55.33""E"
Taipei City,文山區,新光路2段B,24.999533737489887,121.58178687060197,"24°59'58.32""N","121°34'54.43""E"
Taipei City,文山區,景文平面廣場,24.990651552749693,121.54034095916069,"24°59'26.35""N","121°32'25.23""E"
Taipei City,文山區,景明街11巷6弄,25.00110182818053,121.54171641853729,"25°00'03.97""N","121°32'30.18""E"
Taipei City,文山區,景福街223巷,24.99437828208658,121.53840332797913,"24°59'39.76""N","121°32'18.25""E"
Taipei City,文山區,景興路,24.99093604262941,121.54333413967892,"24°59'27.37""N","121°32'36.00""E"
Taipei City,文山區,景興路,24.99681688796594,121.54462849825201,"24°59'48.54""N","121°32'40.66""E"
Taipei City,文山區,景興路,24.99308624595712,121.54447039168488,"24°59'35.11""N","121°32'40.09""E"
Taipei City,文山區,景興路,24.991420478633284,121.54359091956614,"24°59'29.11""N","121°32'36.93""E"
Taipei City,文山區,景興路,24.99393856442633,121.54471856118508,"24°59'38.18""N","121°32'40.99""E"
Taipei City,文山區,景興路,24.99367627499433,121.54449865435454,"24°59'37.23""N","121°32'40.20""E"
Taipei City,文山區,景興路,24.991896756496775,121.54381768980204,"24°59'30.83""N","121°32'37.74""E"
Taipei City,文山區,景興路202巷,24.991977476367413,121.54302193340526,"24°59'31.12""N","121°32'34.88""E"
Taipei City,文山區,景興路282巷,24.98978332608617,121.54195219088935,"24°59'23.22""N","121°32'31.03""E"
Taipei City,文山區,景興路46巷,24.996032860002945,121.54369929817406,"24°59'45.72""N","121°32'37.32""E"
Taipei City,文山區,景興路46巷,24.996024779001285,121.54353658842929,"24°59'45.69""N","121°32'36.73""E"
Taipei City,文山區,景興路46巷,24.996027443628577,121.54359048043437,"24°59'45.70""N","121°32'36.93""E"
Taipei City,文山區,景興路46巷,24.99603036165054,121.54364523162764,"24°59'45.71""N","121°32'37.12""E"
Taipei City,文山區,景興路臨時平面停車場,24.99640256506868,121.54582534314018,"24°59'47.05""N","121°32'44.97""E"
Taipei City,文山區,景華街,24.995100425823573,121.5436027254579,"24°59'42.36""N","121°32'36.97""E"
Taipei City,文山區,景華街,24.996333070125207,121.54743507310633,"24°59'46.80""N","121°32'50.77""E"
Taipei City,文山區,景華街,24.99509704644723,121.54355327897052,"24°59'42.35""N","121°32'36.79""E"
Taipei City,文山區,景華街,24.995104420737842,121.5436525930674,"24°59'42.38""N","121°32'37.15""E"
Taipei City,文山區,景華街,24.995093667070805,121.5435033295689,"24°59'42.34""N","121°32'36.61""E"
Taipei City,文山區,景華街128巷,24.99549007457566,121.54713642375542,"24°59'43.76""N","121°32'49.69""E"
Taipei City,文山區,景華街22巷,24.993531801253383,121.5423786390766,"24°59'36.71""N","121°32'32.56""E"
Taipei City,文山區,景華街52巷,24.99298574084956,121.54342915317116,"24°59'34.75""N","121°32'36.34""E"
Taipei City,文山區,景華街52巷,24.992946649976428,121.54340395374852,"24°59'34.61""N","121°32'36.25""E"
Taipei City,文山區,景隆街,24.999859335679766,121.54132010940029,"24°59'59.49""N","121°32'28.75""E"
Taipei City,文山區,景隆街,24.999877964482913,121.54127522868656,"24°59'59.56""N","121°32'28.59""E"
Taipei City,文山區,景隆街,24.99898787455711,121.54318224565557,"24°59'56.36""N","121°32'35.46""E"
Taipei City,文山區,木新路2段,24.984315376105304,121.56953183944724,"24°59'03.54""N","121°34'10.31""E"
Taipei City,文山區,木新路2段,24.98634763588889,121.57075364215218,"24°59'10.85""N","121°34'14.71""E"
Taipei City,文山區,木新路2段111巷12弄,24.98342970047685,121.57010152423527,"24°59'00.35""N","121°34'12.37""E"
Taipei City,文山區,木新路2段130號旁無名巷,24.984476596166214,121.5690663721416,"24°59'04.12""N","121°34'08.64""E"
Taipei City,文山區,木新路2段211巷10弄,24.982610900938873,121.56746042173117,"24°58'57.40""N","121°34'02.86""E"
Taipei City,文山區,木新路2段218巷,24.98459169083951,121.56879562314788,"24°59'04.53""N","121°34'07.66""E"
Taipei City,文山區,木新路3段,24.981339618880405,121.55892692202828,"24°58'52.82""N","121°33'32.14""E"
Taipei City,文山區,木新路3段,24.98197769134285,121.56164950151552,"24°58'55.12""N","121°33'41.94""E"
Taipei City,文山區,木新路3段,24.980503571129432,121.55575965163446,"24°58'49.81""N","121°33'20.73""E"
Taipei City,文山區,木新路3段,24.98151723271971,121.55965345126147,"24°58'53.46""N","121°33'34.75""E"
Taipei City,文山區,木新路3段243巷3弄,24.980628986017045,121.55935805850396,"24°58'50.26""N","121°33'33.69""E"
Taipei City,文山區,木新路3段310巷,24.98316602671079,121.55641492195723,"24°58'59.40""N","121°33'23.09""E"
Taipei City,文山區,木新路3段310巷,24.98102914739581,121.55706681342838,"24°58'51.70""N","121°33'25.44""E"
Taipei City,文山區,木新路3段74巷,24.983427727363065,121.56320245368683,"24°59'00.34""N","121°33'47.53""E"
Taipei City,文山區,木柵公園平面停車場,24.98691672053192,121.56059824409108,"24°59'12.90""N","121°33'38.15""E"
Taipei City,文山區,木柵路1段,24.987565665140593,121.55111215980594,"24°59'15.24""N","121°33'04.00""E"
Taipei City,文山區,木柵路1段,24.98685377049433,121.54696887770655,"24°59'12.67""N","121°32'49.09""E"
Taipei City,文山區,木柵路1段,24.988220140953935,121.55558636749566,"24°59'17.59""N","121°33'20.11""E"
Taipei City,文山區,木柵路1段,24.98706065899713,121.54818139441548,"24°59'13.42""N","121°32'53.45""E"
Taipei City,文山區,木柵路1段,24.987718029102272,121.5511930284149,"24°59'15.78""N","121°33'04.29""E"
Taipei City,文山區,木柵路1段59巷,24.987721565199944,121.5463624500282,"24°59'15.80""N","121°32'46.90""E"
Taipei City,文山區,木柵路2段,24.989185819998106,121.56325237808116,"24°59'21.07""N","121°33'47.71""E"
Taipei City,文山區,木柵路2段,24.988888364625446,121.5614528933218,"24°59'20.00""N","121°33'41.23""E"
Taipei City,文山區,木柵路3段169巷,24.990791887381313,121.56865229950974,"24°59'26.85""N","121°34'07.15""E"
Taipei City,文山區,木柵路3段66巷,24.98687125973351,121.5668997812311,"24°59'12.74""N","121°34'00.84""E"
Taipei City,文山區,木柵路3段平面停車場,24.9883130363829,121.56613330400702,"24°59'17.93""N","121°33'58.08""E"
Taipei City,文山區,木柵路3段平面停車場,24.98850403831256,121.56668935118067,"24°59'18.61""N","121°34'00.08""E"
Taipei City,文山區,木柵路3段平面停車場,24.988315996824113,121.56615101261919,"24°59'17.94""N","121°33'58.14""E"
Taipei City,文山區,木柵路4段159巷170弄,25.0029290274988,121.57713382525364,"25°00'10.54""N","121°34'37.68""E"
Taipei City,文山區,木柵路4段159巷170弄,25.002891023062848,121.5771064514405,"25°00'10.41""N","121°34'37.58""E"
Taipei City,文山區,木柵路5段,25.00108949012427,121.57913350585483,"25°00'03.92""N","121°34'44.88""E"
Taipei City,文山區,木柵路5段,25.00157292997496,121.58038049191619,"25°00'05.66""N","121°34'49.37""E"
Taipei City,文山區,水源快速道路高架橋下,25.00257025853747,121.53549407880432,"25°00'09.25""N","121°32'07.78""E"
Taipei City,文山區,水源快速道路高架橋下,25.004093874052554,121.53525457205872,"25°00'14.74""N","121°32'06.92""E"
Taipei City,文山區,水源快速道路高架橋下,25.004119841648794,121.53524433501386,"25°00'14.83""N","121°32'06.88""E"
Taipei City,文山區,永建市場旁平面停車場,24.988168960733066,121.55131863669625,"24°59'17.41""N","121°33'04.75""E"
Taipei City,文山區,汀州路4段,25.006520843211398,121.5364369477792,"25°00'23.48""N","121°32'11.17""E"
Taipei City,文山區,汀州路4段,25.005323115494882,121.53593272391197,"25°00'19.16""N","121°32'09.36""E"
Taipei City,文山區,汀州路4段,25.00753223171395,121.53734155378532,"25°00'27.12""N","121°32'14.43""E"
Taipei City,文山區,溪洲街135巷,25.002134652940484,121.53656878874409,"25°00'07.68""N","121°32'11.65""E"
Taipei City,文山區,福興路106巷,25.006351160893956,121.54977776814431,"25°00'22.86""N","121°32'59.20""E"
Taipei City,文山區,福興路78巷,25.00431357625073,121.54993690516153,"25°00'15.53""N","121°32'59.77""E"
Taipei City,文山區,福興路82巷,25.005631602004243,121.5504511370222,"25°00'20.27""N","121°33'01.62""E"
Taipei City,文山區,福興路82巷,25.005640622907727,121.55049960315928,"25°00'20.31""N","121°33'01.80""E"
Taipei City,文山區,福興路95巷,25.005287981040116,121.54815277081039,"25°00'19.04""N","121°32'53.35""E"
Taipei City,文山區,福興路95巷,25.004849088165376,121.5488337124309,"25°00'17.46""N","121°32'55.80""E"
Taipei City,文山區,秀明路1段,24.98945277147101,121.56435832258008,"24°59'22.03""N","121°33'51.69""E"
Taipei City,文山區,秀明路1段22巷,24.989187003019264,121.5646502554635,"24°59'21.07""N","121°33'52.74""E"
Taipei City,文山區,秀明路2段,24.991823550117463,121.57499636925054,"24°59'30.56""N","121°34'29.99""E"
Taipei City,文山區,秀明路2段,24.99102683858054,121.576850605412,"24°59'27.70""N","121°34'36.66""E"
Taipei City,文山區,秀明路2段112巷,24.990482673723605,121.57626980812292,"24°59'25.74""N","121°34'34.57""E"
Taipei City,文山區,羅斯福路5段218巷38弄,25.00261579748181,121.53783293565657,"25°00'09.42""N","121°32'16.20""E"
Taipei City,文山區,羅斯福路5段236巷臨時平面停車場,25.00108240029222,121.53860973450526,"25°00'03.90""N","121°32'19.00""E"
Taipei City,文山區,羅斯福路6段,24.99664309158269,121.54088255061383,"24°59'47.92""N","121°32'27.18""E"
Taipei City,文山區,羅斯福路6段,24.99074905283497,121.54009920084725,"24°59'26.70""N","121°32'24.36""E"
Taipei City,文山區,羅斯福路6段142巷20弄,24.996972460128003,121.53968898874942,"24°59'49.10""N","121°32'22.88""E"
Taipei City,文山區,羅斯福路6段92巷,24.998049571835836,121.53954087953126,"24°59'52.98""N","121°32'22.35""E"
Taipei City,文山區,興德路62巷平面停車場,25.00174189974262,121.55680927602988,"25°00'06.27""N","121°33'24.51""E"
Taipei City,文山區,興德路臨時平面停車場,25.002474192714953,121.55709880875851,"25°00'08.91""N","121°33'25.56""E"
Taipei City,文山區,興隆路1段,25.00424303470781,121.53917446843398,"25°00'15.27""N","121°32'21.03""E"
Taipei City,文山區,興隆路1段,25.00409299541027,121.5401645850377,"25°00'14.73""N","121°32'24.59""E"
Taipei City,文山區,興隆路1段,24.999092250660595,121.54409213978484,"24°59'56.73""N","121°32'38.73""E"
Taipei City,文山區,興隆路1段184巷,25.00079794691747,121.54268012020333,"25°00'02.87""N","121°32'33.65""E"
Taipei City,文山區,興隆路1段184巷4弄,25.00088843623241,121.54211373015984,"25°00'03.20""N","121°32'31.61""E"
Taipei City,文山區,興隆路1段184巷4弄,25.000943677544825,121.54206451840055,"25°00'03.40""N","121°32'31.43""E"
Taipei City,文山區,興隆路2段,25.000699233139652,121.54911269905989,"25°00'02.52""N","121°32'56.81""E"
Taipei City,文山區,興隆路2段,24.999082101932082,121.54630486749744,"24°59'56.70""N","121°32'46.70""E"
Taipei City,文山區,興隆路2段154巷,25.000567810201588,121.55201928889814,"25°00'02.04""N","121°33'07.27""E"
Taipei City,文山區,興隆路2段154巷,25.000787674272065,121.55158475442839,"25°00'02.84""N","121°33'05.71""E"
Taipei City,文山區,興隆路2段220巷,25.001309737328327,121.55264469650193,"25°00'04.72""N","121°33'09.52""E"
Taipei City,文山區,興隆路2段275巷,25.00190539398592,121.55262238830345,"25°00'06.86""N","121°33'09.44""E"
Taipei City,文山區,興隆路2段95巷,24.99992153278867,121.5468542617328,"24°59'59.72""N","121°32'48.68""E"
Taipei City,文山區,興隆路2段96巷,24.998442248133415,121.5503016879095,"24°59'54.39""N","121°33'01.09""E"
Taipei City,文山區,興隆路3段,24.99502547865387,121.55975585869763,"24°59'42.09""N","121°33'35.12""E"
Taipei City,文山區,興隆路3段,24.994246669189273,121.55958300154249,"24°59'39.29""N","121°33'34.50""E"
Taipei City,文山區,興隆路4段,24.98436450358132,121.56165258065498,"24°59'03.71""N","121°33'41.95""E"
Taipei City,文山區,興隆路4段,24.9903268239976,121.55952801947905,"24°59'25.18""N","121°33'34.30""E"
Taipei City,文山區,興隆路4段,24.984821925823788,121.56165455515713,"24°59'05.36""N","121°33'41.96""E"
Taipei City,文山區,興隆路4段109巷,24.986930647809846,121.56394578084436,"24°59'12.95""N","121°33'50.20""E"
Taipei City,文山區,興隆路4段109巷,24.98673871232331,121.5619334209013,"24°59'12.26""N","121°33'42.96""E"
Taipei City,文山區,興隆路4段109巷,24.986734030438896,121.56188161965184,"24°59'12.24""N","121°33'42.77""E"
Taipei City,文山區,興隆路4段115巷,24.986170341072448,121.56155711557996,"24°59'10.21""N","121°33'41.61""E"
Taipei City,文山區,興隆路4段145巷9弄,24.98579311575255,121.56188016190603,"24°59'08.86""N","121°33'42.77""E"
Taipei City,文山區,興隆路4段46巷,24.987636461394455,121.56022683141948,"24°59'15.49""N","121°33'36.82""E"
Taipei City,文山區,興隆路4段46巷,24.98773487208426,121.5587453807604,"24°59'15.85""N","121°33'31.48""E"
Taipei City,文山區,興隆路三段221巷4弄,24.993229095293255,121.55974867824297,"24°59'35.62""N","121°33'35.10""E"
Taipei City,文山區,萬利街,25.000450390718783,121.56552010726476,"25°00'01.62""N","121°33'55.87""E"
Taipei City,文山區,萬利街30巷39弄,25.00094037031849,121.5634434953898,"25°00'03.39""N","121°33'48.40""E"
Taipei City,文山區,萬安街,25.000070714011617,121.57084599065126,"25°00'00.25""N","121°34'15.05""E"
Taipei City,文山區,萬寧街,25.004308365430578,121.5701000405148,"25°00'15.51""N","121°34'12.36""E"
Taipei City,文山區,萬寧街,25.003404457600965,121.56594120998506,"25°00'12.26""N","121°33'57.39""E"
Taipei City,文山區,萬寧街,25.00323030608815,121.57018210946065,"25°00'11.63""N","121°34'12.66""E"
Taipei City,文山區,萬寧街臨時平面停車場,25.003770630067315,121.56956993007881,"25°00'13.57""N","121°34'10.45""E"
Taipei City,文山區,萬慶平面廣場,24.993248596971604,121.53815961083642,"24°59'35.69""N","121°32'17.37""E"
Taipei City,文山區,萬樂街,25.00089729197667,121.56597518336365,"25°00'03.23""N","121°33'57.51""E"
Taipei City,文山區,萬樂街,25.00086514569193,121.56600273916825,"25°00'03.11""N","121°33'57.61""E"
Taipei City,文山區,萬美街1段,25.002407601555788,121.56818462667813,"25°00'08.67""N","121°34'05.46""E"
Taipei City,文山區,萬美街1段,25.002410790839885,121.56824240893444,"25°00'08.68""N","121°34'05.67""E"
Taipei City,文山區,萬美街1段,25.001886421709276,121.56239248487184,"25°00'06.79""N","121°33'44.61""E"
Taipei City,文山區,萬美街1段,25.00241321306157,121.56829880121792,"25°00'08.69""N","121°34'05.88""E"
Taipei City,文山區,萬芳八號公園停車場,25.00300291287261,121.56079698497474,"25°00'10.81""N","121°33'38.87""E"
Taipei City,文山區,萬芳八號公園停車場,25.003034888039835,121.56079378900213,"25°00'10.93""N","121°33'38.86""E"
Taipei City,文山區,萬芳八號公園停車場,25.003060843929212,121.56079132004817,"25°00'11.02""N","121°33'38.85""E"
Taipei City,文山區,萬芳路A,24.998035948865958,121.5637345550417,"24°59'52.93""N","121°33'49.44""E"
Taipei City,文山區,萬芳路A,24.99800526847124,121.5636602002725,"24°59'52.82""N","121°33'49.18""E"
Taipei City,文山區,萬芳路C,24.997219682185953,121.57096121504824,"24°59'49.99""N","121°34'15.46""E"
Taipei City,文山區,試院路,24.989863120227618,121.5485662339872,"24°59'23.51""N","121°32'54.84""E"
Taipei City,文山區,試院路,24.98994438771355,121.54802957520941,"24°59'23.80""N","121°32'52.91""E"
Taipei City,文山區,車前路,24.991534937218553,121.54057536964618,"24°59'29.53""N","121°32'26.07""E"
Taipei City,文山區,車前路,24.991550193875423,121.54052845812804,"24°59'29.58""N","121°32'25.90""E"
Taipei City,文山區,辛亥生態公園平面停車場,25.003967004653465,121.55734746066173,"25°00'14.28""N","121°33'26.45""E"
Taipei City,文山區,辛亥路4段101巷,25.006446353432423,121.55977333155867,"25°00'23.21""N","121°33'35.18""E"
Taipei City,文山區,辛亥路4段252巷,25.001625967888153,121.55424016958831,"25°00'05.85""N","121°33'15.26""E"
Taipei City,文山區,辛亥路5段,24.998639566115276,121.55333287068753,"24°59'55.10""N","121°33'12.00""E"
Taipei City,文山區,辛亥路5段,24.99751876916102,121.55227446785258,"24°59'51.07""N","121°33'08.19""E"
Taipei City,文山區,辛亥路7段,24.98593088534725,121.55337690937897,"24°59'09.35""N","121°33'12.16""E"
Taipei City,文山區,辛亥路7段,24.98361933973644,121.55419639334106,"24°59'01.03""N","121°33'15.11""E"
Taipei City,文山區,辛亥路7段65巷,24.983701436815554,121.55437586955637,"24°59'01.33""N","121°33'15.75""E"
Taipei City,松山區,6號水門堤外觀山段河濱公園停車場,25.070394634736243,121.56894454324082,"25°04'13.42""N","121°34'08.20""E"
Taipei City,松山區,6號水門堤外觀山段河濱公園停車場,25.065582386103586,121.56852849025856,"25°03'56.10""N","121°34'06.70""E"
Taipei City,松山區,6號水門堤外觀山段河濱公園停車場,25.06554986028532,121.56852714589736,"25°03'55.98""N","121°34'06.70""E"
Taipei City,松山區,6號水門堤外觀山段河濱公園停車場,25.065452008723728,121.56852294672605,"25°03'55.63""N","121°34'06.68""E"
Taipei City,松山區,6號水門堤外觀山段河濱公園停車場,25.070439295752617,121.5689462318847,"25°04'13.58""N","121°34'08.21""E"
Taipei City,松山區,6號水門堤外觀山段河濱公園停車場,25.07052944430701,121.56894861639863,"25°04'13.91""N","121°34'08.22""E"
Taipei City,松山區,6號水門堤外觀山段河濱公園停車場,25.070613351850593,121.56895202077213,"25°04'14.21""N","121°34'08.23""E"
Taipei City,松山區,6號水門堤外觀山段河濱公園停車場,25.065484524775925,121.5685245540581,"25°03'55.74""N","121°34'06.69""E"
Taipei City,松山區,6號水門堤外觀山段河濱公園停車場,25.070658986296426,121.56895407879257,"25°04'14.37""N","121°34'08.23""E"
Taipei City,松山區,6號水門堤外觀山段河濱公園停車場,25.07048467252843,121.56894768737209,"25°04'13.74""N","121°34'08.21""E"
Taipei City,松山區,6號水門堤外觀山段河濱公園停車場,25.065419492662894,121.56852133939397,"25°03'55.51""N","121°34'06.68""E"
Taipei City,松山區,6號水門堤外觀山段河濱公園停車場,25.069900351521582,121.56899241179664,"25°04'11.64""N","121°34'08.37""E"
Taipei City,松山區,6號水門堤外觀山段河濱公園停車場,25.069876252789957,121.56912097986816,"25°04'11.55""N","121°34'08.84""E"
Taipei City,松山區,6號水門堤外觀山段河濱公園停車場,25.069908552066455,121.56912540880504,"25°04'11.67""N","121°34'08.85""E"
Taipei City,松山區,6號水門堤外觀山段河濱公園停車場,25.065517334458416,121.56852580153618,"25°03'55.86""N","121°34'06.69""E"
Taipei City,松山區,6號水門堤外觀山段河濱公園停車場,25.06986804342056,121.56898806199683,"25°04'11.52""N","121°34'08.36""E"
Taipei City,松山區,三民路,25.059662979368493,121.56315280362072,"25°03'34.79""N","121°33'47.35""E"
Taipei City,松山區,三民路68巷,25.055202878747473,121.56509236597908,"25°03'18.73""N","121°33'54.33""E"
Taipei City,松山區,健康路325巷,25.05462455557515,121.56718325464594,"25°03'16.65""N","121°34'01.86""E"
Taipei City,松山區,健康路325巷19弄,25.055895068460693,121.5661527227389,"25°03'21.22""N","121°33'58.15""E"
Taipei City,松山區,健康路325巷5弄,25.054930367728065,121.56707602490263,"25°03'17.75""N","121°34'01.47""E"
Taipei City,松山區,健康路325巷5弄,25.054926140920653,121.56702602429056,"25°03'17.73""N","121°34'01.29""E"
Taipei City,松山區,健康路B,25.054058880480543,121.56408228187814,"25°03'14.61""N","121°33'50.70""E"
Taipei City,松山區,健康路B,25.054135451348646,121.56134168801488,"25°03'14.89""N","121°33'40.83""E"
Taipei City,松山區,健康路B,25.05406094596791,121.56413175437642,"25°03'14.62""N","121°33'50.87""E"
Taipei City,松山區,健康路ZA0,25.05383442823661,121.5573266186823,"25°03'13.80""N","121°33'26.38""E"
Taipei City,松山區,健康路ZA0,25.053836907901456,121.55737253516246,"25°03'13.81""N","121°33'26.54""E"
Taipei City,松山區,健康路ZA0,25.053751082160694,121.55886802795379,"25°03'13.50""N","121°33'31.92""E"
Taipei City,松山區,光復北路,25.054894274545088,121.55590635664409,"25°03'17.62""N","121°33'21.26""E"
Taipei City,松山區,光復北路11巷,25.050254224771372,121.5612980080491,"25°03'00.92""N","121°33'40.67""E"
Taipei City,松山區,光復北路165巷,25.057341408353047,121.55692773017523,"25°03'26.43""N","121°33'24.94""E"
Taipei City,松山區,光復北路190巷,25.054524932473523,121.55449078872999,"25°03'16.29""N","121°33'16.17""E"
Taipei City,松山區,光復北路230巷,25.056180496563226,121.5536019617868,"25°03'22.25""N","121°33'12.97""E"
Taipei City,松山區,光復北路230巷,25.056270280594394,121.55524642039664,"25°03'22.57""N","121°33'18.89""E"
Taipei City,松山區,光復北路60巷,25.049811705932413,121.55650194072696,"25°02'59.32""N","121°33'23.41""E"
Taipei City,松山區,光復北路60巷,25.0498108963549,121.55655560844697,"25°02'59.32""N","121°33'23.60""E"
Taipei City,松山區,光復北路平面停車場,25.049191451350033,121.55825309461858,"25°02'57.09""N","121°33'29.71""E"
Taipei City,松山區,光復南路32巷,25.046508552767136,121.55662895099385,"25°02'47.43""N","121°33'23.86""E"
Taipei City,松山區,光復南路32巷,25.046342729531254,121.55452204325199,"25°02'46.83""N","121°33'16.28""E"
Taipei City,松山區,八德路2段451巷,25.04876721504019,121.54748968112335,"25°02'55.56""N","121°32'50.96""E"
Taipei City,松山區,八德路3段,25.048094616824763,121.55391283086792,"25°02'53.14""N","121°33'14.09""E"
Taipei City,松山區,八德路3段,25.047971562432608,121.55553413499398,"25°02'52.70""N","121°33'19.92""E"
Taipei City,松山區,八德路3段106巷,25.04798843681437,121.55361023544674,"25°02'52.76""N","121°33'13.00""E"
Taipei City,松山區,八德路3段12巷52弄,25.04621415789137,121.55048259600422,"25°02'46.37""N","121°33'01.74""E"
Taipei City,松山區,八德路3段199巷1弄,25.048781847378194,121.55682416945493,"25°02'55.61""N","121°33'24.57""E"
Taipei City,松山區,八德路4段17巷,25.048949724236017,121.55848949983594,"25°02'56.22""N","121°33'30.56""E"
Taipei City,松山區,八德路4段17巷,25.04889063596245,121.55848857201721,"25°02'56.01""N","121°33'30.56""E"
Taipei City,松山區,八德路4段17巷,25.04900034758107,121.55849108263958,"25°02'56.40""N","121°33'30.57""E"
Taipei City,松山區,八德路4段A,25.048857802624518,121.56512440896496,"25°02'55.89""N","121°33'54.45""E"
Taipei City,松山區,八德路4段A,25.048550873922984,121.56058846570764,"25°02'54.78""N","121°33'38.12""E"
Taipei City,松山區,八德路4段A,25.048930788099337,121.56438359915393,"25°02'56.15""N","121°33'51.78""E"
Taipei City,松山區,八德路4段B,25.04986562849208,121.57301096731148,"25°02'59.52""N","121°34'22.84""E"
Taipei City,松山區,八德路4段B,25.049915092653514,121.57550092597482,"25°02'59.69""N","121°34'31.80""E"
Taipei City,松山區,北寧路,25.049569099051293,121.55259956196775,"25°02'58.45""N","121°33'09.36""E"
Taipei City,松山區,北寧路,25.049519153779475,121.55259800351537,"25°02'58.27""N","121°33'09.35""E"
Taipei City,松山區,北寧路56巷,25.049879501122803,121.55344634551994,"25°02'59.57""N","121°33'12.41""E"
Taipei City,松山區,南京東路3段282巷,25.051337810690413,121.54572690720299,"25°03'04.82""N","121°32'44.62""E"
Taipei City,松山區,南京東路3段303巷,25.05203155203563,121.54674434905486,"25°03'07.31""N","121°32'48.28""E"
Taipei City,松山區,南京東路3段303巷7弄,25.052913175953364,121.5465470904903,"25°03'10.49""N","121°32'47.57""E"
Taipei City,松山區,南京東路3段338巷,25.050341615113616,121.54747135963221,"25°03'01.23""N","121°32'50.90""E"
Taipei City,松山區,南京東路5段250巷2弄,25.05073009472888,121.56681888782734,"25°03'02.63""N","121°34'00.55""E"
Taipei City,松山區,南京東路5段250巷36弄,25.049845608708225,121.56829823601419,"25°02'59.44""N","121°34'05.87""E"
Taipei City,松山區,南京東路5段66巷,25.049920164079378,121.56079835462158,"25°02'59.71""N","121°33'38.87""E"
Taipei City,松山區,南京東路5段66巷22弄A,25.049101547955406,121.55931696904528,"25°02'56.77""N","121°33'33.54""E"
Taipei City,松山區,南京東路五段251巷,25.054455951903954,121.56556230080064,"25°03'16.04""N","121°33'56.02""E"
Taipei City,松山區,吉祥路,25.051211034340135,121.56251574723801,"25°03'04.36""N","121°33'45.06""E"
Taipei City,松山區,吉祥路,25.048980611621435,121.56268384736579,"25°02'56.33""N","121°33'45.66""E"
Taipei City,松山區,基隆河濱迎風段(一)河濱公園停車場,25.071655350120416,121.5670466641868,"25°04'17.96""N","121°34'01.37""E"
Taipei City,松山區,基隆河濱迎風段(一)河濱公園停車場,25.07165490917525,121.56699636088626,"25°04'17.96""N","121°34'01.19""E"
Taipei City,松山區,基隆河濱迎風段(一)河濱公園停車場,25.071791047485846,121.56849014104026,"25°04'18.45""N","121°34'06.56""E"
Taipei City,松山區,基隆河濱迎風段(一)河濱公園停車場,25.07165512964782,121.56702151253654,"25°04'17.96""N","121°34'01.28""E"
Taipei City,松山區,基隆河迎風段河濱公園停車場(小車),25.073527036908594,121.55433687715146,"25°04'24.70""N","121°33'15.61""E"
Taipei City,松山區,基隆河迎風段河濱公園停車場(小車),25.073539774024482,121.55328292329166,"25°04'24.74""N","121°33'11.82""E"
Taipei City,松山區,基隆河迎風段河濱公園停車場(小車),25.07347058248569,121.55564436524281,"25°04'24.49""N","121°33'20.32""E"
Taipei City,松山區,基隆河迎風段河濱公園停車場(小車),25.073527727448248,121.55430814117379,"25°04'24.70""N","121°33'15.51""E"
Taipei City,松山區,基隆河迎風段河濱公園停車場(小車),25.07346639741867,121.55567818707563,"25°04'24.48""N","121°33'20.44""E"
Taipei City,松山區,基隆河迎風段河濱公園停車場(小車),25.073528417987923,121.55427940519614,"25°04'24.70""N","121°33'15.41""E"
Taipei City,松山區,塔悠路,25.065620647802458,121.56773919969427,"25°03'56.23""N","121°34'03.86""E"
Taipei City,松山區,塔悠路120巷,25.055922361297235,121.56880727370422,"25°03'21.32""N","121°34'07.71""E"
Taipei City,松山區,富錦街107巷,25.060309686602903,121.55290848849737,"25°03'37.11""N","121°33'10.47""E"
Taipei City,松山區,富錦街359巷,25.06099902339356,121.55801930386248,"25°03'39.60""N","121°33'28.87""E"
Taipei City,松山區,富錦街581巷,25.06285785749493,121.56710300877172,"25°03'46.29""N","121°34'01.57""E"
Taipei City,松山區,富錦街B,25.06103126847741,121.56398605971894,"25°03'39.71""N","121°33'50.35""E"
Taipei City,松山區,富錦街B,25.060785086834436,121.56053321811535,"25°03'38.83""N","121°33'37.92""E"
Taipei City,松山區,寧安街,25.05098306873958,121.55483910792215,"25°03'03.54""N","121°33'17.42""E"
Taipei City,松山區,寶清街,25.050815989938233,121.56850108897736,"25°03'02.94""N","121°34'06.60""E"
Taipei City,松山區,延壽街330巷20弄,25.054506515995463,121.5595558663066,"25°03'16.22""N","121°33'34.40""E"
Taipei City,松山區,延壽街A,25.05647263110051,121.55798520521907,"25°03'23.30""N","121°33'28.75""E"
Taipei City,松山區,延壽街A,25.056332457758664,121.55622990023409,"25°03'22.80""N","121°33'22.43""E"
Taipei City,松山區,延壽街B,25.056740707647524,121.5624489433282,"25°03'24.27""N","121°33'44.82""E"
Taipei City,松山區,延壽街B,25.057342467890646,121.56881707333044,"25°03'26.43""N","121°34'07.74""E"
Taipei City,松山區,延壽街B,25.056900461219563,121.56333118106886,"25°03'24.84""N","121°33'47.99""E"
Taipei City,松山區,延壽街B,25.056854404210217,121.56388677858186,"25°03'24.68""N","121°33'49.99""E"
Taipei City,松山區,復興北路A,25.058475679051476,121.54433198027357,"25°03'30.51""N","121°32'39.60""E"
Taipei City,松山區,復興北路A,25.05980082600696,121.54435022049022,"25°03'35.28""N","121°32'39.66""E"
Taipei City,松山區,復興北路B,25.05500645824439,121.54426372808172,"25°03'18.02""N","121°32'39.35""E"
Taipei City,松山區,復興北路B,25.052240316029803,121.54422626084123,"25°03'08.07""N","121°32'39.21""E"
Taipei City,松山區,復興北路C,25.047926365486116,121.54410091549397,"25°02'52.53""N","121°32'38.76""E"
Taipei City,松山區,慶城街,25.05523915413325,121.54685170458981,"25°03'18.86""N","121°32'48.67""E"
Taipei City,松山區,慶城街,25.05296914585072,121.54502343622988,"25°03'10.69""N","121°32'42.08""E"
Taipei City,松山區,慶城街16巷,25.053607677727733,121.54637227585214,"25°03'12.99""N","121°32'46.94""E"
Taipei City,松山區,撫遠街,25.062152716017867,121.56635493944067,"25°03'43.75""N","121°33'58.88""E"
Taipei City,松山區,撫遠街,25.067828806424735,121.56768636214183,"25°04'04.18""N","121°34'03.67""E"
Taipei City,松山區,撫遠街,25.067773048840348,121.56769573364897,"25°04'03.98""N","121°34'03.70""E"
Taipei City,松山區,撫遠街,25.067805711683917,121.56769057890985,"25°04'04.10""N","121°34'03.69""E"
Taipei City,松山區,撫遠街261巷,25.062089656161604,121.5682200019951,"25°03'43.52""N","121°34'05.59""E"
Taipei City,松山區,撫遠街389巷,25.06414607958504,121.56678585209849,"25°03'50.93""N","121°34'00.43""E"
Taipei City,松山區,撫遠街389巷,25.06497049588548,121.5666550289763,"25°03'53.89""N","121°33'59.96""E"
Taipei City,松山區,撫遠街394巷,25.064938789364035,121.56547035113537,"25°03'53.78""N","121°33'55.69""E"
Taipei City,松山區,撫遠街400巷,25.06457836937297,121.56463965930718,"25°03'52.48""N","121°33'52.70""E"
Taipei City,松山區,撫遠街403巷,25.06597717961708,121.5657269234856,"25°03'57.52""N","121°33'56.62""E"
Taipei City,松山區,敦化北路155巷,25.05434280863447,121.54935000262724,"25°03'15.63""N","121°32'57.66""E"
Taipei City,松山區,敦化北路155巷66弄,25.054406815730793,121.55129326095084,"25°03'15.86""N","121°33'04.66""E"
Taipei City,松山區,敦化北路155巷66弄,25.05436613107492,121.55129257002086,"25°03'15.72""N","121°33'04.65""E"
Taipei City,松山區,敦化北路199巷,25.05656162164503,121.5510358838221,"25°03'23.62""N","121°33'03.73""E"
Taipei City,松山區,敦化北路199巷,25.056580031499216,121.55108336633637,"25°03'23.69""N","121°33'03.90""E"
Taipei City,松山區,敦化北路199巷,25.056174742516816,121.55052688144299,"25°03'22.23""N","121°33'01.90""E"
Taipei City,松山區,敦化北路199巷2弄,25.054425576739558,121.54991463415914,"25°03'15.93""N","121°32'59.69""E"
Taipei City,松山區,敦化北路238巷,25.059841123432243,121.5494800676566,"25°03'35.43""N","121°32'58.13""E"
Taipei City,松山區,敦化北路238巷,25.059860762444714,121.54943191979294,"25°03'35.50""N","121°32'57.95""E"
Taipei City,松山區,敦化北路4巷,25.050199686666513,121.54585217451017,"25°03'00.72""N","121°32'45.07""E"
Taipei City,松山區,新東街20巷,25.058583887667037,121.56873822972955,"25°03'30.90""N","121°34'07.46""E"
Taipei City,松山區,新東街30巷,25.05975135454204,121.5670248407769,"25°03'35.10""N","121°34'01.29""E"
Taipei City,松山區,新東街30巷,25.05968139695079,121.56610521886502,"25°03'34.85""N","121°33'57.98""E"
Taipei City,松山區,松河街A,25.05103600805055,121.5748781249289,"25°03'03.73""N","121°34'29.56""E"
Taipei City,松山區,松河街A,25.050801301323716,121.57318417945218,"25°03'02.88""N","121°34'23.46""E"
Taipei City,松山區,松河街A,25.051265445771545,121.57126048601266,"25°03'04.56""N","121°34'16.54""E"
Taipei City,松山區,松河街A,25.051513339362298,121.57734153337468,"25°03'05.45""N","121°34'38.43""E"
Taipei City,松山區,松河街A,25.051778457557493,121.578188228963,"25°03'06.40""N","121°34'41.48""E"
Taipei City,松山區,民族東路,25.062324216210087,121.54964855467887,"25°03'44.37""N","121°32'58.73""E"
Taipei City,松山區,民族東路,25.06399109092008,121.54753614506416,"25°03'50.37""N","121°32'51.13""E"
Taipei City,松山區,民族東路,25.064665603036335,121.54669177494148,"25°03'52.80""N","121°32'48.09""E"
Taipei City,松山區,民權東路3段103巷25弄,25.063655897704688,121.5453551801412,"25°03'49.16""N","121°32'43.28""E"
Taipei City,松山區,民權東路4段A,25.062245576993895,121.55958623282578,"25°03'44.08""N","121°33'34.51""E"
Taipei City,松山區,民權東路4段A,25.062252001793617,121.55963522120244,"25°03'44.11""N","121°33'34.69""E"
Taipei City,松山區,民生東路3段,25.057603711920514,121.54588290343338,"25°03'27.37""N","121°32'45.18""E"
Taipei City,松山區,民生東路3段,25.057871522978107,121.54701246563607,"25°03'28.34""N","121°32'49.24""E"
Taipei City,松山區,民生東路4段131巷,25.05884931552545,121.55381871837199,"25°03'31.86""N","121°33'13.75""E"
Taipei City,松山區,民生東路4段131巷,25.05881285688197,121.55384045500628,"25°03'31.73""N","121°33'13.83""E"
Taipei City,松山區,民生東路4段56巷1弄,25.057546439595665,121.55205745647442,"25°03'27.17""N","121°33'07.41""E"
Taipei City,松山區,民生東路4段80巷,25.057393301684076,121.55294820533264,"25°03'26.62""N","121°33'10.61""E"
Taipei City,松山區,民生東路4段80巷,25.057474174771794,121.55294114955609,"25°03'26.91""N","121°33'10.59""E"
Taipei City,松山區,民生東路4段97巷,25.0595415677263,121.55199288768333,"25°03'34.35""N","121°33'07.17""E"
Taipei City,松山區,民生東路4段97巷,25.05958960369404,121.55198698246478,"25°03'34.52""N","121°33'07.15""E"
Taipei City,松山區,民生東路4段97巷1弄,25.058444832319946,121.55182482838985,"25°03'30.40""N","121°33'06.57""E"
Taipei City,松山區,民生東路4段97巷2弄,25.058516124063516,121.55308348600329,"25°03'30.66""N","121°33'11.10""E"
Taipei City,松山區,民生東路4段97巷4弄,25.059000185888504,121.55352976746704,"25°03'32.40""N","121°33'12.71""E"
Taipei City,松山區,民生東路4段97巷6弄,25.059343167381744,121.55286934810819,"25°03'33.64""N","121°33'10.33""E"
Taipei City,松山區,民生東路5段,25.05912892172903,121.56574644628856,"25°03'32.86""N","121°33'56.69""E"
Taipei City,松山區,民生東路5段69巷,25.059127680393235,121.55828701244423,"25°03'32.86""N","121°33'29.83""E"
Taipei City,松山區,民生東路5段69巷1弄,25.05888892405415,121.55681439491242,"25°03'32.00""N","121°33'24.53""E"
Taipei City,松山區,民生東路5段69巷2弄,25.059349338178986,121.5596521224483,"25°03'33.66""N","121°33'34.75""E"
Taipei City,松山區,民生東路5段69巷3弄,25.05923367048488,121.55691670470912,"25°03'33.24""N","121°33'24.90""E"
Taipei City,松山區,興安街Y00,25.055817655060434,121.54701436911525,"25°03'20.94""N","121°32'49.25""E"
Taipei City,松山區,觀山河濱公園停車場5號水門,25.059487685443692,121.56967852680013,"25°03'34.16""N","121°34'10.84""E"
Taipei City,松山區,觀山河濱公園停車場5號水門,25.058013828082615,121.56991937206934,"25°03'28.85""N","121°34'11.71""E"
Taipei City,松山區,觀山河濱公園停車場5號水門,25.056978148965083,121.57023023393933,"25°03'25.12""N","121°34'12.83""E"
Taipei City,松山區,長安東路2段B,25.048308918575877,121.54492189778291,"25°02'53.91""N","121°32'41.72""E"
Taipei City,松山區,長春路B,25.054600454112347,121.54529212423122,"25°03'16.56""N","121°32'43.05""E"
Taipei City,萬華區,,25.034633594075434,121.50552143627922,"25°02'04.68""N","121°30'19.88""E"
Taipei City,萬華區,,25.036410412236958,121.50137339259962,"25°02'11.08""N","121°30'04.94""E"
Taipei City,萬華區,,25.03460235371887,121.50548604928001,"25°02'04.57""N","121°30'19.75""E"
Taipei City,萬華區,中華路2段,25.02550898622273,121.50846618279267,"25°01'31.83""N","121°30'30.48""E"
Taipei City,萬華區,中華路2段,25.024276925042642,121.51131833148557,"25°01'27.40""N","121°30'40.75""E"
Taipei City,萬華區,中華路2段416巷,25.02707369861824,121.50387797176084,"25°01'37.47""N","121°30'13.96""E"
Taipei City,萬華區,中華路一段,25.042994594791455,121.50828337408862,"25°02'34.78""N","121°30'29.82""E"
Taipei City,萬華區,中華路二段364巷17弄及24弄,25.027880095322118,121.504959584519,"25°01'40.37""N","121°30'17.85""E"
Taipei City,萬華區,內江街A,25.0417210620818,121.50246411005342,"25°02'30.20""N","121°30'08.87""E"
Taipei City,萬華區,南寧路,25.035582601761273,121.50367286153862,"25°02'08.10""N","121°30'13.22""E"
Taipei City,萬華區,南寧路,25.035548087133208,121.50363592773498,"25°02'07.97""N","121°30'13.09""E"
Taipei City,萬華區,和平西路3段,25.03512862319685,121.50067090735796,"25°02'06.46""N","121°30'02.42""E"
Taipei City,萬華區,國興路,25.02451749453802,121.50746941271795,"25°01'28.26""N","121°30'26.89""E"
Taipei City,萬華區,國興路,25.02455588334684,121.50752740223581,"25°01'28.40""N","121°30'27.10""E"
Taipei City,萬華區,國興路,25.024573920821357,121.5075542291969,"25°01'28.47""N","121°30'27.20""E"
Taipei City,萬華區,國興路,25.024583545089914,121.50756871972716,"25°01'28.50""N","121°30'27.25""E"
Taipei City,萬華區,國興路,25.02452710932161,121.50748391247694,"25°01'28.30""N","121°30'26.94""E"
Taipei City,萬華區,國興路,25.026345525056506,121.50621629997475,"25°01'34.84""N","121°30'22.38""E"
Taipei City,萬華區,國興路,25.02553569586987,121.50707094257982,"25°01'31.93""N","121°30'25.46""E"
Taipei City,萬華區,國興路,25.024546199452768,121.50751296016652,"25°01'28.37""N","121°30'27.05""E"
Taipei City,萬華區,大理街160巷26弄,25.031855837394936,121.494309382429,"25°01'54.68""N","121°29'39.51""E"
Taipei City,萬華區,寧波西街,25.023982926267156,121.51002763175424,"25°01'26.34""N","121°30'36.10""E"
Taipei City,萬華區,寧波西街,25.024011084654088,121.5100371998887,"25°01'26.44""N","121°30'36.13""E"
Taipei City,萬華區,寶興街,25.02294124085,121.49557359412354,"25°01'22.59""N","121°29'44.06""E"
Taipei City,萬華區,寶興街,25.022124249450986,121.49593103579979,"25°01'19.65""N","121°29'45.35""E"
Taipei City,萬華區,寶興街,25.027772159265183,121.4928365570044,"25°01'39.98""N","121°29'34.21""E"
Taipei City,萬華區,峨眉街B,25.04421294029782,121.50417546181167,"25°02'39.17""N","121°30'15.03""E"
Taipei City,萬華區,峨眉街B,25.044315876634688,121.50341905839397,"25°02'39.54""N","121°30'12.31""E"
Taipei City,萬華區,康定路317巷,25.0336737218108,121.50176336515058,"25°02'01.23""N","121°30'06.35""E"
Taipei City,萬華區,康定路317巷,25.033668283115333,121.5017143147733,"25°02'01.21""N","121°30'06.17""E"
Taipei City,萬華區,康定路B,25.043923589988598,121.50265226910795,"25°02'38.12""N","121°30'09.55""E"
Taipei City,萬華區,康定路B,25.04540178267123,121.50317961366738,"25°02'43.45""N","121°30'11.45""E"
Taipei City,萬華區,德昌街,25.023175601518854,121.49238846401764,"25°01'23.43""N","121°29'32.60""E"
Taipei City,萬華區,成都路B,25.043252241812265,121.50412395624454,"25°02'35.71""N","121°30'14.85""E"
Taipei City,萬華區,成都路B,25.043200983821343,121.50388356676073,"25°02'35.52""N","121°30'13.98""E"
Taipei City,萬華區,新和庭園平面停車場,25.0278604544514,121.50499156806494,"25°01'40.30""N","121°30'17.97""E"
Taipei City,萬華區,昆明街A,25.046114779259238,121.50567038570671,"25°02'46.01""N","121°30'20.41""E"
Taipei City,萬華區,昆明街B,25.04271539542959,121.5048074277584,"25°02'33.78""N","121°30'17.31""E"
Taipei City,萬華區,昆明街B,25.04058232187257,121.50440152393139,"25°02'26.10""N","121°30'15.85""E"
Taipei City,萬華區,昆明街B,25.041932261935816,121.50465799063207,"25°02'30.96""N","121°30'16.77""E"
Taipei City,萬華區,昆明街C,25.03599751027172,121.50346392389895,"25°02'09.59""N","121°30'12.47""E"
Taipei City,萬華區,昆明街C,25.035694119792957,121.50331191185715,"25°02'08.50""N","121°30'11.92""E"
Taipei City,萬華區,昆明街C,25.03762794110039,121.50379478050671,"25°02'15.46""N","121°30'13.66""E"
Taipei City,萬華區,東園街35巷,25.02745315153395,121.49620637635235,"25°01'38.83""N","121°29'46.34""E"
Taipei City,萬華區,柳州街A,25.038503287850805,121.50536144499746,"25°02'18.61""N","121°30'19.30""E"
Taipei City,萬華區,柳州街B,25.037587083208376,121.50516893371633,"25°02'15.31""N","121°30'18.61""E"
Taipei City,萬華區,桂林路A,25.038104580902345,121.503033876791,"25°02'17.18""N","121°30'10.92""E"
Taipei City,萬華區,桂林路底堤外停車場,25.038979960310904,121.49570198968533,"25°02'20.33""N","121°29'44.53""E"
Taipei City,萬華區,桂林路底堤外停車場,25.038996419674987,121.49572874423204,"25°02'20.39""N","121°29'44.62""E"
Taipei City,萬華區,桂林路底堤外停車場,25.03901287903673,121.49575549877889,"25°02'20.45""N","121°29'44.72""E"
Taipei City,萬華區,民和街,25.025773832240848,121.49858041865329,"25°01'32.79""N","121°29'54.89""E"
Taipei City,萬華區,水源快速道路,25.017714938379967,121.49323043460643,"25°01'03.77""N","121°29'35.63""E"
Taipei City,萬華區,水源快速道路,25.017731746306502,121.4932213322632,"25°01'03.83""N","121°29'35.60""E"
Taipei City,萬華區,水源快速道路,25.01781578590473,121.49317582054643,"25°01'04.14""N","121°29'35.43""E"
Taipei City,萬華區,水源快速道路,25.01778217007236,121.49319402523298,"25°01'04.02""N","121°29'35.50""E"
Taipei City,萬華區,水源快速道路,25.017765362152694,121.49320312757636,"25°01'03.96""N","121°29'35.53""E"
Taipei City,萬華區,水源快速道路,25.01783259381747,121.49316671820296,"25°01'04.20""N","121°29'35.40""E"
Taipei City,萬華區,水源快速道路,25.01779897798969,121.49318492288957,"25°01'04.08""N","121°29'35.47""E"
Taipei City,萬華區,水源快速道路,25.017748554230756,121.49321222991978,"25°01'03.89""N","121°29'35.56""E"
Taipei City,萬華區,永福街,25.038159519873776,121.50594829111913,"25°02'17.37""N","121°30'21.41""E"
Taipei City,萬華區,洛陽街,25.0472000227352,121.50909440709393,"25°02'49.92""N","121°30'32.74""E"
Taipei City,萬華區,漢口街2段,25.045953867752882,121.50586535168908,"25°02'45.43""N","121°30'21.12""E"
Taipei City,萬華區,漢口街2段,25.04543518662926,121.50759138334247,"25°02'43.57""N","121°30'27.33""E"
Taipei City,萬華區,漢口街2段,25.045311160006044,121.50858032898356,"25°02'43.12""N","121°30'30.89""E"
Taipei City,萬華區,環河南路2段250巷56弄,25.03445314690653,121.49080454934378,"25°02'04.03""N","121°29'26.90""E"
Taipei City,萬華區,環河南路2段A,25.031160322317767,121.49069727717084,"25°01'52.18""N","121°29'26.51""E"
Taipei City,萬華區,環河南路2段A,25.0312745147484,121.49058318491996,"25°01'52.59""N","121°29'26.10""E"
Taipei City,萬華區,環河南路2段A,25.035078665866045,121.49395712034585,"25°02'06.28""N","121°29'38.25""E"
Taipei City,萬華區,環河南路2段A,25.03345884002807,121.49273484772863,"25°02'00.45""N","121°29'33.85""E"
Taipei City,萬華區,環河南路2段A,25.031980916189834,121.491210468867,"25°01'55.13""N","121°29'28.36""E"
Taipei City,萬華區,環河南路2段A,25.031125085311743,121.49066630827554,"25°01'52.05""N","121°29'26.40""E"
Taipei City,萬華區,環河南路3段A,25.021592281873698,121.49221089745046,"25°01'17.73""N","121°29'31.96""E"
Taipei City,萬華區,環河南路3段A,25.022580258650148,121.49176358612061,"25°01'21.29""N","121°29'30.35""E"
Taipei City,萬華區,環河南路堤外防汛道,25.03270730044099,121.48871392786492,"25°01'57.75""N","121°29'19.37""E"
Taipei City,萬華區,環河南路堤外防汛道,25.03281492317597,121.48875538965895,"25°01'58.13""N","121°29'19.52""E"
Taipei City,萬華區,興義街,25.026083743394814,121.49100413490366,"25°01'33.90""N","121°29'27.61""E"
Taipei City,萬華區,艋舺大道,25.033031522388704,121.5017510672881,"25°01'58.91""N","121°30'06.30""E"
Taipei City,萬華區,艋舺大道,25.03336997968503,121.50337098580881,"25°02'00.13""N","121°30'12.14""E"
Taipei City,萬華區,艋舺大道,25.032974662278548,121.4971079371723,"25°01'58.71""N","121°29'49.59""E"
Taipei City,萬華區,莒光路B,25.031148951574643,121.50260839757469,"25°01'52.14""N","121°30'09.39""E"
Taipei City,萬華區,華中橋堤外（二）停車場,25.01962945092975,121.49219514853837,"25°01'10.67""N","121°29'31.90""E"
Taipei City,萬華區,華中橋堤外（二）停車場,25.01962078198374,121.49217188603797,"25°01'10.63""N","121°29'31.82""E"
Taipei City,萬華區,萬大路,25.02994531495102,121.50044629954951,"25°01'47.80""N","121°30'01.61""E"
Taipei City,萬華區,萬大路344巷,25.023929323641944,121.49963738031914,"25°01'26.15""N","121°29'58.69""E"
Taipei City,萬華區,萬華車站週邊(西園路1段203、282巷及大理街42巷),25.033775800360885,121.49960067473752,"25°02'01.59""N","121°29'58.56""E"
Taipei City,萬華區,萬華車站週邊(西園路1段203、282巷及大理街42巷),25.033901657238665,121.5001657797992,"25°02'02.05""N","121°30'00.60""E"
Taipei City,萬華區,萬華車站週邊(西園路1段203、282巷及大理街42巷),25.033734034262682,121.49866673699705,"25°02'01.44""N","121°29'55.20""E"
Taipei City,萬華區,萬華車站週邊(西園路1段203、282巷及大理街42巷),25.033647034694845,121.49891000579323,"25°02'01.13""N","121°29'56.08""E"
Taipei City,萬華區,西園路1段B,25.03800054687386,121.4995847001521,"25°02'16.80""N","121°29'58.50""E"
Taipei City,萬華區,西園路2段,25.027200613478485,121.4942389045185,"25°01'37.92""N","121°29'39.26""E"
Taipei City,萬華區,西園路2段,25.027431910324715,121.49417640714792,"25°01'38.75""N","121°29'39.04""E"
Taipei City,萬華區,西寧南路A,25.047743196889872,121.50730026923704,"25°02'51.88""N","121°30'26.28""E"
Taipei City,萬華區,西寧南路A,25.045887374515665,121.50677899914442,"25°02'45.19""N","121°30'24.40""E"
Taipei City,萬華區,西寧南路A,25.048332552056028,121.50746704520192,"25°02'54.00""N","121°30'26.88""E"
Taipei City,萬華區,西寧南路A,25.04347899277765,121.50620313955017,"25°02'36.52""N","121°30'22.33""E"
Taipei City,萬華區,西寧南路A,25.044665635881646,121.5064285749416,"25°02'40.80""N","121°30'23.14""E"
Taipei City,萬華區,西寧南路B,25.039253165341876,121.50617591982709,"25°02'21.31""N","121°30'22.23""E"
Taipei City,萬華區,西寧南路B,25.04051164327434,121.50601892629483,"25°02'25.84""N","121°30'21.67""E"
Taipei City,萬華區,西昌街,25.03943570970053,121.50067937947205,"25°02'21.97""N","121°30'02.45""E"
Taipei City,萬華區,西藏路125巷,25.028669151852142,121.50248431088629,"25°01'43.21""N","121°30'08.94""E"
Taipei City,萬華區,西藏路125巷,25.025436222291713,121.50360715691832,"25°01'31.57""N","121°30'12.99""E"
Taipei City,萬華區,西藏路B,25.029294210856712,121.50014447527994,"25°01'45.46""N","121°30'00.52""E"
Taipei City,萬華區,西藏路B,25.029506445129343,121.50030078368192,"25°01'46.22""N","121°30'01.08""E"
Taipei City,萬華區,西藏路C,25.029445017598075,121.50133087021624,"25°01'46.00""N","121°30'04.79""E"
Taipei City,萬華區,貴陽街2段A,25.039821447243146,121.50348637453303,"25°02'23.36""N","121°30'12.55""E"
Taipei City,萬華區,長沙街2段A,25.040716054591076,121.50655028161094,"25°02'26.58""N","121°30'23.58""E"
Taipei City,萬華區,長沙街2段B,25.0408672628249,121.5008903155043,"25°02'27.12""N","121°30'03.21""E"
Taipei City,萬華區,長順街123巷,25.03306601100267,121.48912042489361,"25°01'59.04""N","121°29'20.83""E"
Taipei City,萬華區,長順街60巷A,25.030951112300286,121.48854289050547,"25°01'51.42""N","121°29'18.75""E"
Taipei City,萬華區,開封街2段,25.046192382712672,121.50843437913547,"25°02'46.29""N","121°30'30.36""E"
Taipei City,萬華區,開封街2段,25.04694372654895,121.50530712837845,"25°02'49.00""N","121°30'19.11""E"
Taipei City,萬華區,雙園堤外平面停車場(小車),25.032978387578428,121.48802503727208,"25°01'58.72""N","121°29'16.89""E"
Taipei City,萬華區,雙園堤外平面停車場(小車),25.032940782761553,121.48798315071254,"25°01'58.59""N","121°29'16.74""E"
Taipei City,萬華區,雙園堤外平面停車場(小車),25.032909863626816,121.4879748590422,"25°01'58.48""N","121°29'16.71""E"
Taipei City,萬華區,雙園堤外平面停車場(小車),25.03269120539793,121.48796239395521,"25°01'57.69""N","121°29'16.66""E"
Taipei City,萬華區,雙園堤外平面停車場(小車),25.032624105474262,121.48791143667523,"25°01'57.45""N","121°29'16.48""E"
Taipei City,萬華區,雙園堤外平面停車場(小車),25.032879841501266,121.48802831326188,"25°01'58.37""N","121°29'16.90""E"
Taipei City,萬華區,雙園堤外平面停車場(小車),25.03284933801067,121.4879575156406,"25°01'58.26""N","121°29'16.65""E"
Taipei City,萬華區,雙園堤外平面停車場(小車),25.032653198290873,121.48798250380025,"25°01'57.55""N","121°29'16.74""E"
Taipei City,萬華區,雙園堤外平面停車場(小車),25.03294088658543,121.48804602494596,"25°01'58.59""N","121°29'16.97""E"
Taipei City,萬華區,雙園堤外平面停車場(小車),25.032849539581473,121.48801966629952,"25°01'58.26""N","121°29'16.87""E"
Taipei City,萬華區,雙園堤外平面停車場(小車),25.0329100039605,121.48803660486696,"25°01'58.48""N","121°29'16.93""E"
Taipei City,萬華區,雙園堤外平面停車場(小車),25.03265479696432,121.4879195408041,"25°01'57.56""N","121°29'16.51""E"
Taipei City,萬華區,雙園堤外平面停車場(小車),25.032794395484935,121.48797410551875,"25°01'58.06""N","121°29'16.71""E"
Taipei City,萬華區,雙園堤外平面停車場(小車),25.032819207372327,121.48801175680474,"25°01'58.15""N","121°29'16.84""E"
Taipei City,萬華區,雙園堤外平面停車場(小車),25.032818259016008,121.48794949514632,"25°01'58.15""N","121°29'16.62""E"
Taipei City,萬華區,雙園堤外平面停車場(小車),25.03287918821678,121.48796647083161,"25°01'58.37""N","121°29'16.68""E"
Taipei City,萬華區,雙園平面停車場,25.033406320894596,121.48882525681792,"25°02'00.26""N","121°29'19.77""E"
Taipei City,萬華區,雙園平面停車場,25.0333751329364,121.48880898927148,"25°02'00.15""N","121°29'19.71""E"
Taipei City,萬華區,青年路,25.0250132835753,121.50338859690459,"25°01'30.05""N","121°30'12.20""E"
Taipei City,萬華區,青年路,25.02223622395953,121.50267054265147,"25°01'20.05""N","121°30'09.61""E"
Taipei City,萬華區,青年路,25.0223710370846,121.5026845894927,"25°01'20.54""N","121°30'09.66""E"
Taipei City,萬華區,青年路,25.0206724244025,121.50332064427246,"25°01'14.42""N","121°30'11.95""E"
Taipei City,萬華區,青年路,25.02218673835138,121.50266604141177,"25°01'19.87""N","121°30'09.60""E"
Taipei City,萬華區,青年路,25.025169996937485,121.5035696627523,"25°01'30.61""N","121°30'12.85""E"
Taipei City,萬華區,青年路,25.022418070259913,121.50268972932304,"25°01'20.71""N","121°30'09.68""E"
Taipei City,萬華區,青年路,25.020474307545808,121.50359927164739,"25°01'13.71""N","121°30'12.96""E"
